Transaction_Amount,Merchant_Category,Payment_Method,Device_Type,Location,Is_International,Previous_Transactions,Average_Spend,Account_Age_Days,Suspicious_Keyword,Fraudulent
37.54,Travel,PayPal,POS,Bengaluru,0,94,417.4,1492,0,0
240.81,Utilities,PayPal,Mobile,Bengaluru,0,76,335.47,66,0,0
105.34,Entertainment,Debit Card,Mobile,Bengaluru,0,60,432.03,216,0,0
73.04,Utilities,NetBanking,Desktop,Kolkata,0,68,488.3,449,0,0
13.57,Utilities,Credit Card,Desktop,Bengaluru,0,57,437.03,754,0,0
13.57,Travel,Credit Card,Mobile,Mumbai,0,64,207.8,1513,0,0
4.79,Health,NetBanking,Desktop,Bengaluru,0,182,409.11,1163,0,0
160.9,Fashion,Debit Card,Mobile,Delhi,0,80,358.71,216,0,0
73.53,Travel,Debit Card,POS,Chennai,0,87,40.19,500,0,0
98.5,Grocery,Debit Card,Desktop,Mumbai,0,182,465.58,1131,0,0
1.66,Travel,Credit Card,Desktop,Pune,0,187,238.32,1992,0,0
280.28,Grocery,PayPal,Desktop,Bengaluru,0,167,75.88,1427,0,0
142.91,Utilities,Debit Card,POS,Pune,0,120,218.44,839,0,0
19.1,Entertainment,Credit Card,POS,Chennai,0,143,305.54,359,0,0
16.05,Travel,Credit Card,Desktop,Mumbai,0,79,290.74,1178,0,0
16.21,Grocery,PayPal,Mobile,Chennai,0,156,291.65,1369,0,0
29.02,Travel,NetBanking,POS,Pune,0,36,135.36,987,0,0
59.51,Entertainment,NetBanking,Desktop,Kolkata,0,54,320.02,349,0,0
45.24,Utilities,Debit Card,Desktop,Mumbai,0,145,454.63,504,0,0
27.54,Travel,Debit Card,POS,Hyderabad,1,100,200.45,1542,0,0
75.71,Food,PayPal,Mobile,Kolkata,0,86,318.98,855,0,0
12.02,Grocery,Debit Card,Desktop,Mumbai,0,22,129.55,543,0,0
27.64,Entertainment,PayPal,Mobile,Bengaluru,0,75,33.66,363,0,0
36.5,Grocery,Credit Card,Mobile,Pune,0,36,297.01,1124,0,0
48.71,Grocery,Debit Card,POS,Chennai,0,29,33.3,494,0,0
123.03,Electronics,Credit Card,Desktop,Chennai,0,183,364.56,1429,0,0
17.82,Entertainment,UPI,Desktop,Chennai,0,170,338.47,753,0,0
57.76,Travel,PayPal,Mobile,Delhi,0,160,190.97,37,0,0
71.8,Grocery,UPI,POS,Delhi,0,142,211.53,1749,0,0
3.81,Health,Debit Card,POS,Bengaluru,0,18,459.7,193,0,0
74.83,Electronics,Credit Card,POS,Hyderabad,0,38,16.44,810,0,0
14.96,Food,Debit Card,Mobile,Delhi,0,101,286.02,1348,0,0
5.38,Grocery,UPI,Mobile,Mumbai,0,34,462.45,387,1,1
237.9,Utilities,Debit Card,Desktop,Kolkata,0,121,457.85,110,0,0
269.65,Grocery,NetBanking,POS,Pune,0,173,296.48,803,0,0
132.19,Electronics,UPI,Mobile,Bengaluru,0,87,196.8,1328,0,0
29.06,Travel,Debit Card,POS,Kolkata,0,160,58.46,950,0,0
8.22,Health,Credit Card,Mobile,Hyderabad,0,110,95.15,928,0,0
92.22,Utilities,Debit Card,Desktop,Kolkata,0,67,343.04,1670,0,0
46.41,Food,Credit Card,POS,Mumbai,0,191,18.15,1874,0,0
10.41,Utilities,NetBanking,Mobile,Chennai,1,183,442.91,1593,0,0
54.68,Grocery,Debit Card,POS,Delhi,0,43,298.09,951,0,0
2.8,Travel,NetBanking,Mobile,Mumbai,0,123,32.12,1100,0,0
192.03,Entertainment,UPI,Mobile,Hyderabad,0,22,127.49,1445,0,0
23.96,Health,Credit Card,Mobile,Bengaluru,0,87,301.16,854,0,0
86.9,Entertainment,UPI,POS,Kolkata,0,196,27.44,1620,0,0
29.88,Health,Credit Card,Mobile,Mumbai,0,77,392.19,1047,0,0
58.73,Food,NetBanking,Desktop,Bengaluru,0,125,460.76,1132,0,0
63.3,Fashion,PayPal,POS,Chennai,0,96,481.0,1566,0,0
16.35,Health,Debit Card,Desktop,Hyderabad,0,122,369.49,709,0,0
279.42,Fashion,NetBanking,Desktop,Hyderabad,0,157,429.84,1076,0,0
119.38,Entertainment,Credit Card,POS,Kolkata,0,40,309.25,1281,0,0
224.41,Health,Credit Card,Mobile,Delhi,0,104,234.69,467,0,0
180.17,Food,Credit Card,Desktop,Pune,0,173,359.44,1351,0,0
72.88,Electronics,Credit Card,POS,Hyderabad,0,119,119.85,975,0,0
203.95,Food,Debit Card,Mobile,Mumbai,0,138,63.79,1313,1,0
7.41,Food,UPI,POS,Mumbai,0,173,383.31,805,0,0
17.45,Electronics,PayPal,POS,Mumbai,0,120,479.51,705,0,0
3.7,Electronics,Debit Card,POS,Chennai,0,17,292.96,39,0,0
31.48,Travel,Credit Card,Mobile,Hyderabad,0,102,246.45,1681,0,0
39.37,Health,Debit Card,Desktop,Hyderabad,0,130,271.86,187,0,0
25.32,Entertainment,NetBanking,Desktop,Mumbai,0,145,244.45,897,0,0
141.16,Travel,Credit Card,POS,Kolkata,0,108,226.68,813,0,0
35.3,Electronics,PayPal,POS,Delhi,0,90,474.05,1211,0,0
26.38,Fashion,Credit Card,Mobile,Kolkata,0,119,245.08,349,0,0
62.59,Entertainment,PayPal,POS,Delhi,0,166,49.74,1929,0,0
12.15,Fashion,PayPal,POS,Hyderabad,0,165,385.1,1255,0,0
129.64,Food,UPI,POS,Kolkata,0,63,201.87,150,0,0
6.2,Grocery,UPI,Desktop,Hyderabad,1,5,358.24,168,0,0
346.73,Food,Debit Card,POS,Bengaluru,0,25,293.99,703,0,0
118.36,Food,Debit Card,Desktop,Hyderabad,0,73,359.46,1773,0,0
17.72,Grocery,PayPal,Mobile,Kolkata,0,124,40.38,1620,0,0
0.44,Health,Credit Card,Mobile,Mumbai,0,22,26.6,1392,0,0
135.19,Electronics,NetBanking,Desktop,Pune,0,93,195.49,1313,0,0
98.17,Fashion,NetBanking,Desktop,Chennai,0,191,349.65,1486,0,0
104.45,Food,Credit Card,Desktop,Hyderabad,0,35,119.6,73,0,0
118.02,Grocery,Credit Card,Desktop,Hyderabad,0,55,222.37,1212,0,0
6.15,Travel,UPI,POS,Mumbai,0,128,490.6,845,0,0
35.51,Food,NetBanking,Desktop,Bengaluru,0,20,115.29,1408,0,0
9.85,Fashion,PayPal,Desktop,Pune,0,5,425.49,127,0,0
159.08,Electronics,Debit Card,Desktop,Hyderabad,0,167,414.48,1591,0,0
78.1,Food,UPI,POS,Delhi,0,63,446.76,1924,0,0
32.15,Food,NetBanking,POS,Delhi,0,32,458.42,1763,0,0
5.25,Health,Credit Card,POS,Delhi,0,191,258.59,1662,1,0
29.8,Utilities,NetBanking,Mobile,Chennai,0,74,344.15,268,0,0
31.47,Grocery,PayPal,POS,Chennai,0,168,313.26,504,0,0
104.63,Travel,UPI,Desktop,Pune,0,145,161.38,553,0,0
81.19,Travel,Credit Card,POS,Hyderabad,0,101,147.1,586,1,0
174.58,Entertainment,PayPal,POS,Hyderabad,0,79,177.37,1445,1,1
51.13,Electronics,Debit Card,Desktop,Hyderabad,0,160,117.04,38,0,0
10.19,Entertainment,UPI,POS,Chennai,0,23,381.12,1566,0,0
99.93,Fashion,PayPal,Mobile,Pune,0,188,482.64,1442,1,0
114.43,Electronics,PayPal,POS,Hyderabad,0,56,435.21,1892,0,0
65.91,Food,Credit Card,Mobile,Mumbai,0,137,116.79,1263,0,0
117.91,Utilities,Debit Card,Mobile,Bengaluru,1,106,35.44,1107,0,1
54.47,Food,PayPal,Mobile,Kolkata,1,69,380.98,645,0,1
59.17,Travel,UPI,Desktop,Delhi,0,190,201.2,181,0,0
44.63,Fashion,PayPal,POS,Delhi,0,192,414.06,439,0,0
2.06,Grocery,NetBanking,Mobile,Mumbai,1,22,391.83,39,0,0
9.13,Fashion,UPI,Mobile,Hyderabad,0,32,316.45,986,0,0
2.55,Food,UPI,POS,Pune,0,175,135.12,581,0,0
80.94,Grocery,PayPal,Desktop,Pune,0,2,60.98,585,0,0
30.19,Fashion,Credit Card,Desktop,Chennai,0,123,133.8,909,0,0
56.83,Utilities,UPI,Mobile,Hyderabad,0,85,259.78,297,0,0
190.5,Utilities,NetBanking,Desktop,Pune,0,180,489.94,1043,0,0
22.94,Fashion,Credit Card,POS,Hyderabad,0,14,41.21,1843,0,0
42.26,Grocery,Credit Card,Desktop,Delhi,0,37,108.04,696,0,0
112.7,Food,Credit Card,POS,Kolkata,0,27,317.37,480,0,0
20.78,Fashion,UPI,Mobile,Kolkata,0,152,159.14,623,0,1
6.41,Grocery,Credit Card,POS,Kolkata,0,64,430.67,1250,0,0
27.37,Health,PayPal,Mobile,Delhi,0,70,78.31,427,0,0
14.06,Utilities,Credit Card,POS,Chennai,0,154,481.95,950,0,0
212.4,Health,NetBanking,POS,Kolkata,0,182,457.06,1105,0,0
132.07,Food,Debit Card,Desktop,Delhi,0,15,444.89,1788,0,0
80.28,Grocery,NetBanking,POS,Hyderabad,0,29,94.8,1522,0,0
164.12,Health,UPI,Mobile,Kolkata,0,74,171.45,1421,0,0
130.24,Grocery,Credit Card,POS,Mumbai,0,28,404.01,1427,0,0
16.52,Fashion,Credit Card,Mobile,Chennai,0,59,405.83,1112,0,0
178.47,Food,PayPal,Mobile,Mumbai,0,73,355.54,323,0,0
62.01,Health,Credit Card,POS,Hyderabad,0,149,229.54,817,0,0
131.79,Entertainment,NetBanking,Desktop,Chennai,0,10,162.68,1899,0,0
181.14,Fashion,UPI,POS,Mumbai,0,132,481.85,1841,0,0
30.62,Utilities,Debit Card,POS,Chennai,0,62,78.24,981,0,0
9.33,Entertainment,Credit Card,Desktop,Hyderabad,0,132,31.44,898,0,1
20.69,Entertainment,Debit Card,Mobile,Pune,0,127,14.47,139,0,0
44.56,Electronics,Credit Card,POS,Kolkata,0,6,389.76,1595,0,0
136.31,Electronics,UPI,Desktop,Chennai,0,80,37.79,136,0,0
157.71,Food,NetBanking,Desktop,Kolkata,0,72,273.94,1042,0,0
0.56,Health,UPI,Mobile,Kolkata,0,16,189.97,326,0,0
57.19,Health,Debit Card,Desktop,Pune,0,38,81.98,1905,0,0
43.22,Health,Credit Card,Mobile,Hyderabad,0,177,372.89,868,0,0
20.09,Grocery,Debit Card,POS,Chennai,0,189,36.95,1884,0,0
10.21,Fashion,NetBanking,Desktop,Chennai,0,65,166.01,1148,0,0
32.95,Health,UPI,POS,Pune,0,126,285.47,1850,0,0
229.05,Fashion,Debit Card,Desktop,Delhi,0,83,207.18,1772,0,0
31.23,Food,Debit Card,Desktop,Pune,0,178,136.98,1014,0,0
58.52,Entertainment,NetBanking,POS,Pune,1,17,463.74,874,0,0
97.13,Health,Credit Card,Desktop,Pune,0,113,466.18,1737,0,0
36.16,Food,Debit Card,POS,Hyderabad,1,156,213.89,1525,0,0
285.42,Health,NetBanking,POS,Bengaluru,0,172,202.93,108,1,1
262.56,Electronics,Credit Card,Mobile,Pune,0,140,160.62,1303,0,0
23.2,Travel,Credit Card,POS,Chennai,0,70,429.32,759,0,1
55.01,Food,UPI,Mobile,Mumbai,0,71,288.28,368,0,0
28.63,Health,NetBanking,POS,Delhi,0,131,53.87,86,0,0
26.82,Utilities,Credit Card,Desktop,Pune,0,49,428.13,949,0,0
3.01,Travel,UPI,POS,Pune,1,21,272.09,176,0,0
75.24,Food,PayPal,Desktop,Delhi,0,136,213.64,775,0,0
55.88,Utilities,NetBanking,Mobile,Pune,0,64,175.55,1070,0,0
4.23,Utilities,PayPal,Desktop,Chennai,0,187,58.72,397,0,0
26.13,Grocery,Credit Card,POS,Bengaluru,1,158,478.78,738,0,1
191.11,Utilities,NetBanking,Desktop,Pune,0,32,373.21,1242,0,0
21.91,Health,UPI,Mobile,Delhi,0,20,74.57,1697,0,0
12.52,Grocery,Credit Card,Desktop,Pune,0,16,260.52,277,0,0
53.78,Electronics,NetBanking,Desktop,Hyderabad,0,153,282.23,179,0,0
339.52,Health,NetBanking,POS,Chennai,1,60,92.27,743,0,0
22.17,Entertainment,PayPal,POS,Chennai,0,173,219.34,1266,0,0
89.21,Utilities,Credit Card,Desktop,Bengaluru,0,137,326.42,246,0,0
114.71,Electronics,UPI,Mobile,Hyderabad,0,179,149.17,1059,0,0
21.71,Travel,UPI,Desktop,Hyderabad,0,103,172.49,699,0,0
104.22,Food,Credit Card,Mobile,Bengaluru,0,61,69.79,890,0,0
36.68,Utilities,Credit Card,Mobile,Kolkata,0,168,212.49,1640,0,0
80.04,Fashion,Debit Card,Mobile,Kolkata,0,104,296.09,1448,0,0
80.31,Electronics,PayPal,Desktop,Mumbai,0,61,67.1,1816,1,1
61.39,Fashion,Credit Card,Mobile,Kolkata,0,195,311.24,333,0,0
7.57,Utilities,Credit Card,Desktop,Pune,0,76,204.92,1611,0,0
144.29,Fashion,Debit Card,Mobile,Hyderabad,1,15,342.31,1464,0,0
30.94,Utilities,Debit Card,Mobile,Mumbai,1,181,164.27,432,0,0
16.51,Food,NetBanking,Desktop,Mumbai,0,132,288.56,1907,0,0
3.33,Travel,UPI,POS,Chennai,0,151,310.27,889,0,1
71.5,Food,PayPal,POS,Pune,0,155,348.35,1880,0,0
90.55,Health,NetBanking,Desktop,Chennai,0,103,380.9,409,0,0
1.34,Electronics,Credit Card,Desktop,Delhi,0,165,76.81,481,0,0
57.41,Fashion,Debit Card,POS,Kolkata,0,171,482.97,1282,0,0
20.55,Food,UPI,POS,Chennai,0,165,423.39,723,0,1
82.89,Utilities,NetBanking,POS,Hyderabad,0,157,285.54,1558,0,0
15.33,Food,UPI,Desktop,Hyderabad,0,157,446.28,1648,0,0
93.94,Food,Debit Card,Mobile,Pune,0,177,197.39,174,0,0
39.12,Electronics,NetBanking,Desktop,Mumbai,0,75,26.8,79,0,0
220.83,Travel,NetBanking,POS,Hyderabad,0,179,366.25,1477,0,0
11.84,Entertainment,UPI,Mobile,Kolkata,0,178,472.24,1153,0,0
33.37,Food,Debit Card,Desktop,Chennai,0,28,89.31,372,0,0
9.64,Electronics,Credit Card,POS,Kolkata,0,74,325.5,911,0,0
206.9,Fashion,NetBanking,Desktop,Chennai,0,133,408.58,1785,0,0
167.87,Utilities,Credit Card,Mobile,Pune,0,125,453.48,1704,0,0
23.87,Health,Debit Card,POS,Kolkata,0,56,145.5,919,0,0
86.3,Entertainment,NetBanking,Desktop,Chennai,0,64,73.08,1579,0,0
135.96,Grocery,NetBanking,Mobile,Kolkata,1,127,131.45,1066,0,1
64.81,Entertainment,Credit Card,Mobile,Bengaluru,0,121,293.08,1909,1,0
60.34,Utilities,PayPal,Desktop,Pune,0,89,460.18,791,0,0
22.15,Entertainment,Credit Card,Mobile,Pune,0,17,295.44,877,0,0
7.82,Utilities,Credit Card,POS,Hyderabad,0,97,460.61,953,1,0
182.01,Electronics,PayPal,Mobile,Pune,0,55,387.32,1225,0,0
184.54,Grocery,Debit Card,Desktop,Delhi,0,137,303.21,1542,0,0
80.21,Food,Debit Card,POS,Hyderabad,0,196,20.68,1884,0,0
33.12,Food,NetBanking,Mobile,Hyderabad,0,110,173.21,1412,0,0
34.37,Entertainment,UPI,Mobile,Kolkata,0,16,38.16,1159,0,0
103.56,Electronics,UPI,POS,Bengaluru,0,144,167.9,218,0,0
181.93,Grocery,NetBanking,POS,Hyderabad,0,13,40.54,1582,0,0
174.49,Food,UPI,Mobile,Mumbai,0,78,92.23,1103,1,1
121.08,Fashion,Credit Card,POS,Chennai,1,85,211.24,1302,1,1
82.18,Travel,Credit Card,Desktop,Chennai,0,73,262.29,439,0,0
7.03,Travel,PayPal,Mobile,Pune,0,191,116.4,1444,0,0
14.1,Food,PayPal,Desktop,Kolkata,0,119,368.96,1432,0,0
183.06,Grocery,NetBanking,Mobile,Bengaluru,0,169,299.28,256,0,0
74.6,Health,NetBanking,Desktop,Chennai,0,181,348.96,1644,0,0
0.74,Food,NetBanking,Desktop,Mumbai,0,68,369.06,1837,0,0
8.56,Health,Credit Card,POS,Bengaluru,0,74,366.19,242,0,0
87.13,Health,UPI,Mobile,Delhi,1,99,468.75,1582,0,0
0.41,Utilities,NetBanking,POS,Chennai,0,117,126.24,1034,0,0
14.03,Utilities,NetBanking,POS,Hyderabad,0,137,142.38,1399,0,0
63.66,Grocery,Credit Card,Mobile,Mumbai,0,179,56.16,448,0,0
94.19,Health,Credit Card,Desktop,Kolkata,0,176,300.37,1816,0,0
84.44,Fashion,Credit Card,Mobile,Kolkata,0,177,203.64,1905,0,0
20.32,Grocery,UPI,Mobile,Mumbai,0,146,253.14,1137,0,1
99.63,Food,NetBanking,Mobile,Chennai,0,138,93.21,948,0,0
21.67,Entertainment,Debit Card,POS,Pune,1,115,328.04,1250,0,1
31.49,Fashion,Debit Card,Mobile,Delhi,0,54,313.32,806,0,0
109.79,Electronics,NetBanking,Mobile,Hyderabad,0,79,139.74,1583,0,0
83.9,Travel,NetBanking,Mobile,Delhi,0,15,238.05,250,0,0
151.36,Food,NetBanking,Desktop,Delhi,0,139,448.21,1896,0,0
85.75,Food,NetBanking,Desktop,Chennai,0,168,389.01,1800,0,0
67.2,Food,UPI,Desktop,Hyderabad,0,118,121.2,205,0,0
7.87,Fashion,Debit Card,Desktop,Chennai,0,112,440.64,613,0,0
36.67,Electronics,PayPal,POS,Chennai,0,106,42.98,1656,0,0
24.65,Entertainment,Debit Card,POS,Pune,0,105,212.82,1375,0,0
22.38,Grocery,Debit Card,Mobile,Mumbai,0,47,49.26,564,1,0
288.98,Utilities,Credit Card,POS,Kolkata,0,118,462.86,754,0,0
39.95,Electronics,NetBanking,Desktop,Pune,0,126,29.94,1447,0,0
178.08,Fashion,NetBanking,Mobile,Kolkata,0,148,84.11,1859,0,0
79.79,Food,NetBanking,Mobile,Pune,0,98,458.37,1693,0,0
126.71,Travel,Credit Card,Desktop,Chennai,0,150,295.26,1624,0,0
55.87,Food,UPI,Desktop,Pune,0,48,399.64,353,0,0
68.81,Grocery,UPI,Desktop,Kolkata,1,82,18.04,114,0,1
54.26,Health,PayPal,POS,Pune,0,16,215.36,1049,0,0
17.38,Travel,UPI,Mobile,Bengaluru,0,133,492.39,1794,0,0
102.54,Food,UPI,Desktop,Hyderabad,0,193,294.11,916,0,0
26.37,Entertainment,NetBanking,Mobile,Mumbai,0,74,426.34,1480,0,0
1.97,Travel,Debit Card,Mobile,Kolkata,0,21,482.14,1321,0,0
82.96,Health,UPI,POS,Hyderabad,0,61,345.67,141,0,0
15.59,Utilities,UPI,Mobile,Mumbai,0,183,170.54,657,0,0
225.69,Electronics,Credit Card,Desktop,Bengaluru,0,24,161.22,978,0,0
246.2,Fashion,PayPal,Desktop,Chennai,0,23,44.93,779,0,0
197.08,Utilities,Credit Card,Mobile,Kolkata,0,87,219.61,1451,0,1
36.98,Food,NetBanking,Mobile,Mumbai,0,139,458.54,81,0,0
1.25,Grocery,Debit Card,POS,Mumbai,0,175,244.25,113,0,0
210.84,Electronics,PayPal,Desktop,Mumbai,0,2,456.39,1676,1,0
44.72,Utilities,Credit Card,Desktop,Bengaluru,0,198,410.4,741,0,0
272.07,Food,UPI,Mobile,Hyderabad,0,53,492.25,760,0,0
265.1,Electronics,UPI,Mobile,Bengaluru,0,139,474.37,770,0,0
153.39,Utilities,PayPal,Mobile,Mumbai,0,15,356.18,858,0,0
27.9,Grocery,UPI,Desktop,Pune,0,140,436.9,454,0,0
38.9,Food,Credit Card,Mobile,Mumbai,1,122,376.56,1074,0,0
152.38,Health,Credit Card,POS,Pune,0,123,354.66,1741,0,0
30.49,Health,UPI,POS,Chennai,1,164,360.62,85,0,0
14.86,Grocery,UPI,Mobile,Bengaluru,0,92,363.31,1344,0,0
65.1,Travel,NetBanking,POS,Pune,0,23,195.92,841,1,0
220.1,Grocery,Debit Card,POS,Bengaluru,0,155,217.55,836,0,0
95.27,Travel,PayPal,POS,Delhi,0,88,154.09,1038,0,0
67.53,Food,Credit Card,POS,Hyderabad,0,142,82.65,684,0,0
8.18,Utilities,PayPal,POS,Delhi,0,182,234.64,1036,0,1
76.36,Travel,NetBanking,Desktop,Pune,0,99,450.98,937,0,0
368.85,Food,Credit Card,Mobile,Delhi,0,27,329.12,1426,0,1
12.07,Food,NetBanking,POS,Kolkata,0,21,37.53,1791,0,0
58.44,Entertainment,NetBanking,Mobile,Hyderabad,0,49,407.49,37,0,0
167.89,Fashion,UPI,POS,Pune,0,190,468.35,153,0,1
108.0,Food,PayPal,Desktop,Chennai,0,44,416.42,1811,0,0
95.53,Travel,PayPal,Desktop,Chennai,0,44,366.5,1154,0,0
96.98,Fashion,UPI,POS,Hyderabad,0,128,83.56,1019,0,0
35.64,Fashion,PayPal,POS,Hyderabad,0,189,181.01,864,0,1
27.8,Food,UPI,POS,Pune,0,170,286.99,1915,0,0
132.59,Grocery,Credit Card,Desktop,Bengaluru,0,23,47.66,1146,0,0
132.91,Grocery,NetBanking,Desktop,Kolkata,0,129,62.07,1438,0,0
161.44,Health,NetBanking,Mobile,Pune,0,125,467.78,795,0,0
195.57,Fashion,PayPal,Desktop,Bengaluru,0,36,354.32,1133,0,0
57.29,Food,Debit Card,POS,Bengaluru,0,55,144.79,1351,0,0
55.69,Entertainment,NetBanking,Mobile,Bengaluru,0,110,170.41,60,0,0
128.08,Grocery,UPI,Desktop,Pune,0,16,198.37,407,0,1
83.98,Entertainment,Debit Card,Desktop,Mumbai,0,89,46.78,359,0,0
96.84,Food,Debit Card,POS,Mumbai,0,18,372.2,1979,0,0
127.09,Food,NetBanking,Mobile,Chennai,0,38,96.65,1352,0,0
176.59,Utilities,NetBanking,Desktop,Mumbai,0,195,404.51,311,0,0
33.0,Fashion,NetBanking,Desktop,Mumbai,0,20,424.48,1065,0,0
37.67,Utilities,UPI,POS,Bengaluru,0,19,322.83,668,0,0
7.9,Entertainment,Debit Card,Mobile,Bengaluru,0,13,387.23,901,0,1
69.07,Utilities,PayPal,Mobile,Hyderabad,0,17,94.2,728,0,0
2.93,Health,UPI,Mobile,Bengaluru,0,30,292.21,98,0,0
50.13,Fashion,Credit Card,Mobile,Pune,0,43,341.63,870,0,0
62.58,Electronics,NetBanking,POS,Hyderabad,0,48,334.16,1576,0,0
27.01,Utilities,Debit Card,Desktop,Kolkata,0,43,67.47,1868,0,0
71.49,Entertainment,UPI,Desktop,Hyderabad,0,93,178.75,52,0,0
2.48,Grocery,Credit Card,Mobile,Mumbai,0,114,169.27,366,0,0
3.05,Grocery,UPI,Mobile,Bengaluru,0,66,290.54,456,0,0
138.35,Grocery,UPI,Mobile,Mumbai,0,119,384.97,874,0,0
35.73,Travel,PayPal,Desktop,Bengaluru,0,53,289.59,238,0,0
10.87,Food,PayPal,Desktop,Mumbai,0,72,379.87,244,0,0
59.09,Fashion,UPI,Mobile,Kolkata,0,78,58.49,664,0,0
117.57,Grocery,Credit Card,POS,Mumbai,0,162,440.29,452,1,1
19.45,Electronics,Debit Card,Desktop,Mumbai,0,74,272.94,102,1,0
78.02,Grocery,Debit Card,Desktop,Pune,0,72,28.37,1775,0,0
7.14,Health,NetBanking,Mobile,Kolkata,0,199,325.17,852,0,0
4.25,Food,NetBanking,POS,Chennai,0,13,263.5,815,0,0
60.63,Entertainment,Debit Card,Mobile,Kolkata,1,184,117.98,1659,0,0
62.23,Food,UPI,Mobile,Mumbai,0,59,384.57,967,1,0
81.16,Utilities,UPI,POS,Delhi,0,32,467.45,1801,0,0
103.6,Entertainment,PayPal,POS,Delhi,0,83,168.11,1719,0,0
297.88,Entertainment,PayPal,POS,Delhi,1,120,252.02,1327,0,0
58.1,Utilities,NetBanking,Desktop,Pune,0,54,72.81,1778,0,0
31.2,Fashion,Debit Card,Mobile,Hyderabad,0,2,465.6,1693,0,0
126.85,Utilities,UPI,Desktop,Mumbai,0,118,166.21,1286,0,0
25.27,Travel,Debit Card,POS,Kolkata,0,37,105.44,1094,0,0
46.24,Entertainment,Credit Card,Desktop,Delhi,0,97,244.43,1991,0,0
6.54,Entertainment,Debit Card,POS,Pune,0,103,31.21,318,0,0
2.05,Utilities,Credit Card,POS,Hyderabad,0,114,133.89,584,0,0
262.99,Fashion,PayPal,Mobile,Delhi,0,161,43.15,1323,0,0
144.62,Grocery,PayPal,Mobile,Bengaluru,0,1,72.41,468,0,0
95.25,Health,NetBanking,Mobile,Chennai,0,128,64.96,1367,0,0
42.07,Electronics,Debit Card,Desktop,Mumbai,0,103,437.49,1563,0,0
15.22,Fashion,Debit Card,Mobile,Chennai,1,156,465.91,1447,0,0
13.61,Travel,Credit Card,POS,Chennai,0,145,242.52,57,0,0
23.04,Fashion,PayPal,Mobile,Bengaluru,0,57,318.9,299,0,0
63.74,Food,Credit Card,Desktop,Bengaluru,0,70,350.99,1520,0,0
100.31,Grocery,PayPal,Mobile,Bengaluru,0,180,201.74,1975,0,0
86.35,Grocery,Credit Card,Mobile,Hyderabad,0,44,191.4,103,0,0
26.27,Entertainment,PayPal,Mobile,Delhi,0,175,341.03,1710,0,0
247.85,Grocery,Credit Card,Desktop,Kolkata,0,141,194.59,703,0,0
107.12,Grocery,PayPal,POS,Mumbai,0,76,294.69,275,0,0
64.66,Utilities,Credit Card,POS,Bengaluru,0,158,262.44,1835,0,0
75.68,Grocery,Debit Card,POS,Pune,0,85,266.99,439,1,0
43.52,Grocery,NetBanking,Mobile,Mumbai,0,66,416.39,527,0,0
22.77,Electronics,Credit Card,Mobile,Kolkata,1,53,354.99,1471,0,1
35.2,Travel,NetBanking,Desktop,Mumbai,0,18,480.73,1041,0,0
113.45,Entertainment,Debit Card,POS,Mumbai,0,28,397.58,240,0,0
1.16,Utilities,Debit Card,Mobile,Bengaluru,0,132,81.44,821,0,0
9.87,Grocery,PayPal,Mobile,Bengaluru,0,42,371.86,1276,0,0
3.77,Entertainment,NetBanking,Mobile,Delhi,0,126,336.17,389,0,0
3.33,Travel,UPI,Desktop,Kolkata,0,117,326.56,611,0,0
154.74,Utilities,PayPal,POS,Bengaluru,0,134,245.56,1073,0,0
97.3,Health,NetBanking,Desktop,Bengaluru,0,102,40.61,452,0,0
51.42,Grocery,Credit Card,POS,Mumbai,0,137,476.23,150,1,0
8.24,Entertainment,Credit Card,POS,Delhi,0,148,427.44,202,0,0
54.12,Fashion,Debit Card,Mobile,Chennai,0,38,248.54,63,0,0
51.32,Utilities,UPI,Mobile,Bengaluru,0,196,87.7,947,0,0
15.22,Utilities,Credit Card,Mobile,Pune,0,50,413.99,100,1,1
45.51,Entertainment,NetBanking,Mobile,Bengaluru,1,60,221.03,574,0,1
40.67,Grocery,NetBanking,Mobile,Chennai,0,141,201.16,803,0,0
76.54,Food,Credit Card,POS,Mumbai,0,119,336.04,813,0,0
80.65,Electronics,NetBanking,Mobile,Kolkata,0,99,381.75,997,0,0
3.71,Fashion,NetBanking,Mobile,Delhi,0,94,40.79,1674,0,1
37.55,Fashion,Debit Card,Desktop,Mumbai,0,170,386.1,564,0,1
78.65,Food,UPI,Desktop,Kolkata,0,68,369.63,1711,0,0
55.96,Grocery,Debit Card,POS,Hyderabad,0,153,298.71,43,0,0
155.31,Utilities,UPI,POS,Bengaluru,0,159,175.83,1359,0,0
86.0,Utilities,NetBanking,Desktop,Kolkata,0,140,90.75,1882,0,0
14.23,Electronics,UPI,Desktop,Pune,0,64,60.3,1601,0,0
5.85,Fashion,NetBanking,Mobile,Kolkata,0,79,10.58,300,0,0
82.27,Electronics,NetBanking,Mobile,Hyderabad,0,189,111.17,1826,0,0
2.15,Fashion,Debit Card,POS,Bengaluru,0,53,211.56,1106,0,0
70.51,Grocery,Debit Card,Desktop,Hyderabad,1,26,129.39,1547,0,0
225.38,Health,PayPal,POS,Chennai,0,189,161.4,1613,0,0
68.54,Fashion,Credit Card,Mobile,Bengaluru,0,138,201.32,492,0,0
39.3,Health,PayPal,POS,Pune,0,140,161.05,552,0,0
82.47,Fashion,PayPal,POS,Bengaluru,0,150,365.06,799,1,0
49.04,Utilities,UPI,POS,Hyderabad,0,181,250.95,884,0,0
63.11,Travel,NetBanking,Mobile,Delhi,0,21,19.47,821,0,0
227.05,Grocery,NetBanking,POS,Hyderabad,0,163,121.07,1775,0,0
39.03,Food,NetBanking,Mobile,Bengaluru,1,71,357.73,1377,0,0
259.93,Health,Credit Card,Desktop,Bengaluru,0,82,157.46,1900,0,0
188.61,Food,UPI,POS,Kolkata,0,155,460.87,1577,0,0
17.43,Grocery,UPI,POS,Delhi,0,60,359.21,472,0,0
5.75,Entertainment,NetBanking,Mobile,Mumbai,0,99,152.06,280,0,0
8.5,Food,PayPal,POS,Delhi,0,47,263.04,1888,0,0
1.47,Grocery,Credit Card,Mobile,Mumbai,0,194,336.95,189,0,0
7.94,Utilities,PayPal,POS,Pune,0,143,104.75,65,0,0
91.91,Food,Debit Card,Desktop,Bengaluru,0,24,130.63,1714,1,0
5.91,Health,UPI,Desktop,Kolkata,0,10,258.49,909,0,0
30.73,Travel,UPI,Desktop,Chennai,0,120,463.2,1251,0,0
149.08,Food,PayPal,POS,Chennai,0,152,178.57,1503,0,0
1.88,Health,Credit Card,POS,Hyderabad,0,88,207.04,1431,0,0
134.76,Fashion,UPI,Desktop,Delhi,0,104,103.4,1299,0,0
26.49,Grocery,PayPal,Desktop,Delhi,0,124,300.67,422,0,0
10.06,Electronics,Credit Card,Mobile,Chennai,0,185,372.67,1257,0,0
95.45,Entertainment,PayPal,Mobile,Mumbai,0,34,225.91,73,0,0
79.31,Utilities,Credit Card,Desktop,Delhi,0,41,377.62,344,0,0
167.95,Electronics,NetBanking,Desktop,Mumbai,0,168,158.28,437,0,0
106.26,Utilities,Credit Card,POS,Mumbai,1,11,356.42,924,0,0
130.16,Grocery,Debit Card,Desktop,Mumbai,0,1,136.59,1884,0,0
26.51,Utilities,NetBanking,Mobile,Mumbai,0,158,392.52,235,0,0
15.63,Travel,PayPal,Mobile,Kolkata,0,171,417.01,1294,0,0
111.1,Food,NetBanking,Mobile,Hyderabad,0,82,400.88,70,0,0
131.54,Travel,NetBanking,Mobile,Hyderabad,0,26,115.58,617,0,0
372.56,Electronics,PayPal,Mobile,Kolkata,0,53,350.18,743,0,0
42.57,Entertainment,PayPal,Mobile,Chennai,1,125,273.88,1416,0,1
37.22,Health,Debit Card,Desktop,Hyderabad,0,175,493.16,927,0,0
119.84,Entertainment,PayPal,Mobile,Pune,0,9,187.17,124,0,0
33.34,Grocery,UPI,Mobile,Kolkata,0,9,387.91,569,0,0
213.61,Grocery,UPI,Mobile,Delhi,0,129,191.34,1197,0,0
156.39,Travel,Debit Card,Mobile,Pune,0,199,204.46,88,0,0
44.83,Health,Credit Card,Desktop,Kolkata,0,172,64.39,1694,0,0
111.18,Travel,Credit Card,POS,Hyderabad,0,59,127.43,883,0,0
112.37,Food,UPI,POS,Delhi,0,184,90.6,538,0,0
8.71,Fashion,PayPal,POS,Delhi,0,106,88.01,542,0,0
186.28,Health,Debit Card,POS,Mumbai,0,179,14.42,828,0,0
56.3,Fashion,Credit Card,Mobile,Chennai,0,125,398.95,1075,0,0
140.11,Entertainment,Credit Card,POS,Mumbai,0,16,239.29,767,0,0
30.86,Food,NetBanking,POS,Kolkata,0,38,404.04,1257,0,1
180.7,Utilities,UPI,Desktop,Mumbai,0,139,310.15,728,0,0
39.44,Utilities,PayPal,Desktop,Pune,0,153,417.36,916,0,0
0.87,Fashion,Debit Card,Desktop,Hyderabad,0,59,256.84,500,0,0
188.63,Electronics,Credit Card,Mobile,Pune,0,29,56.08,313,0,0
7.66,Entertainment,NetBanking,Mobile,Hyderabad,0,168,312.21,401,0,0
30.77,Fashion,UPI,Mobile,Pune,0,8,342.1,1551,0,0
239.76,Food,UPI,Desktop,Delhi,0,98,316.99,1385,0,0
240.64,Fashion,Debit Card,POS,Hyderabad,0,134,402.65,1080,0,0
68.16,Grocery,Credit Card,Desktop,Hyderabad,0,173,368.43,884,0,1
79.94,Travel,Debit Card,Mobile,Pune,0,109,221.99,158,0,0
47.6,Electronics,Debit Card,Desktop,Bengaluru,1,181,411.36,1433,0,1
27.76,Grocery,NetBanking,POS,Delhi,0,108,348.98,536,0,0
31.88,Grocery,UPI,Mobile,Kolkata,0,149,68.98,1928,0,0
89.31,Food,PayPal,POS,Delhi,0,57,274.54,1951,0,1
111.67,Travel,UPI,POS,Kolkata,0,76,366.99,1148,0,0
125.46,Travel,UPI,Mobile,Bengaluru,0,113,281.11,607,0,1
124.71,Health,NetBanking,POS,Pune,1,6,475.02,1230,0,0
7.65,Entertainment,PayPal,Desktop,Pune,0,191,59.73,502,0,0
54.56,Electronics,Credit Card,POS,Delhi,0,124,363.94,1539,0,0
4.74,Entertainment,PayPal,POS,Pune,0,134,413.98,1037,0,0
63.8,Food,Credit Card,POS,Chennai,0,53,354.3,1328,0,0
46.6,Electronics,PayPal,Desktop,Chennai,0,132,198.94,697,0,0
174.93,Health,Debit Card,POS,Kolkata,0,9,198.89,1476,0,0
34.58,Fashion,PayPal,POS,Bengaluru,0,69,297.42,1584,1,0
9.96,Grocery,NetBanking,Desktop,Hyderabad,0,74,204.58,1948,0,0
12.34,Electronics,Credit Card,Mobile,Chennai,0,111,442.76,1937,0,0
114.67,Entertainment,UPI,Mobile,Kolkata,0,87,63.87,349,0,0
77.03,Grocery,NetBanking,Mobile,Pune,0,4,323.19,87,0,0
8.53,Food,Credit Card,POS,Bengaluru,0,186,75.72,302,0,0
7.03,Entertainment,Credit Card,Mobile,Kolkata,0,37,274.68,1251,1,0
96.58,Fashion,UPI,Desktop,Kolkata,0,71,360.63,1132,0,0
6.04,Food,Debit Card,POS,Chennai,0,6,91.1,1011,0,0
138.01,Utilities,NetBanking,POS,Mumbai,0,51,354.98,70,0,0
98.0,Fashion,UPI,POS,Bengaluru,0,99,78.59,767,0,0
6.79,Fashion,UPI,Mobile,Delhi,0,178,314.07,1826,0,0
7.09,Grocery,Debit Card,Mobile,Kolkata,0,96,257.72,1298,0,0
345.24,Food,NetBanking,Mobile,Chennai,0,142,156.06,1076,0,0
37.51,Food,UPI,POS,Delhi,0,11,64.66,738,0,0
37.04,Electronics,Debit Card,Desktop,Bengaluru,0,10,370.57,265,0,0
134.05,Entertainment,NetBanking,POS,Chennai,0,189,197.08,155,0,0
235.37,Utilities,PayPal,Desktop,Delhi,0,13,52.4,807,0,0
341.5,Food,Credit Card,POS,Hyderabad,0,121,388.67,865,0,0
111.99,Electronics,Debit Card,Desktop,Kolkata,0,162,124.12,169,0,0
37.76,Utilities,Credit Card,POS,Hyderabad,0,60,370.86,908,0,0
6.98,Travel,PayPal,POS,Mumbai,0,179,286.8,423,0,0
120.1,Travel,UPI,Desktop,Pune,0,5,105.32,857,0,0
65.39,Utilities,UPI,Desktop,Bengaluru,0,160,47.44,156,0,0
44.16,Travel,NetBanking,Desktop,Pune,0,12,300.69,1851,0,0
189.46,Health,Debit Card,Desktop,Pune,0,180,22.35,1167,0,0
9.43,Food,Debit Card,Desktop,Delhi,0,141,42.08,1973,0,0
54.28,Health,NetBanking,Desktop,Mumbai,0,85,354.09,866,0,0
0.91,Entertainment,Credit Card,Desktop,Bengaluru,0,182,274.05,554,0,0
50.59,Food,UPI,Desktop,Hyderabad,0,117,169.88,1281,0,0
4.64,Electronics,UPI,POS,Pune,0,122,274.22,1574,0,0
10.12,Health,Debit Card,Desktop,Delhi,0,182,299.91,175,0,0
10.0,Health,Debit Card,Desktop,Pune,1,41,286.99,1216,0,1
83.81,Entertainment,NetBanking,POS,Chennai,0,48,324.85,764,0,0
109.65,Health,PayPal,POS,Hyderabad,0,51,470.74,757,0,0
70.04,Fashion,Credit Card,Mobile,Pune,0,175,200.5,1953,0,1
261.98,Electronics,PayPal,Mobile,Chennai,0,178,157.56,198,0,0
37.58,Travel,PayPal,Desktop,Chennai,1,118,28.83,1591,0,0
26.92,Electronics,Debit Card,Desktop,Delhi,0,96,82.07,1178,0,0
162.36,Fashion,Debit Card,Mobile,Delhi,0,76,62.06,329,0,0
20.25,Entertainment,Debit Card,Mobile,Chennai,0,46,174.37,1303,0,0
264.23,Entertainment,PayPal,Desktop,Mumbai,0,100,308.9,967,0,0
0.98,Food,Credit Card,Mobile,Pune,0,38,32.7,551,0,0
280.2,Electronics,Debit Card,Desktop,Chennai,0,92,366.56,134,0,0
3.53,Utilities,UPI,POS,Chennai,0,141,204.74,647,0,0
177.42,Utilities,Credit Card,POS,Delhi,0,150,482.12,998,0,0
60.01,Entertainment,UPI,Mobile,Pune,0,130,288.51,1566,1,0
396.55,Health,Credit Card,POS,Bengaluru,0,93,387.97,1747,0,0
6.13,Entertainment,Debit Card,POS,Hyderabad,0,77,431.98,1965,0,0
64.57,Entertainment,NetBanking,POS,Delhi,0,13,445.53,535,0,0
278.69,Entertainment,Debit Card,POS,Pune,0,57,264.05,331,0,0
59.24,Entertainment,PayPal,Desktop,Pune,0,162,204.4,682,0,0
79.41,Utilities,PayPal,Desktop,Kolkata,0,147,284.65,1283,0,0
95.19,Utilities,Credit Card,Mobile,Mumbai,0,137,207.01,93,0,0
48.49,Travel,PayPal,POS,Hyderabad,0,116,127.95,619,0,1
79.01,Travel,Debit Card,POS,Delhi,0,95,168.72,261,0,0
70.23,Food,UPI,POS,Delhi,0,161,124.06,1652,0,0
185.14,Entertainment,Debit Card,Mobile,Bengaluru,0,155,142.02,1236,0,0
3.72,Utilities,Credit Card,Desktop,Kolkata,0,173,55.87,348,0,0
26.39,Electronics,PayPal,POS,Kolkata,0,130,218.97,1711,0,0
240.32,Fashion,UPI,Desktop,Mumbai,0,79,125.29,858,0,0
176.77,Food,NetBanking,Mobile,Kolkata,0,57,229.7,121,0,0
48.65,Utilities,UPI,Desktop,Mumbai,0,95,398.18,1688,0,0
77.43,Electronics,UPI,POS,Pune,0,57,229.67,1841,0,0
25.99,Entertainment,Debit Card,Desktop,Pune,0,144,477.76,990,0,0
16.67,Grocery,NetBanking,Desktop,Delhi,0,107,82.44,93,0,0
49.84,Entertainment,Credit Card,Mobile,Bengaluru,0,79,426.63,873,1,1
34.88,Travel,Credit Card,Mobile,Delhi,0,134,131.65,248,0,0
70.1,Fashion,UPI,Mobile,Kolkata,1,14,467.63,733,0,0
6.47,Utilities,UPI,Mobile,Chennai,0,27,121.3,648,0,0
293.2,Utilities,PayPal,Desktop,Pune,0,38,376.01,1962,0,0
342.71,Health,NetBanking,Desktop,Chennai,0,147,40.44,276,0,0
95.83,Fashion,UPI,Mobile,Kolkata,0,165,318.61,993,1,1
61.45,Health,PayPal,Mobile,Bengaluru,0,127,117.15,1526,0,0
29.63,Fashion,NetBanking,POS,Delhi,0,4,338.38,1043,0,1
134.47,Travel,Credit Card,POS,Pune,0,58,321.56,86,0,0
92.35,Health,PayPal,Mobile,Bengaluru,0,137,462.61,1098,0,0
14.2,Electronics,NetBanking,Desktop,Delhi,0,113,317.07,1941,0,0
193.46,Health,PayPal,Mobile,Delhi,0,168,210.04,1139,0,0
138.32,Food,UPI,Desktop,Chennai,0,143,104.85,1091,0,0
239.34,Electronics,Debit Card,Desktop,Hyderabad,0,4,332.15,211,0,0
103.49,Food,Credit Card,POS,Kolkata,0,52,67.02,193,1,1
76.03,Entertainment,UPI,Mobile,Mumbai,0,146,415.97,786,0,0
43.34,Fashion,UPI,Mobile,Pune,0,181,131.19,1888,0,0
215.92,Electronics,NetBanking,Desktop,Mumbai,0,187,266.84,1942,0,0
160.83,Fashion,PayPal,Mobile,Bengaluru,0,99,302.01,155,0,0
3.7,Entertainment,Credit Card,POS,Mumbai,0,182,187.62,1260,0,0
2.14,Grocery,UPI,POS,Chennai,0,169,335.3,296,0,0
37.79,Utilities,NetBanking,Mobile,Hyderabad,0,188,132.61,383,0,0
133.09,Fashion,Credit Card,Mobile,Pune,0,93,26.97,1464,0,0
349.14,Entertainment,PayPal,POS,Kolkata,0,117,480.04,1652,0,0
13.04,Fashion,UPI,Mobile,Delhi,0,4,166.82,1710,0,0
72.14,Entertainment,UPI,Desktop,Delhi,0,85,359.6,1175,0,0
38.36,Food,UPI,Mobile,Kolkata,0,167,258.69,1561,0,0
280.3,Entertainment,Credit Card,Desktop,Chennai,0,7,337.81,639,0,0
147.67,Health,Credit Card,Mobile,Pune,0,125,64.36,498,0,0
145.78,Grocery,Credit Card,Mobile,Mumbai,0,151,264.24,830,0,0
50.59,Fashion,Credit Card,POS,Kolkata,0,85,202.19,162,0,0
42.87,Entertainment,NetBanking,Desktop,Delhi,0,63,231.41,1432,0,0
25.55,Entertainment,Debit Card,POS,Mumbai,0,193,483.44,1041,0,0
4.64,Fashion,NetBanking,Mobile,Chennai,0,123,76.78,878,0,0
160.03,Utilities,UPI,POS,Delhi,0,169,379.8,1049,1,0
134.09,Grocery,NetBanking,Mobile,Bengaluru,0,89,171.87,347,0,0
653.8,Grocery,PayPal,Mobile,Hyderabad,0,95,152.28,1630,0,1
455.59,Entertainment,Credit Card,Mobile,Mumbai,0,119,142.68,740,0,0
64.85,Electronics,PayPal,Desktop,Kolkata,0,44,180.9,1178,0,0
117.22,Food,PayPal,Desktop,Pune,0,102,184.99,480,0,0
231.69,Grocery,UPI,Desktop,Mumbai,0,45,142.67,1911,0,0
151.58,Grocery,Credit Card,POS,Mumbai,0,197,337.07,1773,0,0
22.73,Travel,PayPal,Mobile,Mumbai,0,117,33.38,1261,0,0
47.91,Health,UPI,POS,Kolkata,0,51,172.82,1353,0,0
11.06,Grocery,Credit Card,POS,Chennai,0,65,147.3,1542,0,0
246.42,Food,Debit Card,Mobile,Chennai,0,54,378.19,662,0,0
74.55,Health,UPI,POS,Pune,0,184,81.78,171,0,0
20.77,Health,NetBanking,Mobile,Chennai,0,72,470.94,1033,0,0
89.11,Fashion,Credit Card,Mobile,Kolkata,0,120,93.55,1527,0,0
77.01,Fashion,PayPal,Mobile,Pune,0,168,191.31,888,0,0
35.47,Fashion,PayPal,Mobile,Pune,0,186,107.85,598,0,0
9.64,Fashion,NetBanking,POS,Chennai,0,143,150.48,333,0,0
89.08,Travel,NetBanking,POS,Delhi,0,19,382.9,686,0,0
58.77,Grocery,PayPal,POS,Chennai,0,10,243.44,1609,0,0
118.38,Fashion,Credit Card,Desktop,Delhi,0,16,89.66,673,0,0
58.74,Entertainment,UPI,POS,Bengaluru,0,171,32.85,622,0,1
152.94,Electronics,NetBanking,POS,Chennai,0,159,122.66,1918,0,0
64.22,Fashion,NetBanking,Desktop,Bengaluru,0,108,473.35,59,0,0
65.85,Grocery,NetBanking,Mobile,Chennai,0,16,424.21,1430,0,1
167.42,Fashion,Debit Card,Mobile,Bengaluru,0,80,225.69,1394,0,0
41.33,Travel,Credit Card,Mobile,Hyderabad,0,28,246.18,1262,0,0
11.51,Food,Credit Card,Desktop,Bengaluru,0,190,450.69,1296,0,0
2.34,Food,Credit Card,POS,Delhi,1,148,299.76,724,0,1
112.56,Grocery,Credit Card,POS,Mumbai,0,163,441.58,187,0,0
77.47,Entertainment,Credit Card,POS,Pune,0,187,251.0,175,0,0
97.41,Food,PayPal,POS,Bengaluru,0,9,108.05,369,0,0
19.16,Utilities,NetBanking,Desktop,Mumbai,0,104,365.7,895,0,0
11.73,Food,PayPal,POS,Kolkata,0,138,267.93,1798,0,0
1.17,Electronics,Debit Card,Mobile,Hyderabad,0,45,337.54,121,0,0
34.53,Grocery,UPI,Desktop,Hyderabad,0,109,87.04,358,0,0
71.31,Entertainment,NetBanking,Desktop,Kolkata,0,143,327.32,201,0,0
39.84,Grocery,Debit Card,Mobile,Kolkata,0,30,197.31,731,0,0
46.03,Food,PayPal,Mobile,Kolkata,0,48,172.68,1084,0,0
187.6,Food,UPI,POS,Delhi,0,168,339.02,650,0,0
34.25,Food,Debit Card,Mobile,Kolkata,0,91,300.2,301,0,0
57.72,Health,UPI,Desktop,Delhi,0,91,328.06,1148,0,0
122.47,Travel,Debit Card,Desktop,Bengaluru,0,74,483.01,1018,0,0
40.41,Fashion,PayPal,Desktop,Chennai,0,44,353.59,106,0,0
77.85,Utilities,UPI,POS,Kolkata,0,174,324.04,180,0,0
158.65,Travel,Debit Card,POS,Kolkata,1,134,310.64,171,0,0
238.9,Grocery,PayPal,Mobile,Hyderabad,0,117,205.37,260,0,0
12.73,Utilities,NetBanking,POS,Mumbai,0,24,421.2,1823,0,0
208.93,Electronics,PayPal,POS,Chennai,0,7,196.66,1961,0,0
54.2,Fashion,PayPal,Desktop,Hyderabad,0,6,353.12,983,0,0
23.9,Electronics,NetBanking,Desktop,Bengaluru,0,118,153.64,157,0,0
49.17,Entertainment,PayPal,Mobile,Kolkata,0,161,82.4,889,0,0
313.09,Health,NetBanking,Desktop,Hyderabad,1,85,73.58,1789,0,0
54.28,Grocery,NetBanking,POS,Delhi,0,110,320.93,725,0,0
31.89,Health,NetBanking,Mobile,Mumbai,0,166,170.7,526,0,0
80.28,Grocery,Debit Card,Mobile,Mumbai,1,172,144.77,1333,0,0
21.97,Electronics,UPI,Desktop,Delhi,0,145,300.11,1858,0,0
6.31,Electronics,Debit Card,Desktop,Kolkata,0,31,22.58,1594,0,0
11.04,Electronics,NetBanking,Desktop,Kolkata,0,165,130.65,839,0,0
10.96,Grocery,UPI,Mobile,Chennai,0,139,176.87,1583,0,0
13.18,Food,UPI,Desktop,Delhi,0,133,357.1,160,0,0
11.96,Electronics,NetBanking,POS,Kolkata,0,64,277.05,1514,0,0
81.93,Health,UPI,Mobile,Mumbai,1,76,429.43,298,0,0
16.06,Entertainment,UPI,Desktop,Kolkata,0,131,173.91,647,0,1
33.93,Fashion,Debit Card,POS,Bengaluru,0,56,155.26,1722,0,0
181.68,Grocery,UPI,POS,Kolkata,0,63,26.27,991,0,0
51.39,Utilities,NetBanking,Desktop,Chennai,0,105,476.34,1624,0,0
88.1,Health,Credit Card,POS,Pune,0,38,255.73,1657,0,0
15.13,Travel,Credit Card,Mobile,Hyderabad,0,54,256.24,1997,0,0
17.08,Entertainment,Credit Card,Mobile,Pune,0,130,462.48,1313,0,0
3.34,Travel,NetBanking,POS,Bengaluru,0,2,152.06,1104,0,0
14.8,Fashion,Credit Card,Mobile,Pune,0,140,172.73,1186,0,0
26.12,Food,Debit Card,Desktop,Kolkata,0,40,331.61,1732,0,0
15.58,Electronics,NetBanking,POS,Chennai,0,2,394.74,838,0,0
7.43,Grocery,NetBanking,Mobile,Mumbai,0,105,352.66,1058,0,0
10.28,Health,NetBanking,Desktop,Mumbai,0,125,396.47,677,0,0
49.41,Utilities,UPI,Desktop,Bengaluru,0,80,291.8,767,0,0
18.49,Electronics,UPI,Mobile,Pune,0,185,432.78,531,1,0
36.24,Health,UPI,POS,Chennai,0,47,279.55,1237,0,0
56.0,Grocery,PayPal,Desktop,Hyderabad,1,164,122.38,438,0,0
93.8,Travel,Debit Card,Desktop,Kolkata,0,132,275.43,1144,0,0
3.21,Electronics,NetBanking,Desktop,Pune,0,152,359.34,1489,0,0
128.52,Fashion,NetBanking,Desktop,Pune,1,91,330.25,849,0,0
79.09,Food,UPI,POS,Hyderabad,0,101,129.08,932,0,0
6.82,Fashion,NetBanking,Mobile,Delhi,0,190,30.13,218,0,0
165.45,Food,NetBanking,Mobile,Kolkata,0,130,133.72,1533,0,0
202.94,Entertainment,Credit Card,Mobile,Bengaluru,0,15,492.18,1010,0,0
5.04,Health,NetBanking,Desktop,Kolkata,0,49,100.39,844,0,0
25.93,Electronics,PayPal,POS,Chennai,0,112,237.54,412,0,0
131.27,Electronics,UPI,Mobile,Bengaluru,0,35,322.79,879,0,0
110.35,Entertainment,Debit Card,POS,Hyderabad,0,116,440.94,1375,0,0
16.32,Food,Debit Card,Mobile,Chennai,0,94,382.53,1496,0,0
18.79,Travel,Credit Card,Desktop,Mumbai,0,175,455.39,519,0,0
37.02,Grocery,Debit Card,Mobile,Mumbai,0,24,306.15,1186,0,0
53.01,Fashion,Debit Card,Desktop,Kolkata,0,60,434.01,1737,0,1
77.04,Entertainment,UPI,Desktop,Chennai,0,77,139.28,455,0,0
36.83,Utilities,UPI,Mobile,Bengaluru,0,48,220.98,279,0,0
49.67,Utilities,PayPal,POS,Bengaluru,0,151,423.45,1114,0,0
110.1,Health,Credit Card,Desktop,Mumbai,0,140,169.53,1615,0,0
2.99,Entertainment,Debit Card,POS,Mumbai,0,41,436.9,1049,0,0
23.27,Fashion,PayPal,Mobile,Hyderabad,1,157,187.93,1475,0,1
99.96,Fashion,Credit Card,Desktop,Chennai,0,198,188.06,1529,0,0
180.46,Health,Debit Card,POS,Bengaluru,0,179,161.43,1276,0,0
57.34,Health,Debit Card,Desktop,Hyderabad,0,128,278.0,1491,0,0
60.76,Electronics,UPI,Mobile,Bengaluru,0,151,73.24,713,0,0
9.07,Fashion,NetBanking,Desktop,Mumbai,0,31,27.94,1973,0,1
47.45,Grocery,Credit Card,Mobile,Chennai,0,149,449.73,1437,0,0
60.85,Utilities,Debit Card,POS,Delhi,0,24,465.18,348,0,0
22.22,Grocery,Credit Card,Desktop,Chennai,0,9,47.32,1049,0,0
25.09,Food,PayPal,POS,Pune,0,150,279.35,254,0,0
37.89,Entertainment,PayPal,Mobile,Delhi,0,132,274.44,452,0,0
1.62,Health,NetBanking,Mobile,Kolkata,0,77,192.49,937,0,0
31.1,Electronics,Debit Card,POS,Kolkata,0,131,288.76,1244,0,0
19.0,Grocery,UPI,POS,Hyderabad,1,120,234.48,1924,0,0
31.74,Travel,Debit Card,Mobile,Delhi,0,156,249.92,1830,0,0
10.21,Utilities,Credit Card,POS,Delhi,0,90,380.12,1809,0,0
176.97,Electronics,PayPal,Mobile,Hyderabad,0,117,267.72,108,0,0
72.03,Electronics,Credit Card,POS,Chennai,0,110,168.59,884,0,0
90.93,Grocery,NetBanking,Mobile,Hyderabad,1,121,294.91,1033,0,0
124.54,Travel,PayPal,Mobile,Pune,0,98,323.97,394,0,0
55.2,Food,UPI,Desktop,Mumbai,0,15,334.53,51,0,1
7.27,Grocery,PayPal,Mobile,Kolkata,0,136,312.97,577,0,0
61.62,Travel,Debit Card,Mobile,Mumbai,0,176,335.66,359,0,1
70.71,Electronics,Debit Card,Desktop,Kolkata,0,52,161.95,1209,0,0
109.46,Utilities,PayPal,Desktop,Delhi,0,55,228.61,85,0,0
45.2,Travel,NetBanking,POS,Hyderabad,0,37,337.67,1920,0,0
10.92,Electronics,Debit Card,POS,Hyderabad,0,132,379.64,1301,0,0
26.7,Entertainment,Debit Card,Mobile,Hyderabad,0,55,222.73,954,0,0
36.09,Grocery,UPI,POS,Pune,0,12,189.01,290,0,0
83.06,Health,PayPal,POS,Pune,0,147,360.78,1825,0,0
67.66,Grocery,Debit Card,Mobile,Chennai,0,185,118.86,464,0,0
35.22,Entertainment,NetBanking,Desktop,Bengaluru,1,37,14.65,1580,0,1
344.5,Fashion,Credit Card,Desktop,Kolkata,0,7,240.87,1531,0,0
74.47,Fashion,PayPal,Mobile,Bengaluru,0,55,94.95,1753,0,0
21.66,Fashion,UPI,Mobile,Bengaluru,0,28,195.36,567,0,0
8.59,Grocery,Debit Card,Mobile,Kolkata,0,37,152.7,564,0,0
13.27,Food,NetBanking,Mobile,Chennai,0,189,390.86,410,0,0
22.58,Grocery,PayPal,Mobile,Hyderabad,0,75,172.39,132,0,0
14.01,Utilities,NetBanking,Mobile,Bengaluru,1,114,323.93,58,0,0
16.52,Entertainment,NetBanking,POS,Hyderabad,0,167,340.22,1907,0,0
26.85,Utilities,UPI,POS,Delhi,1,106,233.66,1536,0,0
15.23,Entertainment,PayPal,POS,Bengaluru,0,151,49.73,1110,1,1
181.66,Health,Debit Card,Desktop,Delhi,0,180,353.18,1115,0,0
6.69,Travel,UPI,Mobile,Chennai,0,110,46.83,984,1,0
59.47,Grocery,Debit Card,Mobile,Mumbai,0,84,58.61,1101,0,0
42.26,Grocery,Credit Card,POS,Pune,0,11,106.04,1420,0,0
323.09,Electronics,NetBanking,Desktop,Kolkata,0,66,147.38,576,0,0
9.51,Entertainment,Credit Card,POS,Chennai,1,13,424.76,1611,0,0
40.58,Electronics,NetBanking,Mobile,Chennai,0,169,340.71,1598,0,0
279.12,Electronics,UPI,Mobile,Chennai,0,177,199.73,356,0,0
160.5,Grocery,Debit Card,POS,Bengaluru,0,15,489.53,1791,0,0
135.89,Food,Debit Card,POS,Delhi,0,56,129.37,295,0,0
23.86,Travel,UPI,Mobile,Pune,0,182,308.81,1781,0,0
14.99,Travel,PayPal,POS,Bengaluru,0,159,425.13,758,0,0
88.36,Utilities,Credit Card,Mobile,Mumbai,0,189,402.99,1229,0,0
212.03,Entertainment,Credit Card,POS,Kolkata,0,186,54.25,1097,0,0
65.09,Health,Debit Card,Desktop,Kolkata,1,188,351.66,248,0,1
67.82,Entertainment,Debit Card,Mobile,Pune,0,53,136.35,155,0,0
26.28,Food,Debit Card,Desktop,Kolkata,0,61,184.31,911,0,0
117.4,Food,UPI,POS,Kolkata,0,128,249.61,1432,0,0
16.57,Travel,PayPal,Desktop,Chennai,0,42,397.47,348,0,0
31.29,Fashion,Credit Card,POS,Hyderabad,0,29,91.44,1358,0,0
44.33,Electronics,NetBanking,Desktop,Mumbai,0,155,63.19,1253,0,0
56.68,Electronics,UPI,Desktop,Delhi,0,44,85.19,114,0,0
22.21,Travel,Credit Card,Desktop,Mumbai,0,133,116.93,1094,0,0
9.76,Entertainment,PayPal,Mobile,Bengaluru,0,180,39.16,752,0,0
75.46,Food,UPI,Desktop,Kolkata,0,113,463.91,1919,0,0
27.25,Entertainment,Credit Card,POS,Hyderabad,1,106,166.35,1604,0,1
69.64,Health,UPI,POS,Bengaluru,0,181,96.72,1416,0,0
13.41,Fashion,Credit Card,Mobile,Pune,0,180,322.54,1972,0,0
52.49,Travel,Credit Card,Mobile,Chennai,0,38,395.63,1322,0,0
60.84,Electronics,PayPal,POS,Kolkata,0,172,379.08,391,0,0
4.26,Grocery,NetBanking,Desktop,Chennai,0,181,362.17,396,0,0
32.83,Entertainment,PayPal,POS,Mumbai,0,115,34.76,1234,0,0
11.55,Food,Credit Card,Mobile,Chennai,0,130,393.26,1284,0,0
5.24,Grocery,UPI,Mobile,Chennai,0,109,255.92,1017,0,0
368.1,Health,PayPal,POS,Pune,1,182,328.05,1123,0,0
31.13,Travel,NetBanking,Desktop,Delhi,1,84,478.65,1878,0,0
132.81,Entertainment,Credit Card,Desktop,Delhi,1,163,407.23,617,0,0
23.51,Electronics,PayPal,Mobile,Bengaluru,0,46,414.43,992,0,0
91.53,Entertainment,PayPal,POS,Kolkata,0,92,98.92,1997,0,0
114.25,Fashion,PayPal,POS,Bengaluru,0,105,243.44,1841,0,0
72.44,Utilities,PayPal,Mobile,Delhi,0,183,475.17,518,0,0
51.03,Grocery,UPI,POS,Mumbai,0,72,295.52,1287,0,0
42.46,Fashion,NetBanking,Mobile,Delhi,1,139,60.27,1883,0,0
34.32,Health,NetBanking,Desktop,Bengaluru,0,29,368.59,1482,0,0
212.2,Electronics,Credit Card,Desktop,Hyderabad,0,197,31.03,860,0,0
142.05,Grocery,Debit Card,POS,Kolkata,0,191,373.73,1701,0,0
268.25,Health,UPI,Desktop,Chennai,0,47,441.09,695,0,0
10.62,Fashion,Credit Card,Desktop,Pune,0,111,218.37,1347,0,0
105.0,Fashion,Credit Card,Mobile,Hyderabad,0,7,212.67,1401,0,0
222.89,Utilities,PayPal,Mobile,Hyderabad,0,117,159.06,1152,0,0
16.0,Grocery,Debit Card,POS,Chennai,0,64,439.7,905,0,0
5.5,Electronics,Debit Card,Mobile,Delhi,0,82,278.41,390,1,1
108.11,Fashion,UPI,POS,Kolkata,0,64,293.84,1990,0,1
68.35,Travel,Debit Card,POS,Mumbai,1,92,334.24,1928,0,0
147.53,Utilities,Credit Card,Mobile,Hyderabad,0,12,157.11,387,0,0
12.04,Health,Debit Card,Desktop,Mumbai,0,12,222.07,1183,0,0
126.88,Grocery,Debit Card,Desktop,Pune,0,36,373.39,1572,0,0
18.01,Food,NetBanking,Desktop,Pune,0,29,492.89,1436,0,0
14.3,Food,Credit Card,Desktop,Pune,0,139,26.81,1670,0,0
14.36,Electronics,Debit Card,POS,Bengaluru,0,181,30.9,1974,0,0
134.81,Travel,Debit Card,Desktop,Hyderabad,0,198,219.76,1872,1,0
87.54,Fashion,PayPal,POS,Pune,0,85,333.21,1615,0,0
59.23,Food,Debit Card,Mobile,Bengaluru,0,74,199.32,765,0,0
35.56,Electronics,Debit Card,Mobile,Pune,0,47,499.82,93,0,0
167.78,Health,NetBanking,POS,Delhi,0,161,105.73,1449,0,0
39.87,Utilities,Credit Card,Desktop,Hyderabad,1,81,13.88,210,1,1
135.69,Travel,UPI,POS,Bengaluru,0,195,103.16,616,0,0
46.26,Travel,Credit Card,Desktop,Pune,0,121,444.55,1831,0,0
37.85,Entertainment,PayPal,Desktop,Kolkata,0,43,81.12,218,0,0
49.69,Electronics,Credit Card,POS,Bengaluru,0,146,244.7,1236,0,0
28.69,Electronics,Debit Card,POS,Pune,0,74,215.45,1920,0,0
110.14,Entertainment,PayPal,Desktop,Delhi,0,53,336.21,1545,0,0
55.89,Utilities,Credit Card,POS,Mumbai,0,39,36.75,609,0,0
21.14,Fashion,PayPal,Desktop,Pune,0,107,332.79,199,0,0
183.87,Electronics,UPI,POS,Mumbai,0,162,183.83,351,0,0
38.75,Entertainment,Credit Card,Mobile,Hyderabad,0,37,463.76,1225,0,0
62.74,Fashion,Debit Card,Desktop,Delhi,0,169,425.95,313,0,0
189.56,Utilities,PayPal,Mobile,Kolkata,0,97,205.76,1672,0,0
78.3,Fashion,NetBanking,POS,Hyderabad,0,49,496.52,395,0,0
9.95,Grocery,PayPal,Mobile,Kolkata,0,128,35.45,140,0,0
224.85,Travel,NetBanking,POS,Mumbai,0,10,396.43,107,0,0
79.05,Health,Debit Card,Desktop,Delhi,0,40,222.58,1751,0,0
32.63,Travel,UPI,POS,Chennai,0,146,222.32,282,0,0
12.0,Travel,NetBanking,POS,Delhi,0,153,93.37,265,0,0
126.4,Grocery,UPI,Desktop,Delhi,0,106,262.29,122,0,0
77.42,Fashion,PayPal,POS,Kolkata,0,41,51.51,1695,0,0
60.99,Fashion,Debit Card,Desktop,Chennai,0,164,312.12,1748,0,0
179.46,Electronics,NetBanking,POS,Bengaluru,0,2,128.38,1087,0,0
124.32,Grocery,PayPal,Desktop,Bengaluru,0,177,365.18,1534,0,0
13.16,Electronics,Credit Card,Mobile,Bengaluru,0,195,307.61,1457,0,0
29.89,Grocery,PayPal,POS,Mumbai,0,53,375.74,1868,0,0
22.85,Electronics,UPI,POS,Delhi,0,147,377.37,251,0,0
108.99,Food,Debit Card,POS,Pune,0,26,106.39,1939,1,1
2.73,Entertainment,Debit Card,Desktop,Chennai,0,54,10.33,925,0,0
67.5,Travel,PayPal,POS,Pune,0,51,189.22,1543,0,0
114.99,Travel,Credit Card,Desktop,Mumbai,0,153,460.34,1847,0,0
167.49,Utilities,UPI,POS,Chennai,0,114,293.17,1393,0,0
33.49,Health,PayPal,Mobile,Pune,0,17,366.48,1566,0,0
137.74,Entertainment,PayPal,POS,Kolkata,0,120,440.99,990,0,0
9.38,Fashion,Debit Card,Mobile,Mumbai,0,189,453.97,1014,0,0
149.9,Health,UPI,Desktop,Mumbai,0,46,269.22,1662,0,0
10.91,Food,Credit Card,Mobile,Mumbai,0,55,275.06,1652,0,0
40.51,Utilities,Debit Card,POS,Chennai,0,50,426.96,872,1,0
127.68,Health,PayPal,POS,Pune,0,75,405.67,281,0,0
12.99,Utilities,Debit Card,Desktop,Pune,1,11,352.44,1417,0,0
20.83,Travel,Debit Card,POS,Hyderabad,0,140,306.19,1580,0,0
102.48,Fashion,NetBanking,POS,Mumbai,0,168,312.44,171,0,0
101.85,Food,Debit Card,Desktop,Bengaluru,0,48,187.83,340,0,0
81.99,Travel,Debit Card,Desktop,Delhi,0,121,422.05,1438,0,0
94.72,Entertainment,UPI,Mobile,Kolkata,0,56,312.71,1854,0,0
62.6,Electronics,Debit Card,Desktop,Kolkata,0,8,119.53,611,0,0
23.21,Grocery,Credit Card,POS,Hyderabad,0,14,127.52,1365,1,0
33.93,Food,PayPal,Desktop,Hyderabad,0,114,432.19,1332,0,0
16.03,Fashion,UPI,POS,Chennai,0,184,316.6,1619,0,0
191.27,Utilities,Debit Card,Mobile,Hyderabad,0,54,205.37,375,0,0
70.05,Health,Credit Card,Desktop,Pune,0,17,101.68,1440,0,1
40.98,Entertainment,PayPal,POS,Chennai,0,173,309.01,331,0,0
49.59,Health,UPI,Desktop,Chennai,0,133,100.31,1817,0,0
235.43,Food,Credit Card,Desktop,Kolkata,0,131,240.38,536,0,0
13.32,Entertainment,Debit Card,Desktop,Kolkata,1,9,341.98,276,0,1
70.6,Fashion,NetBanking,Desktop,Bengaluru,0,122,287.05,1699,0,0
56.4,Food,NetBanking,Mobile,Mumbai,0,114,461.83,517,0,0
75.63,Fashion,UPI,POS,Hyderabad,0,20,29.46,1809,0,0
1.46,Health,Credit Card,Desktop,Mumbai,0,83,147.1,1974,0,0
164.54,Travel,PayPal,POS,Mumbai,0,21,37.97,1292,0,1
215.2,Entertainment,Credit Card,Mobile,Mumbai,0,33,105.36,1582,0,0
66.62,Electronics,NetBanking,POS,Chennai,0,133,70.75,1977,0,0
95.43,Travel,UPI,POS,Mumbai,0,152,369.0,957,0,0
204.6,Electronics,Debit Card,Mobile,Hyderabad,0,191,190.99,1402,0,0
98.27,Health,Credit Card,Desktop,Chennai,0,26,463.27,820,0,0
13.24,Utilities,NetBanking,POS,Hyderabad,0,108,21.46,1798,1,0
68.7,Entertainment,PayPal,POS,Chennai,0,89,329.93,941,0,0
74.66,Travel,UPI,Desktop,Delhi,0,92,485.57,1405,0,0
44.15,Travel,Debit Card,Desktop,Delhi,0,33,96.16,183,0,0
106.68,Food,Credit Card,POS,Delhi,0,18,226.79,1563,0,0
217.89,Grocery,PayPal,Mobile,Delhi,0,18,353.93,1982,0,1
207.83,Health,Debit Card,Desktop,Chennai,0,166,320.24,1239,0,0
47.95,Fashion,NetBanking,Desktop,Mumbai,0,33,287.35,973,0,0
9.61,Health,NetBanking,Mobile,Bengaluru,0,27,170.11,624,0,0
335.13,Fashion,PayPal,POS,Kolkata,0,49,366.82,1620,0,1
146.06,Entertainment,NetBanking,Desktop,Pune,0,178,330.1,1478,0,1
10.65,Fashion,UPI,POS,Bengaluru,0,143,89.77,91,0,0
202.9,Utilities,PayPal,POS,Delhi,0,108,482.4,1454,0,0
163.15,Electronics,NetBanking,POS,Mumbai,0,180,282.28,899,1,1
58.52,Fashion,Credit Card,Mobile,Hyderabad,0,68,267.48,1112,0,0
71.58,Fashion,NetBanking,POS,Mumbai,0,99,425.64,1195,0,0
40.73,Food,UPI,POS,Hyderabad,1,19,323.8,495,0,0
4.51,Travel,Debit Card,Desktop,Bengaluru,0,25,46.49,1202,0,0
32.66,Health,Debit Card,Desktop,Mumbai,0,104,258.23,1500,0,0
129.9,Health,NetBanking,Mobile,Mumbai,0,76,392.49,1227,0,0
0.37,Entertainment,Debit Card,Mobile,Pune,0,76,352.99,340,0,0
32.46,Entertainment,NetBanking,Desktop,Bengaluru,0,106,485.68,1115,0,0
40.62,Utilities,UPI,Desktop,Mumbai,0,153,22.21,1220,0,0
61.67,Fashion,Debit Card,Mobile,Hyderabad,0,33,138.0,1735,0,0
201.91,Grocery,Credit Card,POS,Kolkata,0,188,279.09,845,0,0
34.01,Health,NetBanking,Mobile,Mumbai,0,37,313.55,132,0,0
34.09,Entertainment,Debit Card,POS,Hyderabad,0,92,144.43,57,0,0
107.0,Fashion,UPI,Desktop,Delhi,0,124,415.13,1649,0,0
48.15,Entertainment,UPI,Desktop,Mumbai,0,43,90.53,537,0,1
20.35,Utilities,Credit Card,Desktop,Hyderabad,0,126,10.42,163,0,1
48.18,Electronics,UPI,POS,Kolkata,0,9,476.67,88,0,0
12.15,Electronics,UPI,Mobile,Bengaluru,0,14,201.86,1143,0,0
15.52,Entertainment,Debit Card,POS,Delhi,0,131,479.17,99,0,0
55.19,Electronics,NetBanking,Mobile,Mumbai,0,69,146.19,1988,0,0
43.43,Entertainment,PayPal,Mobile,Pune,1,184,41.09,214,1,1
197.06,Fashion,UPI,Mobile,Hyderabad,0,26,388.53,1491,0,0
36.0,Food,UPI,Desktop,Kolkata,0,127,419.55,601,0,0
69.51,Grocery,PayPal,Mobile,Pune,0,53,251.12,1527,1,0
80.03,Fashion,UPI,Desktop,Mumbai,0,41,46.19,1710,0,0
1.05,Food,Debit Card,Mobile,Hyderabad,0,82,330.53,197,0,0
87.14,Food,Debit Card,Mobile,Mumbai,0,102,99.25,607,0,0
15.68,Health,PayPal,Desktop,Delhi,0,21,426.2,1936,0,1
259.68,Fashion,UPI,Desktop,Kolkata,0,121,144.27,1177,0,0
12.88,Fashion,UPI,POS,Kolkata,0,39,425.38,1266,0,0
42.84,Entertainment,NetBanking,Mobile,Delhi,0,151,219.19,211,0,1
7.14,Food,UPI,Desktop,Mumbai,0,186,302.28,100,0,0
461.45,Food,Debit Card,POS,Mumbai,0,69,396.89,585,0,0
55.8,Food,Credit Card,POS,Chennai,0,75,29.82,881,0,0
72.39,Entertainment,Credit Card,Desktop,Mumbai,1,157,412.37,1248,0,1
5.55,Health,Credit Card,Mobile,Kolkata,0,62,77.94,1622,0,0
110.89,Fashion,Credit Card,POS,Mumbai,0,181,185.62,1345,0,0
18.85,Food,UPI,Mobile,Pune,0,45,241.66,1110,0,0
182.67,Electronics,UPI,Mobile,Pune,1,27,448.76,1942,0,0
18.37,Fashion,NetBanking,POS,Delhi,0,116,21.0,712,0,1
16.93,Entertainment,UPI,Desktop,Pune,0,162,284.01,1353,0,0
2.98,Health,Credit Card,Mobile,Mumbai,0,142,324.84,347,0,0
51.1,Electronics,PayPal,Desktop,Bengaluru,0,41,165.13,1424,0,0
66.56,Entertainment,PayPal,POS,Mumbai,0,106,152.34,1136,0,0
5.44,Travel,Debit Card,Mobile,Kolkata,0,74,250.33,858,1,1
119.52,Fashion,Debit Card,Desktop,Chennai,0,60,101.68,123,0,0
48.31,Travel,UPI,Desktop,Hyderabad,0,42,239.38,296,1,1
59.45,Entertainment,PayPal,Mobile,Kolkata,0,122,384.86,1898,1,1
46.49,Entertainment,Credit Card,Desktop,Delhi,0,179,424.24,1429,0,0
40.97,Entertainment,Credit Card,Desktop,Pune,0,11,198.73,1214,0,0
65.61,Food,Credit Card,POS,Bengaluru,0,163,312.48,643,0,0
13.5,Health,UPI,POS,Kolkata,0,147,10.01,531,0,0
16.06,Food,UPI,Desktop,Hyderabad,0,118,279.67,1430,0,0
158.32,Health,NetBanking,Desktop,Bengaluru,0,65,487.87,1165,0,0
233.67,Grocery,Credit Card,Mobile,Delhi,0,189,163.01,607,0,0
37.38,Food,Credit Card,POS,Pune,0,47,301.44,1675,0,0
25.26,Travel,UPI,Mobile,Chennai,0,14,383.52,661,0,0
82.63,Health,UPI,Desktop,Kolkata,0,67,308.38,308,0,0
42.04,Food,NetBanking,Mobile,Kolkata,0,180,215.06,783,0,0
2.06,Fashion,NetBanking,Desktop,Kolkata,0,109,84.76,1486,0,0
13.58,Entertainment,Debit Card,POS,Delhi,0,160,237.21,1713,0,0
100.69,Health,PayPal,POS,Bengaluru,0,10,154.44,271,0,0
86.05,Health,Credit Card,Desktop,Bengaluru,0,124,351.0,1275,0,0
2.2,Food,Credit Card,POS,Delhi,0,17,226.54,812,0,0
20.08,Grocery,NetBanking,Desktop,Kolkata,0,168,426.44,991,0,0
21.02,Food,NetBanking,Mobile,Mumbai,0,196,104.73,1339,0,0
89.15,Utilities,Debit Card,Desktop,Delhi,0,191,214.68,1014,0,0
1.59,Travel,PayPal,Mobile,Pune,0,143,283.18,33,0,0
8.79,Travel,Debit Card,Desktop,Pune,0,97,71.75,349,0,0
128.72,Health,PayPal,POS,Chennai,0,167,298.08,1374,0,0
15.73,Health,Credit Card,Desktop,Delhi,0,57,152.55,1061,0,0
84.62,Food,Debit Card,Desktop,Hyderabad,0,138,122.47,1105,0,0
21.76,Travel,NetBanking,Desktop,Pune,0,71,79.54,1053,0,0
8.38,Travel,Debit Card,POS,Pune,0,97,181.44,1195,0,0
22.29,Grocery,Debit Card,Desktop,Pune,1,17,465.2,1879,0,0
102.49,Fashion,Credit Card,POS,Mumbai,0,76,25.19,808,1,1
154.87,Grocery,NetBanking,Desktop,Hyderabad,0,17,427.56,856,0,0
141.86,Utilities,NetBanking,Mobile,Kolkata,0,111,204.71,309,0,0
40.49,Electronics,UPI,Desktop,Kolkata,0,120,285.18,1141,0,0
88.23,Entertainment,UPI,Mobile,Delhi,0,144,261.28,1213,0,0
18.35,Grocery,UPI,POS,Mumbai,0,119,463.61,1014,0,0
27.75,Utilities,Credit Card,POS,Pune,0,78,387.36,1867,0,0
181.33,Food,Debit Card,Desktop,Kolkata,0,3,492.56,57,0,0
1.05,Fashion,NetBanking,POS,Hyderabad,0,108,399.27,1581,0,0
7.15,Food,NetBanking,Desktop,Kolkata,0,51,154.99,839,0,0
18.64,Entertainment,Debit Card,POS,Hyderabad,0,114,481.81,1924,0,0
2.15,Utilities,NetBanking,Mobile,Mumbai,0,94,491.95,301,1,1
16.02,Electronics,Debit Card,POS,Kolkata,1,174,70.32,1153,0,0
69.98,Fashion,Credit Card,Mobile,Pune,0,116,451.51,1961,0,0
43.77,Health,Credit Card,Desktop,Mumbai,1,183,335.46,1257,0,0
178.55,Travel,Credit Card,Desktop,Bengaluru,0,105,461.78,219,0,0
136.06,Grocery,Debit Card,Desktop,Pune,0,99,458.71,575,0,0
33.46,Utilities,Debit Card,Mobile,Mumbai,0,154,446.77,323,0,0
24.03,Food,PayPal,Desktop,Delhi,0,76,443.79,1948,0,0
38.2,Electronics,NetBanking,Desktop,Kolkata,0,159,67.65,1996,0,0
71.39,Travel,NetBanking,Mobile,Pune,0,81,80.32,1843,0,0
24.96,Grocery,PayPal,POS,Chennai,0,72,67.71,877,0,0
78.28,Travel,PayPal,Desktop,Pune,0,147,54.6,1397,0,0
42.13,Grocery,Credit Card,POS,Bengaluru,0,196,183.11,800,0,0
64.25,Utilities,PayPal,POS,Mumbai,0,143,345.14,798,0,0
45.83,Health,Debit Card,Desktop,Chennai,0,111,183.8,82,1,0
27.9,Fashion,UPI,Desktop,Bengaluru,0,58,362.95,1757,0,0
237.22,Utilities,Debit Card,Mobile,Delhi,0,78,411.94,713,0,0
115.38,Travel,PayPal,Mobile,Pune,1,158,336.45,1100,0,0
12.08,Travel,NetBanking,Desktop,Kolkata,0,48,237.9,1040,0,0
162.28,Travel,Debit Card,POS,Chennai,0,56,154.8,1475,0,0
53.47,Fashion,NetBanking,Mobile,Kolkata,0,42,70.96,732,0,0
179.96,Electronics,Debit Card,Mobile,Mumbai,1,24,251.89,912,0,0
128.7,Grocery,NetBanking,Desktop,Mumbai,0,110,362.6,494,0,0
44.3,Utilities,Debit Card,Desktop,Delhi,0,52,278.64,582,0,0
1.82,Utilities,NetBanking,Desktop,Bengaluru,0,171,363.53,946,0,0
25.03,Health,UPI,Desktop,Chennai,0,34,174.26,1482,0,0
62.41,Travel,Credit Card,Mobile,Delhi,0,188,42.73,1037,0,0
80.3,Entertainment,Debit Card,Mobile,Bengaluru,0,3,387.84,1450,0,1
23.86,Utilities,UPI,Mobile,Hyderabad,0,68,117.66,223,0,0
12.01,Fashion,Credit Card,POS,Hyderabad,0,139,311.98,95,0,0
144.11,Electronics,Debit Card,Mobile,Bengaluru,0,141,404.1,584,0,0
332.85,Utilities,UPI,Mobile,Mumbai,0,50,78.16,1755,0,0
59.67,Grocery,UPI,Desktop,Mumbai,0,82,303.26,630,0,0
15.07,Fashion,UPI,Mobile,Hyderabad,0,19,347.79,1529,0,0
25.43,Health,PayPal,Mobile,Mumbai,0,44,375.8,1741,0,0
1.48,Health,NetBanking,Mobile,Kolkata,0,161,82.36,1934,0,0
196.55,Grocery,Credit Card,Desktop,Mumbai,0,166,414.31,1079,0,0
10.02,Travel,NetBanking,Mobile,Bengaluru,0,3,56.13,1152,1,0
68.74,Health,NetBanking,Mobile,Pune,0,113,264.6,505,0,0
25.62,Electronics,NetBanking,POS,Bengaluru,0,65,227.27,602,0,0
64.63,Fashion,UPI,POS,Mumbai,0,163,118.67,1946,0,0
84.31,Utilities,NetBanking,POS,Bengaluru,0,164,157.95,791,0,0
141.64,Electronics,PayPal,POS,Chennai,0,166,90.57,916,0,0
18.5,Travel,Debit Card,Desktop,Hyderabad,0,39,218.61,859,0,0
0.88,Electronics,UPI,POS,Pune,0,153,27.4,1790,0,0
11.78,Electronics,Credit Card,Mobile,Chennai,1,64,445.57,111,0,1
184.22,Food,Debit Card,POS,Chennai,0,104,90.11,1451,0,0
165.65,Electronics,Debit Card,Desktop,Mumbai,0,13,444.15,1747,0,0
72.79,Grocery,Debit Card,POS,Mumbai,0,68,433.15,1990,0,0
73.41,Fashion,NetBanking,POS,Chennai,0,70,231.32,729,0,0
87.5,Food,NetBanking,Desktop,Chennai,0,75,253.89,1446,0,1
15.43,Fashion,UPI,Desktop,Delhi,0,1,157.94,73,0,0
196.66,Fashion,NetBanking,Desktop,Delhi,1,182,498.47,853,0,0
43.41,Travel,NetBanking,Desktop,Kolkata,0,98,338.68,1531,0,0
38.65,Travel,NetBanking,Desktop,Hyderabad,1,104,476.39,1824,0,1
58.54,Food,UPI,Desktop,Chennai,0,116,213.25,639,0,0
3.85,Health,UPI,Mobile,Bengaluru,0,137,442.68,1918,0,0
14.55,Entertainment,PayPal,POS,Pune,0,164,229.63,1144,0,0
107.16,Travel,PayPal,POS,Delhi,0,113,434.75,1880,0,0
6.91,Entertainment,PayPal,Desktop,Mumbai,0,103,74.15,1382,0,1
73.94,Travel,PayPal,Desktop,Chennai,1,37,322.06,1706,0,0
22.52,Travel,Debit Card,Mobile,Bengaluru,1,106,342.56,1467,0,1
39.45,Fashion,Debit Card,Mobile,Pune,1,187,331.52,1874,0,0
27.25,Food,PayPal,Desktop,Bengaluru,0,108,229.04,1817,0,0
35.16,Fashion,PayPal,Mobile,Kolkata,1,21,345.12,749,0,0
101.57,Utilities,Credit Card,Mobile,Bengaluru,0,148,127.34,720,0,0
28.21,Grocery,Debit Card,Desktop,Mumbai,0,129,301.97,1863,0,0
66.85,Fashion,Credit Card,Desktop,Delhi,0,187,281.58,1975,0,0
51.71,Entertainment,Credit Card,Desktop,Bengaluru,0,28,165.99,728,0,0
87.17,Entertainment,NetBanking,Desktop,Pune,1,199,391.64,866,0,0
220.95,Grocery,UPI,POS,Delhi,1,184,49.63,139,0,0
105.51,Electronics,Debit Card,POS,Kolkata,0,108,94.01,248,0,0
19.36,Electronics,PayPal,Desktop,Kolkata,0,9,240.86,492,0,0
2.53,Grocery,PayPal,Mobile,Hyderabad,0,193,446.95,889,0,0
24.33,Grocery,UPI,Desktop,Mumbai,0,164,291.83,544,0,0
72.32,Fashion,Debit Card,POS,Delhi,0,162,422.61,1606,0,0
4.22,Grocery,PayPal,Mobile,Kolkata,0,32,263.61,666,0,0
54.87,Utilities,PayPal,POS,Kolkata,0,66,394.87,1310,0,0
72.67,Food,NetBanking,Desktop,Delhi,0,100,169.64,1246,0,0
32.55,Electronics,Credit Card,POS,Bengaluru,0,153,409.42,656,1,1
117.89,Electronics,PayPal,POS,Pune,0,179,206.83,99,0,1
9.02,Utilities,Debit Card,POS,Bengaluru,0,191,283.83,488,0,0
6.25,Health,UPI,Mobile,Pune,0,173,96.18,1435,0,0
104.21,Utilities,NetBanking,POS,Kolkata,0,154,461.01,1871,0,0
54.73,Utilities,Debit Card,Mobile,Kolkata,0,21,353.71,1547,0,1
93.28,Grocery,NetBanking,Desktop,Mumbai,0,82,430.84,1901,0,0
45.65,Travel,Credit Card,Desktop,Delhi,0,179,111.85,126,0,0
22.63,Travel,PayPal,POS,Chennai,0,24,43.17,1781,0,0
136.79,Utilities,Debit Card,Mobile,Kolkata,0,111,175.23,1880,0,0
128.52,Grocery,UPI,Desktop,Pune,0,92,263.18,253,0,0
94.92,Food,Credit Card,Mobile,Pune,0,12,403.16,1895,0,0
25.41,Travel,Credit Card,Mobile,Bengaluru,0,139,204.89,860,0,0
71.37,Health,NetBanking,POS,Bengaluru,0,155,142.28,1334,0,0
35.82,Entertainment,Credit Card,POS,Kolkata,0,23,192.55,1959,0,0
7.68,Grocery,Debit Card,Mobile,Kolkata,0,161,354.77,1386,0,0
199.42,Utilities,NetBanking,Mobile,Hyderabad,0,92,174.75,1945,0,0
11.77,Food,Credit Card,POS,Pune,0,166,489.79,670,0,0
240.04,Food,UPI,Mobile,Mumbai,0,183,95.74,1664,0,0
47.25,Fashion,Debit Card,POS,Delhi,0,198,379.02,1835,0,0
16.38,Food,UPI,Mobile,Delhi,0,170,298.69,1458,0,0
62.45,Travel,UPI,POS,Delhi,0,123,124.22,525,0,0
165.05,Utilities,NetBanking,Mobile,Pune,1,157,379.27,1812,0,0
105.41,Entertainment,PayPal,POS,Bengaluru,0,34,229.29,1239,0,0
131.42,Travel,NetBanking,Mobile,Mumbai,0,125,344.38,1809,0,0
86.02,Grocery,Debit Card,Desktop,Delhi,0,57,334.51,1091,0,0
94.28,Entertainment,Debit Card,Desktop,Pune,1,3,64.22,798,0,0
151.34,Grocery,NetBanking,Mobile,Chennai,0,6,421.59,1905,0,1
22.98,Food,PayPal,Desktop,Kolkata,0,48,343.92,789,0,0
53.78,Health,NetBanking,Mobile,Hyderabad,0,102,392.49,1698,1,0
20.0,Electronics,Debit Card,Mobile,Hyderabad,0,192,229.41,517,1,1
351.64,Entertainment,PayPal,Desktop,Delhi,0,120,105.58,585,1,0
230.68,Utilities,Debit Card,Mobile,Bengaluru,0,13,169.84,1021,0,0
3.22,Fashion,PayPal,POS,Hyderabad,1,36,451.72,1758,0,0
97.82,Electronics,PayPal,Mobile,Hyderabad,1,70,469.63,1559,0,0
207.49,Food,NetBanking,Mobile,Hyderabad,0,33,246.11,518,0,1
15.93,Food,NetBanking,Desktop,Hyderabad,1,105,156.41,86,0,1
67.14,Utilities,NetBanking,POS,Delhi,0,57,367.85,541,0,0
197.67,Electronics,PayPal,Mobile,Pune,0,55,385.34,1301,0,0
2.76,Fashion,PayPal,Mobile,Mumbai,0,107,409.58,133,0,0
95.63,Entertainment,Debit Card,Mobile,Mumbai,0,141,25.23,586,0,0
28.23,Entertainment,UPI,Mobile,Bengaluru,0,51,14.77,89,0,0
206.58,Electronics,NetBanking,Mobile,Pune,0,92,185.01,1631,0,0
283.4,Grocery,Debit Card,Mobile,Kolkata,0,53,84.72,764,0,0
230.97,Travel,Debit Card,POS,Chennai,0,36,404.44,1612,0,0
51.43,Health,Credit Card,POS,Mumbai,0,133,271.09,1291,0,0
158.46,Grocery,NetBanking,Mobile,Chennai,0,119,414.42,400,0,0
148.91,Entertainment,Debit Card,Mobile,Mumbai,1,25,96.69,55,0,0
30.75,Travel,Credit Card,Desktop,Mumbai,0,81,317.34,422,0,0
141.25,Health,NetBanking,POS,Bengaluru,0,37,294.28,1872,0,0
3.02,Health,PayPal,POS,Hyderabad,0,19,176.79,635,0,0
72.56,Health,Credit Card,Mobile,Bengaluru,0,35,263.37,139,0,0
20.91,Food,PayPal,POS,Mumbai,0,107,298.62,1445,1,1
10.28,Utilities,UPI,POS,Pune,0,162,445.85,802,0,0
6.41,Health,UPI,Desktop,Hyderabad,0,54,37.26,283,0,0
95.33,Fashion,UPI,Desktop,Pune,0,174,413.45,1860,0,0
33.23,Electronics,UPI,POS,Pune,0,6,490.28,1889,0,0
103.21,Entertainment,Debit Card,POS,Pune,1,129,368.57,1605,0,0
5.41,Fashion,UPI,POS,Hyderabad,0,199,371.3,1857,0,1
30.3,Electronics,Debit Card,Mobile,Pune,0,34,116.81,946,0,0
62.03,Grocery,Debit Card,Desktop,Hyderabad,0,56,266.31,795,0,0
125.13,Utilities,NetBanking,Mobile,Chennai,0,97,355.91,1150,0,0
30.71,Grocery,Debit Card,Desktop,Kolkata,0,26,305.12,567,0,0
78.66,Electronics,Debit Card,Desktop,Mumbai,0,170,198.71,1157,0,0
173.71,Fashion,UPI,Desktop,Delhi,0,91,470.66,644,0,0
76.54,Electronics,Debit Card,POS,Pune,0,38,261.85,616,0,0
21.22,Health,PayPal,Desktop,Bengaluru,0,154,485.24,626,0,0
1.98,Food,UPI,Mobile,Chennai,0,59,286.3,1549,0,0
163.28,Entertainment,Credit Card,Desktop,Bengaluru,0,127,398.76,1267,0,0
1.72,Grocery,UPI,Mobile,Delhi,0,24,373.59,142,0,0
166.16,Entertainment,Debit Card,Desktop,Hyderabad,0,111,333.8,1365,0,0
60.22,Food,PayPal,Desktop,Delhi,0,21,17.09,598,0,0
223.84,Health,UPI,POS,Bengaluru,0,60,47.94,984,0,0
128.27,Health,PayPal,Mobile,Delhi,0,90,294.93,925,0,0
494.58,Grocery,Credit Card,Desktop,Mumbai,0,148,456.77,1154,0,0
34.55,Grocery,Credit Card,Desktop,Delhi,0,6,304.56,791,0,0
116.6,Health,NetBanking,Mobile,Pune,0,195,125.64,1700,0,0
41.12,Travel,NetBanking,Desktop,Mumbai,0,10,166.91,967,0,0
52.29,Entertainment,UPI,POS,Pune,0,140,315.35,682,0,0
79.0,Utilities,NetBanking,Mobile,Kolkata,0,97,302.56,113,0,0
165.51,Food,PayPal,POS,Kolkata,0,150,478.29,748,0,1
331.23,Entertainment,NetBanking,Mobile,Delhi,0,190,269.25,1795,0,0
116.98,Food,PayPal,Mobile,Mumbai,0,189,183.96,1983,0,0
43.27,Travel,NetBanking,Mobile,Mumbai,0,80,267.25,897,0,0
43.77,Utilities,NetBanking,Desktop,Kolkata,0,17,395.25,978,0,0
107.03,Fashion,NetBanking,Mobile,Delhi,0,138,274.78,331,0,0
21.83,Food,Debit Card,Mobile,Chennai,0,140,169.77,1626,0,0
9.37,Entertainment,Debit Card,Mobile,Hyderabad,0,83,175.92,1270,0,0
35.03,Electronics,NetBanking,POS,Hyderabad,0,40,380.84,597,0,1
27.09,Utilities,PayPal,Mobile,Hyderabad,0,151,42.56,570,0,0
28.11,Health,UPI,Desktop,Mumbai,0,168,144.63,1676,0,0
21.28,Health,Credit Card,Mobile,Kolkata,0,74,84.99,121,0,0
3.44,Travel,Debit Card,Mobile,Hyderabad,0,74,472.89,683,0,0
1.44,Food,NetBanking,POS,Kolkata,0,50,54.15,1505,0,0
352.0,Fashion,Credit Card,Desktop,Mumbai,0,10,381.51,643,0,0
44.66,Food,Debit Card,Desktop,Kolkata,0,103,318.91,100,0,0
38.8,Health,UPI,Desktop,Chennai,0,94,320.07,1578,0,0
91.07,Grocery,PayPal,Mobile,Delhi,0,132,384.08,1454,0,0
19.7,Electronics,NetBanking,Mobile,Kolkata,0,129,206.24,698,0,0
239.6,Utilities,UPI,Desktop,Kolkata,0,43,206.36,110,0,0
123.47,Travel,Debit Card,Desktop,Delhi,0,83,151.47,1153,0,0
7.49,Grocery,NetBanking,POS,Mumbai,1,133,302.9,624,0,0
43.25,Entertainment,Credit Card,Desktop,Mumbai,1,104,465.6,247,0,0
169.04,Fashion,PayPal,Mobile,Kolkata,0,34,462.75,913,0,0
231.64,Grocery,Debit Card,Mobile,Chennai,0,194,354.45,778,0,1
50.4,Entertainment,PayPal,Mobile,Hyderabad,0,24,454.03,154,0,1
76.03,Grocery,NetBanking,POS,Chennai,0,142,482.12,230,0,0
14.62,Fashion,UPI,Desktop,Delhi,1,41,399.6,1055,0,1
378.36,Utilities,PayPal,Mobile,Delhi,0,170,209.84,603,0,0
21.08,Grocery,Credit Card,POS,Pune,0,13,246.78,1073,0,0
228.8,Travel,Debit Card,POS,Hyderabad,0,157,466.32,1012,0,0
83.91,Health,Credit Card,Mobile,Kolkata,0,193,338.3,751,1,0
74.87,Food,PayPal,POS,Delhi,0,174,412.14,981,0,0
57.51,Grocery,UPI,POS,Pune,1,162,66.9,1911,0,1
20.98,Travel,UPI,Mobile,Mumbai,0,191,105.01,209,0,0
15.54,Food,Credit Card,POS,Delhi,0,132,178.61,1462,0,0
19.93,Utilities,NetBanking,Mobile,Bengaluru,0,28,102.24,1115,0,0
16.51,Entertainment,NetBanking,Mobile,Hyderabad,0,83,454.17,302,0,0
120.98,Food,UPI,POS,Pune,0,129,116.28,836,0,0
34.48,Entertainment,Credit Card,Mobile,Hyderabad,0,164,283.02,1806,0,0
4.77,Grocery,Credit Card,Mobile,Hyderabad,1,107,51.87,792,0,0
278.17,Travel,Credit Card,Desktop,Bengaluru,0,13,85.93,1063,0,0
172.19,Health,PayPal,Mobile,Chennai,0,114,131.23,728,0,0
210.21,Grocery,NetBanking,Desktop,Mumbai,0,106,491.62,950,0,0
422.4,Entertainment,NetBanking,Desktop,Hyderabad,0,5,400.56,651,0,0
15.28,Fashion,PayPal,Desktop,Delhi,1,97,340.04,569,0,0
40.37,Food,Debit Card,Desktop,Mumbai,0,14,458.97,1015,0,0
113.58,Grocery,PayPal,POS,Delhi,0,80,478.54,489,0,0
95.26,Entertainment,Credit Card,POS,Mumbai,0,120,232.25,1114,0,0
13.37,Utilities,PayPal,Mobile,Kolkata,0,160,170.57,1111,0,0
135.35,Food,Credit Card,Mobile,Mumbai,0,178,164.5,329,0,0
20.33,Utilities,UPI,Mobile,Pune,0,155,27.51,526,0,0
20.27,Entertainment,Credit Card,POS,Delhi,0,35,147.02,1392,0,0
61.6,Travel,NetBanking,Desktop,Delhi,0,3,183.97,1305,0,0
71.9,Electronics,PayPal,POS,Kolkata,1,4,28.08,1460,0,0
69.42,Utilities,Credit Card,POS,Mumbai,0,135,442.48,1309,0,0
7.68,Grocery,Debit Card,Mobile,Hyderabad,0,131,425.45,1434,0,0
167.95,Health,UPI,Mobile,Delhi,0,81,133.24,1198,0,0
24.7,Grocery,Debit Card,Mobile,Kolkata,0,111,403.25,620,0,0
11.1,Food,Debit Card,Desktop,Bengaluru,0,59,400.14,370,0,0
175.68,Travel,Debit Card,Desktop,Bengaluru,0,74,174.16,1859,0,0
249.25,Entertainment,UPI,POS,Mumbai,0,129,351.56,1851,0,0
158.51,Fashion,UPI,Desktop,Chennai,0,156,152.03,432,1,0
132.65,Health,UPI,Mobile,Mumbai,0,59,44.44,317,0,0
85.19,Travel,UPI,Desktop,Kolkata,0,118,257.35,1018,0,1
64.03,Utilities,Debit Card,Desktop,Mumbai,0,181,224.78,243,0,0
7.28,Utilities,NetBanking,Desktop,Hyderabad,0,138,77.69,561,0,0
42.0,Grocery,NetBanking,Desktop,Hyderabad,0,199,250.37,899,0,0
37.3,Fashion,UPI,Mobile,Pune,0,103,475.19,771,0,0
24.06,Travel,PayPal,Mobile,Kolkata,0,131,368.38,1629,0,0
102.82,Electronics,Credit Card,POS,Chennai,0,135,372.05,1601,0,0
54.79,Health,PayPal,POS,Kolkata,0,9,381.2,240,0,0
6.76,Food,PayPal,POS,Kolkata,1,99,374.87,200,0,0
19.9,Travel,PayPal,Desktop,Chennai,0,197,19.75,567,0,0
91.97,Travel,NetBanking,Desktop,Kolkata,1,141,463.1,1316,1,1
6.33,Electronics,Credit Card,Mobile,Chennai,1,168,416.77,831,0,0
152.42,Grocery,PayPal,POS,Chennai,0,114,144.54,705,0,0
54.68,Entertainment,UPI,Mobile,Chennai,0,62,280.84,419,0,0
52.4,Entertainment,NetBanking,POS,Kolkata,0,62,311.35,450,0,0
71.8,Health,UPI,POS,Kolkata,0,10,74.65,91,0,0
139.29,Health,UPI,POS,Mumbai,0,87,134.44,115,0,1
34.19,Food,PayPal,Desktop,Kolkata,0,11,21.39,1042,1,0
90.66,Travel,UPI,POS,Mumbai,1,62,433.34,1638,0,0
66.73,Fashion,Credit Card,POS,Pune,0,77,22.2,520,0,0
24.85,Travel,UPI,Desktop,Bengaluru,1,104,166.16,925,0,1
168.71,Entertainment,PayPal,POS,Bengaluru,0,56,48.34,89,0,0
127.73,Food,UPI,Desktop,Pune,0,110,392.89,506,0,0
85.94,Travel,NetBanking,Desktop,Pune,0,49,463.24,349,0,0
152.08,Electronics,NetBanking,Mobile,Delhi,0,16,285.78,719,0,0
161.57,Entertainment,NetBanking,Desktop,Mumbai,0,73,78.39,81,0,0
98.58,Travel,Debit Card,Desktop,Chennai,0,116,283.5,686,1,0
145.13,Travel,NetBanking,Desktop,Delhi,1,93,387.47,857,0,0
95.65,Entertainment,NetBanking,POS,Hyderabad,0,137,362.02,1130,0,0
91.19,Fashion,Debit Card,Mobile,Mumbai,0,33,373.44,148,0,0
77.11,Entertainment,NetBanking,POS,Kolkata,0,88,146.8,750,0,0
111.78,Electronics,PayPal,Desktop,Pune,0,163,46.13,1235,0,0
13.82,Electronics,NetBanking,Desktop,Bengaluru,0,39,82.99,535,0,0
170.2,Travel,NetBanking,Mobile,Mumbai,0,114,478.2,1703,0,0
164.36,Health,Debit Card,Mobile,Pune,0,77,310.62,666,0,0
2.37,Fashion,PayPal,Desktop,Mumbai,0,87,366.67,182,0,0
139.81,Travel,UPI,Desktop,Kolkata,0,153,450.54,1071,0,0
11.04,Entertainment,Credit Card,POS,Mumbai,0,114,427.85,1117,1,1
32.65,Travel,PayPal,Desktop,Kolkata,0,56,117.02,526,0,0
108.85,Food,UPI,POS,Mumbai,0,176,38.45,1801,0,0
14.02,Food,PayPal,Mobile,Hyderabad,0,138,463.31,108,0,0
136.29,Health,UPI,POS,Bengaluru,0,41,491.02,88,0,1
142.77,Fashion,UPI,Desktop,Mumbai,0,104,288.0,1464,0,0
56.66,Grocery,PayPal,POS,Pune,0,99,445.32,792,0,0
0.51,Utilities,Debit Card,POS,Hyderabad,0,59,123.59,855,0,0
27.07,Food,PayPal,Mobile,Delhi,0,156,64.41,1114,0,0
76.76,Grocery,PayPal,POS,Mumbai,0,122,254.91,1520,0,0
317.85,Electronics,UPI,Desktop,Kolkata,1,120,407.48,1683,0,1
79.93,Food,Credit Card,POS,Hyderabad,0,41,330.78,1132,0,0
24.07,Food,UPI,POS,Chennai,0,66,322.29,1802,0,0
80.41,Fashion,NetBanking,POS,Delhi,0,179,18.55,1892,0,0
62.12,Health,PayPal,Desktop,Bengaluru,0,62,165.57,1736,1,1
121.07,Grocery,PayPal,POS,Mumbai,0,158,470.35,1541,0,0
9.05,Entertainment,Debit Card,Desktop,Mumbai,0,40,75.79,273,0,0
114.51,Food,UPI,POS,Hyderabad,0,40,365.92,237,0,0
62.34,Food,Debit Card,Mobile,Bengaluru,0,197,382.06,885,0,0
263.73,Fashion,PayPal,Mobile,Chennai,0,102,369.09,1140,0,0
33.47,Fashion,UPI,Mobile,Delhi,0,190,494.75,1704,0,0
80.11,Health,UPI,Desktop,Pune,1,15,210.51,629,0,1
215.09,Grocery,NetBanking,Desktop,Bengaluru,0,124,344.27,674,0,0
8.65,Electronics,NetBanking,Desktop,Mumbai,0,131,104.89,68,0,0
221.46,Entertainment,Credit Card,POS,Hyderabad,0,24,205.86,1229,0,0
93.15,Health,NetBanking,Desktop,Chennai,0,169,250.86,507,0,0
5.62,Utilities,UPI,Desktop,Hyderabad,0,191,115.27,1645,0,0
28.64,Electronics,NetBanking,Desktop,Delhi,0,48,454.34,49,0,0
98.53,Travel,Credit Card,Desktop,Kolkata,0,189,360.94,250,0,0
5.58,Food,PayPal,Mobile,Kolkata,0,48,149.04,1902,0,0
69.81,Grocery,NetBanking,POS,Bengaluru,0,47,76.13,304,0,0
33.96,Health,UPI,Mobile,Hyderabad,0,184,151.05,1753,0,0
77.6,Food,PayPal,POS,Pune,0,105,315.26,1207,0,1
3.75,Grocery,UPI,POS,Pune,0,113,414.94,492,0,0
164.17,Grocery,PayPal,Mobile,Kolkata,0,8,256.55,1462,0,0
290.42,Grocery,UPI,Desktop,Kolkata,1,18,60.22,1708,0,0
277.59,Food,NetBanking,Mobile,Hyderabad,0,108,132.16,280,1,0
110.79,Health,NetBanking,POS,Mumbai,0,84,179.12,241,0,0
11.15,Entertainment,Credit Card,POS,Hyderabad,0,151,321.71,1531,0,0
113.59,Fashion,PayPal,Desktop,Chennai,0,197,130.86,1714,0,0
1.99,Food,Credit Card,Mobile,Bengaluru,0,65,124.62,716,0,0
1.79,Utilities,Debit Card,POS,Delhi,0,109,150.24,448,0,0
31.28,Grocery,NetBanking,Mobile,Pune,0,46,300.34,1225,0,0
53.66,Health,PayPal,Desktop,Hyderabad,0,66,251.39,536,0,0
117.72,Entertainment,Credit Card,Desktop,Chennai,0,80,422.4,675,0,0
91.98,Travel,Credit Card,POS,Kolkata,1,197,351.99,1681,0,0
47.23,Utilities,Debit Card,Desktop,Pune,0,150,336.74,898,0,1
25.58,Electronics,Credit Card,POS,Pune,0,193,85.78,1256,0,0
468.12,Utilities,UPI,POS,Delhi,0,140,37.06,1972,0,0
44.44,Grocery,NetBanking,Desktop,Pune,0,147,259.9,521,0,0
48.03,Travel,Credit Card,Desktop,Chennai,0,150,45.1,324,0,0
14.29,Fashion,Credit Card,Mobile,Pune,0,183,188.37,486,0,0
126.71,Entertainment,Debit Card,Mobile,Pune,1,106,22.8,1199,0,0
94.65,Entertainment,UPI,POS,Hyderabad,0,126,96.64,1291,0,0
19.96,Grocery,Credit Card,Mobile,Hyderabad,0,190,64.08,769,0,0
6.88,Utilities,NetBanking,POS,Kolkata,0,179,402.48,1820,0,0
91.28,Utilities,NetBanking,Desktop,Bengaluru,0,176,179.6,453,0,0
85.02,Entertainment,Credit Card,Desktop,Mumbai,0,145,48.63,1037,0,0
25.53,Travel,UPI,Mobile,Chennai,0,13,140.09,321,0,0
241.05,Grocery,NetBanking,POS,Mumbai,0,28,344.58,185,0,0
13.1,Food,NetBanking,POS,Mumbai,0,123,375.36,1904,0,0
45.3,Health,UPI,Mobile,Pune,0,67,68.73,379,0,0
230.05,Travel,UPI,POS,Kolkata,0,5,391.5,1495,0,0
43.54,Health,Credit Card,POS,Delhi,0,100,191.57,1987,1,0
81.41,Food,PayPal,Desktop,Delhi,1,188,342.9,272,0,1
40.55,Food,Debit Card,POS,Pune,0,143,339.04,1260,0,0
25.64,Health,PayPal,POS,Kolkata,0,81,398.86,1481,1,0
330.7,Travel,PayPal,POS,Chennai,0,44,351.62,1819,0,0
42.12,Health,NetBanking,Mobile,Mumbai,0,119,29.05,1001,0,0
179.62,Health,UPI,Mobile,Bengaluru,0,46,264.55,287,0,0
20.9,Electronics,NetBanking,Mobile,Kolkata,0,157,91.43,614,1,1
19.17,Travel,Debit Card,POS,Mumbai,0,68,485.28,64,0,0
2.53,Utilities,Credit Card,POS,Delhi,0,128,135.36,1182,0,0
84.37,Utilities,Debit Card,Mobile,Mumbai,0,49,215.85,459,0,0
36.78,Electronics,NetBanking,Mobile,Hyderabad,0,171,106.38,1753,0,0
159.82,Grocery,NetBanking,POS,Hyderabad,0,102,75.95,1372,0,0
51.28,Entertainment,NetBanking,POS,Bengaluru,1,196,304.46,124,0,0
275.85,Utilities,NetBanking,Desktop,Chennai,0,77,251.66,249,0,0
16.42,Health,PayPal,Mobile,Mumbai,1,20,193.58,330,0,0
162.37,Grocery,Credit Card,POS,Hyderabad,0,111,51.86,1690,0,0
119.9,Utilities,PayPal,Mobile,Chennai,0,146,370.62,1238,0,0
117.9,Travel,NetBanking,Mobile,Kolkata,0,192,12.87,1090,0,0
149.03,Health,UPI,Mobile,Kolkata,0,177,234.25,804,0,0
114.51,Entertainment,PayPal,Desktop,Hyderabad,1,115,319.96,1675,1,1
78.73,Grocery,NetBanking,POS,Chennai,0,170,221.05,429,0,0
11.26,Utilities,NetBanking,POS,Chennai,0,12,71.84,719,0,0
2.65,Utilities,Credit Card,Mobile,Hyderabad,0,79,391.34,1195,0,0
202.91,Fashion,Debit Card,POS,Pune,0,119,168.73,1022,0,0
76.7,Utilities,PayPal,Desktop,Delhi,0,36,76.03,163,0,0
127.38,Food,PayPal,Mobile,Chennai,0,8,279.63,1498,1,1
52.55,Health,PayPal,Desktop,Kolkata,0,28,19.39,690,0,0
9.98,Entertainment,NetBanking,Desktop,Pune,0,116,168.79,1959,0,0
10.7,Food,Credit Card,POS,Mumbai,0,86,377.81,1341,0,0
92.56,Electronics,NetBanking,POS,Pune,0,188,457.23,1955,1,0
45.01,Grocery,NetBanking,Desktop,Hyderabad,0,49,299.95,287,0,0
17.9,Utilities,UPI,POS,Pune,0,166,116.63,1092,1,0
54.12,Electronics,Credit Card,Desktop,Delhi,0,80,117.8,334,0,0
5.31,Entertainment,PayPal,Desktop,Hyderabad,0,186,305.9,1336,0,0
69.78,Health,Debit Card,Mobile,Bengaluru,0,5,209.31,1877,0,0
25.07,Food,PayPal,Desktop,Mumbai,0,46,96.86,555,0,0
127.78,Food,NetBanking,Desktop,Kolkata,0,98,395.82,436,0,0
29.73,Grocery,Credit Card,POS,Bengaluru,0,102,108.12,1412,0,0
48.59,Health,Credit Card,Mobile,Pune,0,2,167.6,915,0,0
0.94,Utilities,Credit Card,POS,Chennai,0,25,40.1,407,0,0
6.02,Fashion,UPI,Mobile,Pune,0,1,353.67,498,0,0
39.87,Fashion,PayPal,POS,Kolkata,0,197,144.89,902,0,0
52.3,Grocery,UPI,Desktop,Kolkata,0,168,124.1,1019,0,0
73.31,Health,Debit Card,Mobile,Chennai,0,68,158.65,1334,0,0
27.59,Grocery,NetBanking,Mobile,Bengaluru,0,69,438.32,1618,0,0
94.99,Health,UPI,Mobile,Bengaluru,0,197,263.83,40,0,0
157.36,Entertainment,UPI,Mobile,Chennai,0,16,87.36,704,0,0
121.08,Entertainment,NetBanking,POS,Delhi,0,182,389.5,724,0,0
3.23,Electronics,Credit Card,POS,Mumbai,0,191,112.14,1239,0,0
52.39,Utilities,NetBanking,Mobile,Hyderabad,0,18,212.11,1602,0,0
8.87,Grocery,PayPal,Mobile,Bengaluru,0,107,288.36,1002,0,0
22.17,Utilities,NetBanking,Mobile,Mumbai,0,17,296.38,38,0,1
345.37,Health,Credit Card,POS,Hyderabad,0,125,43.83,57,0,0
12.3,Fashion,NetBanking,Mobile,Pune,0,82,420.03,852,0,0
55.27,Utilities,UPI,Mobile,Hyderabad,0,4,244.92,715,0,0
77.02,Health,Debit Card,Mobile,Bengaluru,0,115,494.74,1517,0,0
96.98,Entertainment,UPI,POS,Delhi,0,95,361.55,1692,0,0
65.61,Health,Debit Card,Desktop,Delhi,0,95,496.36,540,0,0
0.79,Grocery,NetBanking,Desktop,Mumbai,0,137,232.2,531,0,0
31.62,Electronics,PayPal,POS,Pune,0,31,78.98,611,0,0
58.34,Electronics,NetBanking,Desktop,Mumbai,0,133,366.38,1848,0,0
7.36,Electronics,Credit Card,Mobile,Chennai,0,16,391.1,807,0,0
34.54,Electronics,NetBanking,Mobile,Delhi,0,42,427.89,1716,0,0
2.7,Entertainment,Debit Card,POS,Mumbai,0,169,157.71,690,0,0
6.55,Travel,UPI,POS,Chennai,0,30,260.24,1271,0,0
40.46,Utilities,PayPal,Desktop,Pune,0,26,430.18,1482,0,0
11.39,Grocery,NetBanking,Desktop,Kolkata,0,177,433.72,1691,0,1
67.06,Food,NetBanking,Mobile,Hyderabad,0,31,22.59,32,0,0
93.56,Grocery,UPI,POS,Mumbai,0,50,338.75,1240,0,0
128.99,Travel,PayPal,Desktop,Chennai,0,143,304.83,72,0,0
17.87,Electronics,NetBanking,Desktop,Delhi,0,52,50.84,1664,0,0
14.66,Travel,NetBanking,Mobile,Hyderabad,0,166,465.77,804,0,0
8.84,Fashion,Debit Card,Mobile,Mumbai,0,38,228.23,1464,0,1
80.94,Fashion,Debit Card,Mobile,Delhi,0,188,340.39,1243,0,0
98.06,Utilities,Credit Card,Mobile,Kolkata,0,20,442.57,71,0,0
2.57,Entertainment,UPI,Desktop,Hyderabad,0,99,73.76,1150,0,0
220.18,Grocery,PayPal,POS,Bengaluru,0,44,429.36,1825,0,0
4.27,Grocery,NetBanking,POS,Delhi,0,111,364.91,759,0,0
62.35,Food,NetBanking,Mobile,Bengaluru,0,89,421.4,677,0,0
98.77,Entertainment,Credit Card,Mobile,Pune,0,63,252.47,1905,0,0
163.82,Food,NetBanking,Desktop,Mumbai,0,118,26.41,686,0,0
100.17,Fashion,UPI,Mobile,Kolkata,0,178,338.55,1570,0,0
129.45,Electronics,Credit Card,POS,Chennai,0,150,193.52,910,0,0
33.17,Travel,UPI,Mobile,Mumbai,0,72,207.18,1958,0,0
134.92,Food,Credit Card,POS,Delhi,0,54,226.22,1189,0,0
6.68,Health,NetBanking,Mobile,Bengaluru,0,137,251.53,539,0,0
180.16,Food,Credit Card,Mobile,Bengaluru,0,143,334.35,1572,0,0
63.45,Electronics,Debit Card,POS,Hyderabad,0,48,366.12,66,0,0
135.99,Electronics,PayPal,Desktop,Mumbai,0,148,390.65,852,0,0
48.16,Grocery,NetBanking,Desktop,Mumbai,0,163,339.09,608,0,0
82.53,Travel,PayPal,Mobile,Delhi,0,101,403.7,1957,0,0
59.79,Electronics,NetBanking,Mobile,Bengaluru,0,195,69.85,866,0,0
105.22,Entertainment,PayPal,POS,Delhi,1,60,420.04,546,0,0
6.81,Food,Debit Card,POS,Delhi,0,98,199.77,814,0,0
4.98,Food,PayPal,Mobile,Pune,0,162,269.1,1050,0,0
22.71,Fashion,Credit Card,POS,Bengaluru,0,100,222.55,908,0,0
13.9,Electronics,PayPal,Desktop,Delhi,0,99,243.1,1111,0,0
164.32,Health,NetBanking,Desktop,Bengaluru,0,73,149.86,988,0,0
19.8,Grocery,UPI,POS,Delhi,0,119,93.28,184,0,0
297.93,Travel,PayPal,POS,Chennai,1,182,61.4,1925,0,0
32.87,Health,PayPal,POS,Delhi,0,128,231.19,142,0,0
16.08,Grocery,PayPal,Desktop,Delhi,1,140,71.38,1513,0,0
124.74,Food,NetBanking,Mobile,Kolkata,0,88,130.04,1657,0,0
86.0,Health,PayPal,POS,Chennai,0,105,75.47,865,0,0
55.16,Grocery,NetBanking,POS,Mumbai,0,19,63.47,1809,0,0
64.84,Food,NetBanking,POS,Bengaluru,0,80,442.41,1849,0,0
101.61,Food,UPI,Mobile,Kolkata,0,26,340.27,630,0,0
20.75,Food,Credit Card,POS,Hyderabad,1,151,462.64,471,0,0
448.69,Food,NetBanking,POS,Chennai,0,121,325.57,1743,0,0
294.45,Entertainment,Debit Card,Desktop,Kolkata,0,33,423.54,257,0,1
84.06,Food,PayPal,POS,Mumbai,0,106,282.1,903,0,0
17.81,Fashion,Debit Card,Desktop,Delhi,0,185,236.69,1632,0,0
91.21,Health,PayPal,Mobile,Pune,0,30,268.95,1175,0,0
5.99,Grocery,UPI,POS,Mumbai,0,151,166.91,700,0,0
2.49,Fashion,NetBanking,POS,Chennai,0,126,332.41,1410,0,0
23.84,Entertainment,Credit Card,Desktop,Pune,0,36,449.62,1321,0,0
49.68,Utilities,NetBanking,Mobile,Delhi,0,125,393.35,724,0,0
162.16,Utilities,PayPal,Mobile,Mumbai,0,124,236.38,1538,0,0
103.91,Fashion,Credit Card,Desktop,Hyderabad,0,171,477.42,898,0,0
108.6,Electronics,NetBanking,Mobile,Bengaluru,0,194,492.86,1057,0,0
44.34,Electronics,Credit Card,Mobile,Bengaluru,0,181,251.62,1531,0,0
33.96,Electronics,PayPal,Mobile,Chennai,1,118,433.67,150,0,0
37.09,Travel,UPI,Mobile,Kolkata,1,123,12.34,771,0,0
351.53,Electronics,UPI,Mobile,Delhi,0,188,42.66,1863,0,0
3.27,Grocery,NetBanking,Mobile,Delhi,1,37,20.97,1539,0,0
161.41,Fashion,Debit Card,Mobile,Bengaluru,0,61,388.85,1272,0,0
69.15,Grocery,PayPal,Mobile,Mumbai,0,96,49.09,723,0,1
46.19,Health,NetBanking,POS,Delhi,0,120,18.35,1331,0,0
103.35,Electronics,NetBanking,Desktop,Hyderabad,0,181,82.24,286,0,0
53.35,Entertainment,UPI,Mobile,Hyderabad,0,12,160.08,1357,0,0
165.35,Travel,Credit Card,Desktop,Delhi,0,122,237.7,72,0,0
184.77,Health,PayPal,Mobile,Delhi,0,35,42.05,899,1,0
43.82,Entertainment,Credit Card,Mobile,Bengaluru,0,67,254.5,945,0,0
25.93,Travel,PayPal,POS,Chennai,0,38,131.55,1583,0,0
71.79,Utilities,Debit Card,Desktop,Bengaluru,0,24,144.44,1763,0,0
194.76,Health,UPI,Desktop,Chennai,0,81,412.73,1742,0,1
18.92,Utilities,Debit Card,POS,Hyderabad,0,168,493.59,617,0,0
78.03,Fashion,NetBanking,POS,Chennai,0,193,237.29,942,0,0
79.88,Grocery,UPI,Desktop,Bengaluru,0,185,167.67,1746,0,0
105.67,Food,NetBanking,Mobile,Delhi,0,72,466.41,1203,0,0
11.29,Grocery,Debit Card,Mobile,Chennai,0,79,255.22,623,0,0
100.65,Electronics,PayPal,Desktop,Bengaluru,0,114,367.87,1063,0,0
191.78,Utilities,NetBanking,Mobile,Hyderabad,0,45,212.73,821,0,0
15.85,Entertainment,Credit Card,POS,Pune,0,125,109.25,241,0,0
21.7,Food,PayPal,POS,Chennai,0,96,330.89,1705,0,0
284.33,Travel,PayPal,POS,Hyderabad,1,13,335.77,1313,0,0
15.97,Utilities,Debit Card,Desktop,Hyderabad,0,110,235.49,1991,0,0
154.14,Fashion,Debit Card,Desktop,Mumbai,0,6,142.28,1435,0,0
54.23,Fashion,UPI,Desktop,Pune,0,97,417.59,1442,0,0
22.72,Utilities,UPI,Mobile,Chennai,0,71,144.91,951,0,0
163.68,Utilities,Credit Card,Desktop,Bengaluru,0,47,332.92,1793,0,0
47.15,Utilities,PayPal,Desktop,Chennai,0,93,198.15,365,0,0
57.86,Travel,Credit Card,POS,Chennai,0,101,241.52,1058,0,0
35.61,Electronics,Credit Card,Mobile,Pune,1,44,113.59,951,0,0
71.91,Travel,Debit Card,Mobile,Kolkata,0,32,328.25,112,0,0
14.28,Health,Credit Card,POS,Hyderabad,0,3,120.65,1059,0,0
39.69,Entertainment,Credit Card,Mobile,Hyderabad,0,182,248.0,181,0,0
278.97,Utilities,NetBanking,Desktop,Hyderabad,0,84,170.95,1788,0,0
23.89,Entertainment,UPI,Mobile,Hyderabad,0,166,482.17,1234,0,0
85.54,Electronics,UPI,POS,Pune,0,4,491.29,1828,0,0
31.47,Food,PayPal,Mobile,Bengaluru,0,145,379.21,1831,0,0
118.79,Travel,UPI,POS,Delhi,0,165,492.12,1220,0,0
11.22,Electronics,PayPal,Desktop,Mumbai,0,88,65.64,1523,0,0
280.05,Entertainment,NetBanking,Desktop,Kolkata,0,106,496.24,107,0,0
48.38,Food,UPI,POS,Kolkata,0,105,60.74,441,0,0
21.54,Travel,NetBanking,Desktop,Hyderabad,0,36,213.57,1607,0,0
6.11,Fashion,UPI,Desktop,Hyderabad,0,58,127.08,1627,0,0
14.88,Travel,UPI,Mobile,Mumbai,0,169,477.38,410,0,0
58.68,Grocery,NetBanking,Desktop,Hyderabad,0,8,321.54,977,0,1
32.88,Travel,Credit Card,POS,Delhi,1,195,302.59,819,0,0
141.23,Grocery,Credit Card,Desktop,Kolkata,0,158,498.74,342,0,0
45.09,Food,Credit Card,Mobile,Chennai,0,86,310.09,893,0,0
22.88,Travel,Credit Card,POS,Mumbai,0,180,326.62,424,0,0
76.81,Food,UPI,Desktop,Kolkata,0,97,31.94,1963,0,0
98.15,Food,Debit Card,Desktop,Bengaluru,0,153,430.93,572,0,0
14.62,Entertainment,NetBanking,Desktop,Kolkata,0,180,485.34,33,0,0
14.68,Electronics,Debit Card,POS,Mumbai,0,59,480.55,138,0,0
2.99,Food,Debit Card,Mobile,Delhi,1,30,118.34,947,0,0
106.67,Food,PayPal,POS,Pune,0,101,120.7,915,0,0
87.21,Entertainment,Credit Card,POS,Bengaluru,0,67,189.36,122,0,0
51.49,Entertainment,UPI,Mobile,Chennai,0,132,162.0,1152,0,0
148.72,Travel,Credit Card,POS,Hyderabad,0,93,159.75,221,0,0
131.06,Entertainment,Credit Card,POS,Mumbai,0,185,306.56,362,0,0
70.43,Travel,Debit Card,Desktop,Bengaluru,0,63,404.75,1265,0,0
162.16,Fashion,PayPal,POS,Mumbai,0,32,469.02,1648,0,1
18.44,Entertainment,Credit Card,Desktop,Chennai,0,87,43.25,1260,0,0
9.5,Electronics,NetBanking,POS,Mumbai,0,51,146.21,656,0,0
25.15,Food,NetBanking,Desktop,Kolkata,0,63,134.96,1015,0,0
4.7,Electronics,Credit Card,Desktop,Kolkata,0,80,185.15,1817,0,0
60.6,Grocery,Debit Card,Desktop,Bengaluru,0,87,217.92,602,0,0
220.67,Utilities,Debit Card,Mobile,Delhi,0,110,200.69,385,0,0
3.21,Entertainment,UPI,POS,Pune,0,101,476.55,1955,0,0
10.42,Food,PayPal,POS,Bengaluru,1,129,224.19,1306,0,1
48.15,Electronics,Debit Card,POS,Mumbai,0,19,280.28,620,0,0
217.3,Entertainment,UPI,Mobile,Chennai,0,101,376.83,225,0,0
30.4,Entertainment,NetBanking,Desktop,Kolkata,1,163,365.29,291,0,1
56.62,Utilities,NetBanking,POS,Hyderabad,0,191,295.65,351,0,0
3.4,Fashion,NetBanking,Mobile,Hyderabad,1,94,431.81,449,0,0
12.85,Fashion,Credit Card,Mobile,Chennai,0,81,315.85,1551,0,0
345.18,Food,PayPal,POS,Mumbai,0,103,438.63,1964,0,0
268.46,Grocery,UPI,Desktop,Pune,0,113,158.36,361,0,0
0.4,Fashion,PayPal,Mobile,Chennai,0,154,74.69,1349,0,0
242.61,Utilities,Credit Card,POS,Mumbai,0,13,411.57,1289,0,0
81.54,Fashion,UPI,Desktop,Bengaluru,0,118,197.43,710,0,0
161.95,Grocery,UPI,Mobile,Pune,0,86,329.03,36,0,0
48.52,Electronics,Debit Card,Mobile,Delhi,0,23,371.28,563,0,0
57.99,Fashion,PayPal,POS,Mumbai,0,107,170.09,101,0,0
53.69,Utilities,PayPal,POS,Hyderabad,0,163,257.53,1553,0,0
87.94,Travel,Debit Card,Desktop,Hyderabad,0,12,448.51,647,0,0
12.03,Utilities,NetBanking,POS,Kolkata,1,137,441.1,168,0,0
2.43,Health,Credit Card,POS,Pune,0,78,377.18,1439,0,0
29.45,Health,PayPal,Desktop,Delhi,0,67,383.74,571,0,0
97.58,Fashion,Debit Card,POS,Mumbai,0,108,449.87,353,0,0
18.04,Electronics,UPI,Desktop,Delhi,0,44,370.8,978,0,0
89.53,Entertainment,Debit Card,Desktop,Kolkata,0,189,176.4,630,0,0
280.29,Electronics,NetBanking,Desktop,Bengaluru,0,149,69.18,1970,0,0
7.89,Utilities,Credit Card,POS,Delhi,0,7,216.72,1718,0,0
89.33,Food,NetBanking,Desktop,Bengaluru,0,128,52.8,102,0,0
46.92,Travel,UPI,POS,Hyderabad,1,97,66.73,869,0,0
162.08,Electronics,UPI,Desktop,Bengaluru,0,11,475.58,1442,0,0
15.6,Grocery,UPI,POS,Mumbai,0,173,341.18,1291,0,0
94.38,Utilities,UPI,Desktop,Pune,0,160,427.29,1017,0,0
145.67,Travel,Debit Card,Mobile,Pune,0,106,325.02,1375,0,0
231.47,Health,UPI,Mobile,Mumbai,1,83,215.08,1394,0,0
91.97,Utilities,UPI,Mobile,Mumbai,0,36,22.33,1816,0,0
55.0,Travel,Debit Card,Desktop,Mumbai,0,118,478.36,1358,0,0
76.95,Grocery,UPI,POS,Chennai,0,165,44.76,1061,0,0
162.55,Fashion,NetBanking,Desktop,Kolkata,0,41,308.98,1260,0,0
67.63,Grocery,NetBanking,Desktop,Bengaluru,0,92,60.08,440,0,0
2.47,Grocery,PayPal,Desktop,Mumbai,0,49,149.23,287,0,0
213.83,Fashion,NetBanking,Desktop,Pune,0,143,101.05,1849,0,0
93.57,Fashion,Credit Card,POS,Delhi,0,141,281.32,680,0,0
90.29,Fashion,Credit Card,Desktop,Delhi,0,53,444.67,1099,0,0
19.43,Fashion,Credit Card,Mobile,Chennai,0,107,321.45,155,0,0
86.04,Fashion,Debit Card,Mobile,Bengaluru,0,33,335.45,1074,0,0
40.05,Grocery,NetBanking,Mobile,Bengaluru,0,119,455.38,1223,0,0
84.27,Food,Credit Card,Desktop,Kolkata,0,32,377.22,573,0,0
9.02,Food,PayPal,POS,Bengaluru,0,118,434.32,1469,1,1
85.8,Utilities,Debit Card,POS,Pune,0,176,214.03,484,0,0
595.34,Electronics,PayPal,POS,Pune,0,196,434.02,691,0,0
3.95,Food,NetBanking,Desktop,Kolkata,0,185,326.47,1259,0,0
302.39,Health,UPI,POS,Chennai,0,62,76.45,1386,0,0
41.79,Food,PayPal,Mobile,Bengaluru,0,82,28.97,1074,0,0
163.68,Grocery,UPI,POS,Bengaluru,0,130,129.58,947,0,0
122.0,Fashion,Debit Card,Desktop,Mumbai,0,77,195.39,1855,0,0
66.96,Utilities,PayPal,Desktop,Bengaluru,0,16,420.41,1703,0,0
107.29,Fashion,PayPal,POS,Pune,0,123,373.21,1118,0,0
168.64,Entertainment,Debit Card,Desktop,Mumbai,0,8,478.13,1630,0,0
41.42,Entertainment,Debit Card,POS,Mumbai,0,147,284.0,117,0,0
31.68,Entertainment,Credit Card,POS,Bengaluru,0,160,376.39,1888,0,0
88.11,Grocery,NetBanking,Mobile,Delhi,0,67,144.89,1532,0,0
131.96,Health,PayPal,Desktop,Hyderabad,0,115,342.99,1096,0,0
114.93,Food,PayPal,Mobile,Pune,1,113,356.01,1936,0,0
127.89,Grocery,Debit Card,Desktop,Delhi,0,32,425.72,1990,0,0
45.76,Electronics,Debit Card,POS,Bengaluru,0,105,272.84,1194,0,0
136.23,Utilities,NetBanking,Desktop,Bengaluru,0,25,328.01,1427,0,1
10.25,Fashion,Debit Card,POS,Delhi,0,53,109.49,545,0,0
62.91,Entertainment,UPI,Desktop,Bengaluru,0,81,371.01,529,0,0
0.46,Travel,UPI,Mobile,Pune,0,25,420.82,1332,0,0
31.39,Electronics,UPI,Mobile,Kolkata,0,33,300.93,355,0,0
36.51,Entertainment,UPI,POS,Mumbai,1,31,66.68,1471,0,0
40.36,Health,NetBanking,Mobile,Chennai,0,36,163.3,582,0,0
95.12,Electronics,PayPal,POS,Bengaluru,0,87,243.0,1967,1,0
39.35,Grocery,UPI,POS,Bengaluru,0,123,341.81,917,0,0
47.64,Food,Debit Card,POS,Delhi,1,177,166.96,1025,0,1
21.7,Fashion,UPI,Desktop,Mumbai,0,44,421.74,1655,0,0
37.38,Utilities,NetBanking,POS,Delhi,0,48,192.18,1022,0,0
20.63,Health,Debit Card,Mobile,Kolkata,0,158,30.99,1821,0,1
6.08,Health,UPI,Desktop,Pune,0,13,399.06,958,0,0
74.0,Travel,PayPal,Mobile,Delhi,0,171,325.67,950,0,0
88.26,Electronics,Debit Card,POS,Bengaluru,0,144,402.96,337,0,0
77.3,Travel,Debit Card,POS,Mumbai,0,91,180.96,686,0,0
49.81,Food,PayPal,Mobile,Pune,0,154,18.64,1360,0,0
38.22,Entertainment,Debit Card,Desktop,Bengaluru,0,175,46.14,1952,0,1
159.22,Food,UPI,Mobile,Pune,0,165,64.78,1876,0,0
58.56,Entertainment,Debit Card,POS,Bengaluru,1,131,404.52,499,0,0
52.19,Travel,UPI,Desktop,Bengaluru,1,154,157.7,1237,0,1
2.08,Fashion,PayPal,POS,Bengaluru,0,143,498.97,1684,0,0
33.39,Food,Credit Card,POS,Chennai,1,66,381.61,654,0,0
38.27,Travel,PayPal,Mobile,Hyderabad,0,28,304.57,320,0,0
40.71,Electronics,UPI,POS,Mumbai,0,125,491.97,278,0,0
69.43,Travel,NetBanking,Mobile,Kolkata,0,166,164.99,353,0,1
61.02,Travel,PayPal,Desktop,Chennai,0,172,91.15,1496,0,0
74.9,Grocery,NetBanking,POS,Hyderabad,0,181,371.26,633,0,0
115.81,Food,NetBanking,POS,Pune,0,80,146.26,88,0,0
134.13,Utilities,UPI,Desktop,Hyderabad,0,132,480.91,1050,0,0
101.3,Fashion,UPI,Mobile,Hyderabad,0,72,494.15,298,0,0
249.02,Fashion,Credit Card,POS,Chennai,0,44,463.94,1371,0,0
1.47,Grocery,Debit Card,Desktop,Mumbai,0,119,472.93,123,0,0
17.43,Entertainment,PayPal,POS,Delhi,0,46,311.67,1307,0,0
0.61,Health,UPI,Mobile,Hyderabad,1,84,349.14,716,0,0
83.41,Entertainment,PayPal,Mobile,Delhi,0,26,56.18,1513,0,0
182.65,Fashion,NetBanking,Mobile,Delhi,1,96,383.89,544,0,1
22.32,Travel,Debit Card,Mobile,Bengaluru,0,13,109.01,562,0,0
209.42,Grocery,Credit Card,Desktop,Delhi,0,125,421.76,1157,0,0
4.97,Electronics,PayPal,POS,Pune,0,69,481.15,1886,0,0
217.98,Food,Debit Card,Desktop,Pune,0,172,114.07,431,0,0
34.66,Food,Credit Card,Mobile,Bengaluru,0,181,48.24,1834,0,0
8.56,Utilities,PayPal,Mobile,Mumbai,0,51,247.11,996,0,0
53.22,Food,Debit Card,Mobile,Kolkata,0,13,397.86,1386,0,0
23.74,Travel,UPI,Mobile,Mumbai,0,169,387.61,750,0,0
26.82,Electronics,PayPal,POS,Pune,0,139,351.44,906,0,0
29.37,Grocery,Debit Card,Mobile,Kolkata,0,165,412.14,637,0,0
129.97,Grocery,Credit Card,POS,Bengaluru,0,60,95.74,122,0,0
61.98,Food,Debit Card,Mobile,Mumbai,0,32,329.45,1610,0,0
29.84,Electronics,UPI,POS,Kolkata,0,173,306.78,603,0,0
75.4,Electronics,PayPal,POS,Kolkata,0,18,85.18,1595,0,1
100.74,Electronics,PayPal,Mobile,Hyderabad,0,93,213.07,1000,0,0
25.46,Fashion,PayPal,Desktop,Mumbai,1,148,427.74,1835,0,1
42.69,Fashion,UPI,Desktop,Bengaluru,0,44,486.18,466,0,1
10.4,Food,Credit Card,Desktop,Kolkata,0,164,336.06,1063,0,0
15.99,Electronics,PayPal,Desktop,Pune,0,197,461.75,485,0,0
91.43,Health,Credit Card,Desktop,Hyderabad,0,37,74.7,444,0,0
16.02,Electronics,Debit Card,Mobile,Delhi,1,161,487.78,1571,0,1
59.58,Grocery,Credit Card,Mobile,Delhi,1,127,26.42,1428,0,0
98.77,Grocery,Credit Card,Mobile,Delhi,0,19,268.36,1584,0,0
9.04,Food,PayPal,Mobile,Pune,0,179,152.59,1577,0,0
67.02,Health,NetBanking,Mobile,Kolkata,1,32,408.82,1426,0,0
23.72,Electronics,NetBanking,Mobile,Bengaluru,0,106,116.6,733,0,0
263.59,Entertainment,UPI,POS,Delhi,0,22,15.65,1668,0,0
52.86,Health,UPI,POS,Mumbai,0,122,213.16,911,0,0
131.19,Utilities,NetBanking,Mobile,Delhi,0,129,41.41,791,0,0
63.92,Food,Debit Card,Mobile,Kolkata,0,54,152.15,1809,0,0
3.55,Grocery,PayPal,POS,Chennai,0,148,325.44,1903,0,0
80.22,Entertainment,PayPal,POS,Pune,0,58,154.4,1492,0,0
241.94,Grocery,Debit Card,Mobile,Chennai,0,163,130.44,1248,0,0
73.63,Fashion,Debit Card,POS,Delhi,0,70,86.19,294,0,0
136.82,Food,NetBanking,Desktop,Kolkata,0,198,76.23,536,0,0
172.48,Food,UPI,Desktop,Delhi,0,189,267.67,675,0,0
20.71,Electronics,Debit Card,Desktop,Chennai,0,63,343.94,926,0,0
19.07,Electronics,UPI,POS,Kolkata,1,189,231.84,1479,0,0
75.53,Fashion,Credit Card,Mobile,Pune,0,185,70.57,890,0,0
42.35,Entertainment,PayPal,Mobile,Pune,0,3,327.4,718,0,0
146.54,Utilities,NetBanking,Mobile,Delhi,0,99,282.99,896,0,0
184.23,Travel,PayPal,POS,Pune,0,45,196.82,1152,0,0
34.88,Health,NetBanking,POS,Hyderabad,0,143,171.72,1083,0,0
21.63,Travel,Credit Card,Desktop,Kolkata,0,17,99.74,1344,0,0
121.32,Travel,PayPal,POS,Kolkata,0,143,81.69,1628,0,0
25.71,Food,Credit Card,Desktop,Pune,0,5,176.0,516,0,0
138.35,Health,NetBanking,Desktop,Kolkata,0,174,30.4,1459,0,0
44.1,Food,Debit Card,Mobile,Chennai,1,11,223.95,1992,0,1
88.1,Utilities,PayPal,POS,Bengaluru,0,192,304.77,57,0,0
8.03,Health,Credit Card,Mobile,Chennai,0,92,471.41,1199,0,0
78.22,Grocery,PayPal,Mobile,Mumbai,0,142,316.66,317,0,0
48.08,Food,PayPal,POS,Hyderabad,0,39,315.8,610,0,0
70.67,Food,PayPal,POS,Bengaluru,1,195,193.46,979,0,1
14.72,Food,UPI,Desktop,Delhi,0,183,75.33,281,0,0
106.81,Entertainment,Credit Card,Desktop,Kolkata,0,42,229.0,1215,0,0
158.9,Fashion,Credit Card,Desktop,Mumbai,0,94,303.35,956,0,0
19.54,Food,PayPal,Desktop,Mumbai,0,5,364.78,139,0,0
8.05,Utilities,Debit Card,Mobile,Hyderabad,1,52,414.78,1918,0,0
1.91,Electronics,PayPal,Mobile,Bengaluru,0,150,135.4,673,0,0
82.17,Electronics,UPI,POS,Mumbai,0,44,128.2,427,0,0
74.73,Health,NetBanking,Desktop,Bengaluru,0,115,287.0,1324,0,1
63.3,Grocery,UPI,Desktop,Bengaluru,0,187,287.35,1241,0,0
21.11,Fashion,Debit Card,Desktop,Pune,0,153,116.79,1585,0,0
39.66,Entertainment,PayPal,Mobile,Mumbai,0,127,297.86,305,0,0
72.21,Health,Credit Card,POS,Bengaluru,0,116,179.48,718,0,0
54.94,Electronics,PayPal,Mobile,Hyderabad,0,149,323.26,1664,0,0
352.41,Fashion,Debit Card,POS,Mumbai,0,192,152.61,276,0,0
11.74,Fashion,Credit Card,POS,Hyderabad,1,68,300.22,1377,0,1
95.03,Grocery,UPI,Mobile,Hyderabad,0,47,386.47,1071,0,0
41.44,Utilities,NetBanking,Mobile,Bengaluru,0,127,490.28,437,0,0
44.72,Fashion,NetBanking,POS,Bengaluru,1,35,456.42,1464,0,0
101.15,Food,PayPal,Mobile,Pune,0,7,256.73,1854,0,0
94.33,Fashion,UPI,Mobile,Kolkata,0,184,249.29,154,0,0
379.15,Grocery,Debit Card,POS,Pune,0,116,224.47,1373,0,0
10.99,Health,NetBanking,POS,Mumbai,0,52,23.6,182,0,0
8.79,Grocery,UPI,Desktop,Pune,0,110,91.32,1634,0,0
103.09,Entertainment,PayPal,Mobile,Delhi,0,46,39.0,687,0,0
69.09,Grocery,Credit Card,POS,Mumbai,0,137,351.21,1610,0,0
25.63,Electronics,PayPal,Mobile,Hyderabad,1,186,212.48,1931,0,1
6.62,Food,PayPal,Mobile,Pune,0,23,41.25,49,0,0
7.16,Utilities,UPI,POS,Pune,0,131,348.38,1856,0,0
179.69,Electronics,NetBanking,Desktop,Kolkata,0,127,325.77,276,1,0
17.04,Health,UPI,POS,Pune,0,189,362.78,1443,0,0
31.25,Travel,Credit Card,POS,Bengaluru,0,9,303.92,1400,1,1
20.56,Health,UPI,Mobile,Hyderabad,0,53,89.15,1529,0,0
35.08,Food,Debit Card,Desktop,Pune,0,196,40.08,1256,0,0
5.76,Fashion,PayPal,POS,Chennai,0,177,410.4,1062,0,0
58.56,Grocery,NetBanking,Mobile,Chennai,0,198,115.75,1745,0,0
5.6,Travel,Credit Card,POS,Hyderabad,0,48,275.84,1721,0,0
128.9,Food,PayPal,Mobile,Pune,0,123,247.76,560,0,0
21.3,Electronics,UPI,POS,Kolkata,0,82,461.32,132,0,0
62.12,Grocery,Debit Card,Desktop,Delhi,1,109,280.7,1299,0,1
169.67,Health,UPI,POS,Kolkata,0,7,294.21,626,0,0
84.19,Electronics,PayPal,Mobile,Delhi,1,99,166.56,1372,0,0
60.91,Food,Credit Card,POS,Mumbai,1,31,479.76,380,0,0
31.36,Food,NetBanking,Desktop,Mumbai,1,102,310.06,263,0,0
32.4,Health,PayPal,Desktop,Kolkata,0,56,12.44,1700,0,0
88.57,Travel,Credit Card,Desktop,Pune,1,99,282.48,66,0,1
411.16,Health,PayPal,Desktop,Kolkata,0,189,188.29,1398,0,0
86.74,Fashion,Debit Card,Mobile,Mumbai,0,5,25.73,1657,0,0
65.28,Electronics,UPI,POS,Bengaluru,0,30,221.46,321,0,0
104.94,Travel,NetBanking,Desktop,Delhi,1,22,389.05,46,0,0
50.07,Grocery,Credit Card,POS,Hyderabad,0,145,256.86,119,0,0
4.96,Entertainment,NetBanking,Mobile,Kolkata,0,138,323.33,1401,0,0
66.1,Fashion,NetBanking,POS,Pune,0,199,323.47,706,0,0
252.9,Travel,NetBanking,POS,Pune,0,196,338.8,1006,0,0
15.42,Entertainment,Credit Card,Desktop,Chennai,0,170,199.92,1497,0,0
93.7,Entertainment,Credit Card,Desktop,Delhi,0,27,191.3,282,0,0
17.94,Electronics,NetBanking,Mobile,Delhi,0,127,12.25,846,0,0
61.4,Food,UPI,POS,Delhi,0,135,85.57,1646,0,0
8.13,Grocery,PayPal,Mobile,Kolkata,0,23,475.9,213,0,0
47.88,Health,NetBanking,Mobile,Mumbai,1,75,422.78,319,0,0
112.9,Electronics,Debit Card,Mobile,Bengaluru,0,117,144.8,790,0,0
34.16,Fashion,NetBanking,Desktop,Kolkata,0,136,206.58,1268,1,0
87.47,Utilities,Credit Card,Desktop,Hyderabad,0,8,470.56,187,0,1
126.96,Entertainment,PayPal,POS,Mumbai,0,101,132.72,952,0,0
209.58,Fashion,Debit Card,POS,Kolkata,0,5,270.94,720,0,0
21.39,Entertainment,PayPal,POS,Bengaluru,0,199,20.82,422,0,0
40.77,Food,PayPal,Desktop,Delhi,0,86,313.67,1073,0,0
13.23,Utilities,Debit Card,Desktop,Bengaluru,0,130,465.74,1524,0,0
391.25,Food,NetBanking,Mobile,Mumbai,0,179,443.52,460,0,0
209.38,Grocery,NetBanking,Desktop,Kolkata,0,194,255.96,1712,0,0
62.11,Health,NetBanking,Mobile,Delhi,0,12,328.32,1026,0,0
147.63,Grocery,UPI,Mobile,Kolkata,0,47,289.2,1034,0,0
58.88,Food,NetBanking,Desktop,Mumbai,0,183,42.82,1121,0,0
78.17,Food,Debit Card,Mobile,Hyderabad,1,26,87.77,1130,0,0
7.47,Fashion,UPI,Mobile,Delhi,0,102,482.27,131,0,0
112.61,Food,NetBanking,POS,Bengaluru,0,120,135.42,681,0,0
10.93,Utilities,UPI,Mobile,Mumbai,0,173,198.38,922,0,0
139.93,Utilities,Debit Card,Desktop,Chennai,0,190,259.38,614,0,0
121.87,Travel,NetBanking,Desktop,Bengaluru,0,70,489.77,236,0,0
98.68,Entertainment,Credit Card,Mobile,Bengaluru,0,2,348.1,242,0,0
2.95,Electronics,Debit Card,POS,Delhi,0,26,318.5,108,0,0
28.89,Food,PayPal,Desktop,Kolkata,0,14,266.96,1166,0,0
24.43,Grocery,PayPal,Desktop,Pune,0,82,353.33,1818,0,0
35.72,Health,Debit Card,POS,Bengaluru,0,102,335.37,162,0,0
7.34,Entertainment,PayPal,Mobile,Mumbai,0,185,452.39,1250,0,0
221.12,Entertainment,Debit Card,Desktop,Chennai,0,32,275.5,1078,0,0
64.56,Health,Credit Card,Mobile,Hyderabad,0,62,216.54,501,0,0
29.17,Health,Debit Card,Mobile,Chennai,0,115,405.51,1666,0,0
40.46,Entertainment,NetBanking,Mobile,Mumbai,0,30,401.89,1810,0,0
47.42,Travel,NetBanking,Mobile,Delhi,0,141,93.22,1596,0,0
73.42,Grocery,UPI,Desktop,Mumbai,1,168,126.03,1995,0,0
58.0,Travel,PayPal,POS,Pune,0,31,479.73,319,0,0
201.45,Food,PayPal,Desktop,Pune,0,37,227.61,1309,0,0
54.97,Electronics,Debit Card,POS,Pune,0,173,264.63,1990,0,0
387.86,Health,PayPal,Mobile,Bengaluru,0,102,161.98,1259,0,0
152.53,Utilities,NetBanking,POS,Delhi,0,128,245.72,1528,0,0
18.71,Grocery,Credit Card,Mobile,Kolkata,0,86,374.24,1036,0,0
213.42,Health,Debit Card,Desktop,Pune,0,59,246.35,1121,0,0
9.9,Travel,PayPal,Desktop,Kolkata,0,28,164.24,1268,0,1
136.06,Fashion,NetBanking,POS,Hyderabad,0,122,57.04,663,0,0
38.32,Food,UPI,Mobile,Hyderabad,0,61,464.85,451,0,0
168.28,Electronics,PayPal,Mobile,Kolkata,0,147,437.11,587,0,0
162.03,Food,Credit Card,POS,Mumbai,0,171,397.77,610,0,0
131.16,Fashion,Credit Card,Mobile,Pune,0,187,350.09,568,0,0
124.86,Electronics,PayPal,Mobile,Bengaluru,0,16,262.6,1736,0,0
29.07,Fashion,PayPal,Mobile,Hyderabad,0,69,449.72,1810,0,0
6.75,Food,NetBanking,Desktop,Chennai,0,44,397.93,491,0,0
41.26,Travel,PayPal,Desktop,Delhi,0,113,409.85,1508,0,0
15.25,Entertainment,UPI,Desktop,Chennai,0,194,161.68,1035,0,0
94.98,Food,NetBanking,Mobile,Kolkata,0,138,217.49,330,0,0
33.98,Food,Debit Card,Desktop,Hyderabad,0,175,356.33,1839,0,0
297.09,Food,UPI,Mobile,Hyderabad,0,19,191.82,1341,0,0
81.95,Grocery,NetBanking,Mobile,Mumbai,0,84,252.05,1814,0,0
138.29,Fashion,NetBanking,POS,Mumbai,0,93,326.79,1055,0,0
11.37,Utilities,Credit Card,Mobile,Pune,0,179,224.5,1990,0,0
158.45,Fashion,NetBanking,Desktop,Kolkata,0,141,398.59,1073,0,0
204.86,Health,UPI,Desktop,Delhi,0,191,66.98,1530,0,0
53.41,Fashion,PayPal,Mobile,Pune,0,144,361.85,983,0,0
74.56,Health,UPI,Desktop,Mumbai,1,181,81.15,1544,0,0
115.79,Grocery,Debit Card,Mobile,Bengaluru,0,163,469.54,1015,0,0
15.37,Travel,NetBanking,POS,Delhi,0,100,163.88,835,0,0
55.86,Health,NetBanking,Mobile,Bengaluru,0,187,399.76,286,0,0
40.69,Food,NetBanking,Mobile,Pune,0,39,265.49,482,0,0
12.66,Travel,NetBanking,POS,Mumbai,0,67,54.63,467,0,0
36.65,Entertainment,Credit Card,Desktop,Delhi,0,73,295.47,1814,0,0
5.65,Grocery,Credit Card,POS,Pune,0,189,456.97,427,1,1
2.09,Fashion,PayPal,POS,Hyderabad,0,50,87.04,1206,0,0
11.62,Health,NetBanking,Mobile,Pune,0,53,167.44,678,0,0
264.0,Utilities,Debit Card,Mobile,Kolkata,0,46,225.19,251,0,0
63.8,Food,PayPal,POS,Chennai,0,52,144.78,1776,0,0
270.09,Electronics,NetBanking,Desktop,Hyderabad,0,124,472.45,1754,0,0
45.32,Entertainment,Credit Card,POS,Bengaluru,0,157,194.98,1489,0,0
29.9,Electronics,Debit Card,Desktop,Hyderabad,0,5,332.45,1797,0,0
56.44,Travel,PayPal,POS,Pune,0,195,119.72,165,0,0
46.32,Fashion,Debit Card,POS,Hyderabad,0,74,117.66,1581,0,0
8.93,Utilities,NetBanking,Desktop,Chennai,0,95,96.17,655,0,0
81.92,Electronics,UPI,POS,Kolkata,0,75,223.06,805,0,0
19.47,Travel,Debit Card,Mobile,Pune,0,168,271.1,1332,0,0
77.32,Grocery,Debit Card,POS,Chennai,0,116,15.27,614,0,0
84.03,Travel,Credit Card,Mobile,Hyderabad,0,130,418.13,1789,0,0
13.19,Entertainment,NetBanking,Desktop,Chennai,0,68,261.25,514,0,0
5.06,Utilities,Debit Card,Desktop,Hyderabad,0,190,87.03,1599,0,0
121.41,Utilities,NetBanking,Mobile,Delhi,0,80,42.97,1298,1,0
49.27,Travel,Credit Card,POS,Hyderabad,0,186,40.97,1803,0,0
4.79,Entertainment,NetBanking,Mobile,Mumbai,1,105,136.25,1071,0,1
421.75,Travel,Credit Card,Mobile,Chennai,0,69,254.65,906,1,1
4.76,Utilities,Credit Card,Desktop,Kolkata,0,186,431.52,1609,0,0
95.0,Utilities,PayPal,Mobile,Chennai,0,163,452.45,1196,0,0
329.22,Food,NetBanking,POS,Bengaluru,0,142,417.84,530,0,0
21.87,Travel,UPI,Mobile,Kolkata,0,143,171.0,1580,0,0
12.28,Health,PayPal,Desktop,Kolkata,0,134,160.21,122,0,0
10.35,Travel,Credit Card,POS,Bengaluru,0,16,493.85,1436,0,0
28.91,Utilities,UPI,Desktop,Mumbai,0,87,343.83,1942,0,0
8.52,Food,Debit Card,Mobile,Chennai,0,124,159.43,308,0,0
94.25,Food,Debit Card,Mobile,Kolkata,1,174,171.25,1780,0,0
5.15,Grocery,PayPal,Desktop,Chennai,0,191,222.98,1502,0,0
56.97,Entertainment,UPI,Desktop,Kolkata,0,140,314.69,1814,0,0
457.03,Fashion,NetBanking,POS,Bengaluru,0,41,450.01,1011,0,0
134.55,Electronics,UPI,Desktop,Bengaluru,0,119,107.17,1636,0,0
76.41,Electronics,PayPal,Desktop,Hyderabad,0,19,51.36,650,0,0
29.25,Travel,NetBanking,Mobile,Pune,0,76,208.82,1341,0,0
78.23,Grocery,NetBanking,Mobile,Chennai,0,109,130.27,505,0,0
59.9,Travel,Debit Card,Desktop,Chennai,0,119,292.26,911,0,0
44.42,Electronics,UPI,Desktop,Kolkata,0,113,352.62,701,0,0
11.21,Entertainment,NetBanking,Mobile,Hyderabad,0,2,162.26,830,0,0
174.15,Utilities,PayPal,POS,Chennai,0,20,345.87,200,0,0
47.8,Entertainment,Debit Card,POS,Kolkata,0,119,178.14,1578,0,0
17.32,Entertainment,NetBanking,POS,Mumbai,0,95,321.13,401,0,0
36.68,Food,UPI,POS,Bengaluru,0,137,320.2,761,0,0
42.77,Utilities,Debit Card,Mobile,Bengaluru,0,21,146.3,1446,0,1
140.61,Fashion,UPI,Desktop,Pune,1,8,321.5,214,1,1
105.82,Utilities,UPI,POS,Bengaluru,0,167,196.67,1563,0,0
117.33,Grocery,UPI,Mobile,Delhi,0,165,174.86,1485,0,0
0.89,Food,Debit Card,Desktop,Mumbai,0,29,151.75,968,0,0
43.05,Fashion,NetBanking,POS,Mumbai,0,35,179.37,864,0,0
52.52,Grocery,Credit Card,Desktop,Hyderabad,0,38,395.5,238,0,0
1.55,Grocery,NetBanking,POS,Delhi,0,90,130.14,1023,0,0
24.07,Electronics,Debit Card,Desktop,Chennai,0,163,344.17,829,0,0
114.27,Food,Credit Card,POS,Pune,0,68,451.3,1382,0,0
11.8,Grocery,Credit Card,POS,Mumbai,0,131,181.71,1414,1,0
61.31,Health,Credit Card,Desktop,Delhi,0,109,24.46,1497,0,0
19.39,Entertainment,PayPal,Desktop,Delhi,0,111,22.06,1950,1,1
0.98,Grocery,Debit Card,Desktop,Kolkata,0,12,78.36,1494,0,0
22.08,Fashion,PayPal,Mobile,Mumbai,0,32,63.92,398,0,0
297.96,Electronics,Credit Card,Mobile,Kolkata,0,175,376.56,1159,0,0
129.37,Travel,PayPal,Desktop,Hyderabad,0,63,154.48,753,0,0
256.67,Entertainment,PayPal,Mobile,Delhi,0,154,329.73,1378,0,0
53.53,Electronics,Debit Card,POS,Bengaluru,0,43,30.8,1285,0,0
9.3,Travel,UPI,Desktop,Delhi,0,107,154.91,1034,0,0
63.52,Food,PayPal,Mobile,Chennai,0,172,124.73,1778,0,0
48.47,Food,PayPal,Desktop,Mumbai,0,38,145.67,866,0,0
148.82,Grocery,Credit Card,POS,Chennai,0,29,103.45,1761,0,0
8.26,Health,Credit Card,POS,Hyderabad,0,55,312.78,1302,0,0
53.59,Food,Credit Card,Mobile,Pune,0,52,334.71,1370,0,0
13.01,Utilities,NetBanking,POS,Bengaluru,0,115,82.75,293,0,0
31.41,Grocery,PayPal,Desktop,Mumbai,1,19,373.16,1782,0,0
106.96,Entertainment,Credit Card,Mobile,Delhi,0,35,132.52,1556,0,0
51.7,Electronics,Debit Card,Desktop,Bengaluru,0,48,148.63,1316,0,0
37.71,Food,NetBanking,Desktop,Delhi,0,110,416.12,1986,0,0
40.13,Utilities,UPI,Desktop,Hyderabad,0,188,451.57,711,0,0
49.21,Electronics,PayPal,POS,Pune,0,31,414.13,1469,0,1
122.98,Electronics,PayPal,Desktop,Mumbai,0,3,82.4,942,0,0
178.11,Health,Debit Card,POS,Hyderabad,0,163,499.64,1721,1,1
248.68,Food,UPI,Desktop,Hyderabad,0,88,339.36,99,0,0
123.68,Electronics,UPI,POS,Pune,0,52,260.23,1287,0,0
30.31,Health,NetBanking,POS,Hyderabad,0,71,477.87,461,0,0
93.21,Health,PayPal,POS,Hyderabad,0,51,410.52,1107,0,0
46.04,Food,Credit Card,Desktop,Delhi,1,56,348.95,199,0,0
23.51,Health,Debit Card,Desktop,Kolkata,0,99,420.81,65,1,1
147.04,Food,Debit Card,POS,Chennai,0,21,198.88,1887,1,1
3.13,Utilities,Debit Card,Desktop,Delhi,1,129,345.37,1980,1,1
185.63,Food,Debit Card,POS,Pune,0,108,103.38,288,0,0
49.51,Travel,Credit Card,Desktop,Bengaluru,0,53,494.12,280,0,0
81.11,Electronics,Credit Card,POS,Pune,0,6,298.6,42,0,0
86.15,Utilities,NetBanking,POS,Pune,1,82,408.98,700,0,1
180.39,Fashion,PayPal,Mobile,Pune,1,190,209.6,570,0,1
81.0,Food,Credit Card,Desktop,Pune,0,79,381.71,86,0,1
76.14,Electronics,NetBanking,Desktop,Hyderabad,0,47,199.82,1033,0,0
5.52,Entertainment,UPI,Mobile,Pune,0,96,299.1,1214,0,0
58.45,Health,PayPal,POS,Bengaluru,0,106,391.29,466,0,0
13.02,Grocery,Credit Card,POS,Pune,0,178,67.07,807,0,0
106.98,Food,UPI,Mobile,Delhi,0,82,184.83,259,0,0
57.43,Health,NetBanking,Mobile,Hyderabad,0,31,277.02,860,0,0
91.21,Health,Credit Card,POS,Delhi,0,192,173.66,870,0,0
3.41,Health,Credit Card,Desktop,Hyderabad,0,157,161.49,1246,0,0
7.09,Health,UPI,Mobile,Delhi,0,143,148.02,649,0,0
100.79,Health,Credit Card,Mobile,Mumbai,0,58,121.62,386,0,0
5.99,Food,Debit Card,Mobile,Chennai,0,23,425.96,381,0,0
5.91,Entertainment,Credit Card,Mobile,Chennai,0,166,462.61,894,0,0
0.97,Fashion,PayPal,Mobile,Hyderabad,0,41,353.08,1311,0,0
250.8,Travel,UPI,Mobile,Mumbai,0,15,24.7,651,0,0
107.0,Health,PayPal,POS,Bengaluru,0,87,395.25,1695,1,1
34.86,Health,NetBanking,POS,Mumbai,1,3,270.65,664,0,0
28.14,Travel,PayPal,Mobile,Kolkata,0,1,381.47,994,1,0
34.43,Entertainment,Debit Card,POS,Hyderabad,0,75,224.3,657,0,0
119.21,Utilities,Debit Card,Desktop,Mumbai,0,139,30.23,1795,0,0
86.63,Entertainment,PayPal,Desktop,Bengaluru,1,188,344.06,322,0,0
16.38,Utilities,NetBanking,Mobile,Hyderabad,0,193,227.62,1439,0,0
15.3,Food,Credit Card,Desktop,Chennai,0,76,438.28,1798,0,0
8.29,Electronics,Debit Card,Desktop,Pune,0,4,371.69,858,1,0
86.38,Grocery,PayPal,POS,Mumbai,0,25,186.19,263,0,0
115.64,Grocery,PayPal,POS,Chennai,0,171,364.8,1349,0,0
24.64,Electronics,PayPal,POS,Chennai,0,94,252.65,1756,0,0
1.69,Food,Credit Card,POS,Delhi,0,168,107.73,566,0,0
6.86,Grocery,UPI,Desktop,Bengaluru,0,96,215.74,1432,0,0
275.01,Entertainment,NetBanking,Mobile,Kolkata,0,108,119.06,1731,0,0
28.02,Travel,UPI,POS,Pune,0,99,12.44,834,0,0
117.3,Electronics,NetBanking,Desktop,Mumbai,0,95,130.93,1263,0,0
78.39,Entertainment,NetBanking,POS,Chennai,0,100,112.67,568,0,0
38.49,Fashion,PayPal,Desktop,Chennai,0,91,12.13,881,0,0
18.42,Food,Debit Card,POS,Kolkata,0,44,394.12,207,0,0
10.35,Electronics,PayPal,Mobile,Bengaluru,0,187,47.72,1983,0,0
76.36,Grocery,Credit Card,POS,Pune,1,128,230.04,585,0,0
119.2,Food,NetBanking,Mobile,Pune,0,23,214.76,1125,0,0
82.6,Travel,Debit Card,POS,Kolkata,0,190,98.89,1953,0,0
60.45,Food,NetBanking,POS,Chennai,0,23,483.77,1561,0,1
3.43,Food,NetBanking,POS,Chennai,0,186,305.83,1275,0,0
276.59,Travel,PayPal,Desktop,Chennai,0,55,408.62,977,0,0
128.24,Health,Debit Card,Desktop,Chennai,0,161,253.11,852,1,1
27.72,Travel,Debit Card,Mobile,Delhi,0,77,364.18,257,0,0
312.84,Entertainment,NetBanking,Mobile,Delhi,0,63,485.19,1894,0,0
73.68,Food,Debit Card,Desktop,Kolkata,0,103,180.72,1286,0,0
69.86,Utilities,Debit Card,Mobile,Pune,0,60,257.09,1321,0,0
110.29,Travel,PayPal,Mobile,Hyderabad,0,189,262.12,1963,0,0
133.61,Health,UPI,Desktop,Mumbai,1,80,496.08,283,0,0
85.48,Entertainment,Credit Card,Desktop,Bengaluru,0,189,124.22,704,0,0
10.97,Utilities,UPI,Desktop,Hyderabad,0,95,340.9,35,0,0
33.03,Utilities,Debit Card,Desktop,Delhi,0,69,77.73,76,0,0
210.58,Electronics,NetBanking,POS,Delhi,1,114,464.27,1460,0,1
20.35,Travel,Credit Card,Desktop,Delhi,0,104,299.29,912,0,0
37.24,Travel,Credit Card,Mobile,Hyderabad,0,108,431.11,609,0,0
45.26,Food,NetBanking,POS,Delhi,0,89,448.67,283,0,0
46.3,Entertainment,Credit Card,POS,Hyderabad,0,21,282.98,1502,0,0
75.93,Electronics,NetBanking,Mobile,Delhi,0,131,344.18,88,0,0
229.28,Fashion,Credit Card,POS,Chennai,0,176,352.37,1446,0,0
22.03,Fashion,UPI,Mobile,Chennai,0,10,235.64,1684,0,0
10.36,Grocery,Credit Card,POS,Mumbai,0,87,223.07,1751,0,1
17.6,Travel,PayPal,POS,Delhi,0,170,101.23,589,1,1
174.38,Travel,NetBanking,Mobile,Kolkata,1,194,198.12,1044,0,0
83.03,Electronics,Credit Card,Mobile,Mumbai,0,91,495.47,1244,0,0
26.94,Health,NetBanking,Mobile,Hyderabad,0,174,142.23,294,0,0
135.4,Fashion,PayPal,Mobile,Mumbai,0,137,383.6,1737,0,0
158.08,Grocery,Credit Card,Desktop,Delhi,0,123,39.08,1611,0,0
149.93,Electronics,Credit Card,Desktop,Hyderabad,0,177,239.06,1196,0,0
200.99,Travel,PayPal,Mobile,Kolkata,0,4,38.62,275,1,0
23.25,Fashion,PayPal,Desktop,Hyderabad,0,188,243.14,1269,0,0
112.53,Entertainment,PayPal,Mobile,Chennai,0,90,23.5,466,0,1
49.37,Grocery,NetBanking,Mobile,Hyderabad,0,96,310.51,717,0,0
147.61,Food,PayPal,POS,Hyderabad,0,29,297.39,1893,0,0
104.3,Fashion,NetBanking,Mobile,Mumbai,0,86,400.94,505,0,0
119.85,Grocery,UPI,Mobile,Kolkata,0,47,295.81,1437,0,0
85.41,Electronics,Credit Card,Mobile,Pune,0,77,463.74,967,1,0
15.63,Food,Credit Card,Mobile,Hyderabad,0,87,393.72,907,0,0
63.0,Grocery,Debit Card,POS,Bengaluru,0,191,75.0,686,0,0
334.23,Grocery,UPI,Mobile,Pune,0,31,140.08,576,0,1
221.66,Utilities,PayPal,POS,Chennai,1,51,22.85,444,0,1
3.53,Utilities,PayPal,Mobile,Kolkata,0,169,199.21,1185,0,0
14.41,Utilities,UPI,POS,Kolkata,0,36,259.67,1869,0,0
11.3,Travel,PayPal,Desktop,Chennai,0,168,473.51,427,0,1
103.56,Health,Debit Card,POS,Hyderabad,0,95,265.91,1560,0,0
136.21,Fashion,NetBanking,POS,Mumbai,0,188,392.7,1206,0,0
19.21,Travel,Credit Card,Mobile,Pune,0,15,141.33,1867,0,0
56.39,Entertainment,UPI,POS,Chennai,0,78,85.05,1613,0,0
146.96,Food,Credit Card,POS,Chennai,0,158,407.31,197,0,1
105.58,Health,NetBanking,Mobile,Bengaluru,0,158,131.24,1743,0,0
62.51,Grocery,UPI,Desktop,Hyderabad,0,155,436.95,1828,0,0
71.4,Travel,NetBanking,Desktop,Pune,0,40,93.23,1660,0,0
56.8,Utilities,PayPal,Desktop,Chennai,0,45,427.28,1881,0,0
28.25,Health,PayPal,POS,Kolkata,0,175,388.7,832,0,0
66.6,Entertainment,PayPal,Mobile,Chennai,0,90,309.5,259,0,0
93.41,Fashion,NetBanking,Desktop,Chennai,0,56,426.61,732,0,0
165.29,Entertainment,NetBanking,Desktop,Chennai,0,54,172.05,1457,0,0
80.91,Food,NetBanking,Desktop,Mumbai,0,85,91.36,173,0,0
114.54,Electronics,Credit Card,Desktop,Delhi,0,9,86.95,1971,0,0
13.96,Travel,NetBanking,Mobile,Bengaluru,0,118,142.48,1729,0,0
49.53,Utilities,PayPal,Desktop,Kolkata,0,65,228.65,1584,0,0
0.75,Food,Debit Card,POS,Mumbai,0,108,439.25,1951,0,0
22.66,Electronics,NetBanking,POS,Bengaluru,0,198,53.87,97,0,0
103.71,Utilities,Debit Card,Mobile,Chennai,0,129,458.47,1047,0,0
384.39,Utilities,PayPal,Desktop,Bengaluru,0,141,463.49,127,0,0
8.36,Utilities,NetBanking,Desktop,Hyderabad,1,38,366.35,36,0,0
41.07,Travel,Credit Card,POS,Hyderabad,0,173,451.14,844,0,0
128.78,Food,Credit Card,Mobile,Delhi,0,105,387.29,206,0,0
18.26,Utilities,Debit Card,POS,Delhi,0,40,268.87,1259,0,0
64.79,Entertainment,Credit Card,Mobile,Bengaluru,0,143,304.37,328,0,0
105.66,Food,Credit Card,Mobile,Mumbai,0,178,317.83,1853,0,0
76.57,Health,Credit Card,Mobile,Mumbai,0,130,72.18,1966,0,0
16.66,Entertainment,PayPal,POS,Chennai,0,181,104.6,258,0,0
35.13,Travel,Credit Card,Mobile,Mumbai,1,154,266.45,925,0,0
122.52,Utilities,UPI,POS,Delhi,0,194,66.46,660,0,0
64.64,Food,NetBanking,POS,Mumbai,0,75,482.84,299,0,0
0.42,Grocery,Credit Card,Desktop,Chennai,0,33,258.49,110,0,0
114.5,Travel,Credit Card,POS,Hyderabad,0,85,196.24,1725,0,0
2.88,Food,Credit Card,POS,Mumbai,0,59,87.19,1241,0,0
109.55,Health,UPI,Desktop,Mumbai,0,95,214.1,1753,0,1
18.1,Utilities,Credit Card,Desktop,Delhi,0,26,158.19,849,0,0
253.75,Electronics,Credit Card,Desktop,Bengaluru,0,103,53.08,530,0,0
36.7,Utilities,NetBanking,Mobile,Hyderabad,0,21,483.83,735,0,0
31.67,Electronics,UPI,Mobile,Bengaluru,0,177,139.84,1540,0,0
12.9,Grocery,UPI,Desktop,Chennai,0,80,348.33,1825,0,0
29.18,Travel,Credit Card,Mobile,Chennai,0,71,54.75,1541,0,0
167.42,Health,UPI,Desktop,Bengaluru,0,199,457.45,1019,0,0
448.7,Food,Debit Card,Mobile,Delhi,0,66,299.47,1531,0,0
36.75,Food,UPI,POS,Pune,0,37,331.87,732,0,0
47.63,Electronics,UPI,Mobile,Delhi,0,14,393.07,1342,0,0
102.43,Health,UPI,Mobile,Pune,0,108,306.9,135,0,0
173.86,Entertainment,PayPal,POS,Pune,0,135,44.74,670,0,0
71.92,Grocery,PayPal,Desktop,Delhi,0,166,220.5,638,0,0
39.74,Electronics,PayPal,Mobile,Pune,0,173,138.39,1025,0,0
42.57,Electronics,UPI,Mobile,Pune,0,150,248.49,1038,0,0
95.16,Grocery,Debit Card,POS,Pune,0,172,208.12,1629,0,0
0.26,Travel,UPI,POS,Hyderabad,0,81,415.0,1693,0,0
77.32,Food,Credit Card,POS,Chennai,0,80,131.05,1276,0,0
35.14,Travel,Debit Card,POS,Pune,0,103,108.64,1858,0,0
126.47,Health,PayPal,Desktop,Chennai,0,35,479.46,411,0,0
7.81,Entertainment,NetBanking,Mobile,Kolkata,0,102,475.26,867,0,0
70.98,Utilities,Debit Card,Mobile,Chennai,0,188,496.8,1956,0,0
52.46,Fashion,PayPal,Mobile,Kolkata,0,131,288.51,133,0,0
82.25,Fashion,Debit Card,Mobile,Hyderabad,0,118,65.44,693,0,0
5.36,Fashion,Debit Card,Desktop,Chennai,0,195,441.28,1167,0,0
69.4,Grocery,UPI,Mobile,Bengaluru,0,95,81.11,1561,0,0
65.95,Electronics,Credit Card,Desktop,Mumbai,0,55,86.24,1108,0,0
65.8,Entertainment,NetBanking,Desktop,Hyderabad,0,9,104.76,150,0,0
74.0,Travel,PayPal,POS,Mumbai,0,69,330.18,1270,0,0
90.28,Utilities,Debit Card,POS,Bengaluru,0,28,62.53,1688,0,0
130.78,Food,NetBanking,Mobile,Delhi,0,143,391.36,1056,0,0
25.16,Fashion,Debit Card,Desktop,Delhi,0,113,38.54,1145,0,0
139.46,Travel,Credit Card,POS,Pune,0,31,64.12,436,0,0
55.17,Fashion,NetBanking,Desktop,Delhi,0,59,222.9,705,0,0
6.42,Entertainment,PayPal,POS,Hyderabad,1,82,195.79,470,0,0
4.83,Fashion,Debit Card,Desktop,Delhi,0,54,494.96,1684,0,0
32.55,Food,Credit Card,Mobile,Hyderabad,0,196,483.76,461,0,0
122.93,Utilities,NetBanking,Mobile,Hyderabad,0,175,102.94,938,0,0
98.39,Health,Debit Card,Desktop,Mumbai,0,42,473.87,90,0,0
124.33,Health,Debit Card,POS,Delhi,0,23,349.21,755,0,0
58.26,Entertainment,PayPal,POS,Chennai,0,109,210.33,1526,0,0
46.41,Health,Credit Card,Mobile,Kolkata,0,86,372.42,1300,0,0
12.76,Grocery,UPI,Mobile,Delhi,0,65,451.07,1800,0,0
31.82,Electronics,Debit Card,Mobile,Delhi,0,89,98.27,1973,0,0
45.54,Grocery,NetBanking,POS,Delhi,0,54,106.03,968,0,0
7.42,Travel,PayPal,POS,Pune,0,118,210.27,898,0,0
19.94,Grocery,PayPal,Mobile,Chennai,0,105,92.91,1425,0,0
72.95,Travel,Debit Card,Desktop,Chennai,0,11,186.59,1342,0,1
106.44,Travel,Debit Card,POS,Hyderabad,0,63,326.39,1643,0,0
512.44,Electronics,Debit Card,Mobile,Chennai,1,22,408.28,1077,0,1
216.38,Food,UPI,Desktop,Hyderabad,0,182,157.95,435,0,0
82.3,Utilities,Debit Card,POS,Kolkata,0,117,148.05,1361,0,0
43.75,Entertainment,Credit Card,Desktop,Mumbai,0,164,392.07,642,0,0
80.89,Electronics,NetBanking,Desktop,Hyderabad,0,58,196.7,1425,0,0
123.21,Entertainment,Debit Card,POS,Delhi,0,20,411.05,1816,0,0
10.08,Health,UPI,Mobile,Bengaluru,0,144,496.76,1688,0,0
42.2,Health,NetBanking,Desktop,Bengaluru,0,184,490.04,244,0,0
146.51,Grocery,PayPal,Mobile,Pune,0,93,334.72,291,0,0
38.74,Travel,Debit Card,POS,Delhi,0,50,193.85,944,0,0
67.87,Fashion,NetBanking,Desktop,Hyderabad,0,90,42.09,1897,0,0
70.89,Fashion,PayPal,Desktop,Delhi,0,104,371.64,1399,0,1
16.31,Entertainment,UPI,Desktop,Pune,0,194,489.2,1466,0,0
35.98,Travel,Credit Card,Desktop,Chennai,0,127,43.31,152,0,0
32.58,Entertainment,Debit Card,Desktop,Hyderabad,0,113,13.02,793,0,0
2.12,Electronics,Credit Card,POS,Kolkata,0,74,417.57,349,0,1
1.96,Food,UPI,Desktop,Delhi,0,13,60.11,1963,0,0
142.56,Utilities,NetBanking,POS,Chennai,0,15,50.0,1390,1,1
25.51,Electronics,NetBanking,Mobile,Pune,0,73,456.06,187,0,0
58.4,Travel,UPI,POS,Chennai,1,27,48.98,1380,0,0
28.39,Travel,UPI,Desktop,Hyderabad,0,136,65.87,1714,0,0
225.98,Food,Debit Card,Mobile,Pune,0,198,289.09,1118,0,0
24.01,Entertainment,PayPal,POS,Pune,0,178,380.84,398,0,0
44.92,Grocery,Credit Card,POS,Pune,1,88,205.79,899,0,1
164.92,Grocery,Credit Card,POS,Mumbai,0,195,216.09,1057,0,0
147.58,Food,NetBanking,Desktop,Pune,0,154,319.99,715,0,1
16.47,Grocery,NetBanking,Desktop,Mumbai,0,36,257.66,1701,0,0
129.82,Fashion,Debit Card,POS,Chennai,0,149,19.13,943,0,0
49.03,Grocery,UPI,POS,Kolkata,0,52,65.66,1809,0,0
52.77,Grocery,Credit Card,Mobile,Mumbai,0,139,294.98,1113,0,0
11.46,Grocery,Debit Card,Desktop,Chennai,0,8,398.89,1098,0,0
6.72,Fashion,NetBanking,Desktop,Mumbai,0,57,383.92,613,0,0
104.14,Entertainment,NetBanking,Mobile,Chennai,0,110,372.63,1660,0,0
54.89,Grocery,Credit Card,POS,Chennai,0,174,387.92,572,0,0
45.94,Health,NetBanking,POS,Kolkata,0,130,31.78,185,0,0
104.6,Fashion,NetBanking,Mobile,Pune,0,64,448.6,917,0,0
116.03,Food,PayPal,POS,Kolkata,0,180,445.75,781,0,0
13.84,Electronics,UPI,POS,Kolkata,0,193,270.64,93,0,0
75.37,Food,NetBanking,Mobile,Pune,0,11,131.81,450,0,0
11.63,Electronics,PayPal,Mobile,Chennai,0,134,300.17,352,0,0
111.34,Utilities,Debit Card,Mobile,Pune,0,96,283.36,1162,1,0
85.59,Food,NetBanking,POS,Chennai,0,76,119.25,1516,0,0
251.01,Health,Debit Card,Mobile,Pune,0,64,305.53,1633,0,0
5.72,Electronics,NetBanking,POS,Bengaluru,0,101,400.67,576,0,0
4.7,Electronics,Credit Card,Desktop,Mumbai,1,93,404.99,280,0,0
26.52,Travel,PayPal,Desktop,Kolkata,0,183,39.25,895,1,0
24.27,Electronics,PayPal,Mobile,Chennai,0,44,106.61,539,0,0
22.69,Electronics,Credit Card,POS,Delhi,0,142,337.43,1601,0,0
189.37,Travel,UPI,POS,Pune,0,83,431.32,470,0,0
22.97,Grocery,PayPal,POS,Pune,0,133,265.4,483,0,0
25.39,Grocery,Debit Card,Mobile,Hyderabad,0,99,356.69,673,0,0
113.97,Travel,PayPal,POS,Delhi,0,25,20.33,846,0,0
47.79,Fashion,UPI,POS,Delhi,0,178,308.13,1787,0,0
119.94,Utilities,Debit Card,POS,Kolkata,0,102,481.34,708,0,0
5.41,Electronics,Debit Card,Desktop,Bengaluru,0,73,333.9,303,0,0
53.49,Electronics,Credit Card,POS,Mumbai,0,122,461.92,89,0,1
2.74,Travel,NetBanking,Desktop,Bengaluru,0,71,287.34,371,0,0
5.18,Travel,Credit Card,POS,Mumbai,0,117,423.26,1447,0,0
189.53,Fashion,NetBanking,POS,Chennai,0,82,70.84,142,0,0
12.0,Health,Credit Card,POS,Kolkata,0,130,70.52,1274,0,0
60.81,Grocery,NetBanking,Desktop,Bengaluru,0,116,68.89,1844,0,0
42.36,Food,PayPal,POS,Hyderabad,0,10,249.54,97,0,0
34.14,Health,Debit Card,Mobile,Mumbai,0,130,171.83,1368,0,0
184.07,Entertainment,NetBanking,POS,Bengaluru,0,60,362.4,496,0,0
1.77,Grocery,PayPal,Desktop,Kolkata,0,45,452.28,887,1,1
87.2,Electronics,UPI,Desktop,Hyderabad,0,136,313.49,292,0,1
264.6,Entertainment,Credit Card,Mobile,Kolkata,0,186,114.47,1834,0,0
65.71,Health,UPI,Mobile,Delhi,0,119,466.13,1184,0,0
220.94,Travel,PayPal,Mobile,Pune,0,7,268.65,453,1,0
4.29,Fashion,UPI,Desktop,Chennai,0,72,362.77,1320,0,0
43.41,Grocery,UPI,POS,Kolkata,0,21,446.35,749,0,0
24.11,Fashion,PayPal,POS,Chennai,0,97,495.02,1265,0,0
104.99,Entertainment,Debit Card,Mobile,Kolkata,0,47,257.97,592,0,0
318.33,Grocery,NetBanking,Mobile,Delhi,0,1,405.95,1012,0,0
23.71,Utilities,Credit Card,POS,Kolkata,0,140,287.76,948,0,0
84.95,Utilities,NetBanking,Mobile,Kolkata,0,176,248.36,317,0,0
17.66,Health,Credit Card,POS,Bengaluru,0,128,273.48,454,0,0
66.65,Electronics,NetBanking,POS,Pune,0,94,247.29,583,0,0
49.88,Utilities,UPI,POS,Delhi,0,132,216.3,788,1,0
286.06,Utilities,Debit Card,POS,Hyderabad,0,34,364.62,1987,0,0
75.03,Food,UPI,Desktop,Pune,0,87,132.34,1760,0,0
34.4,Fashion,Debit Card,POS,Mumbai,0,32,312.03,273,0,0
9.69,Fashion,PayPal,Mobile,Bengaluru,0,3,359.35,1765,0,0
13.12,Utilities,Credit Card,Mobile,Pune,0,68,447.12,1923,0,0
20.42,Food,Credit Card,Mobile,Mumbai,0,57,172.62,1686,0,0
23.12,Fashion,PayPal,Mobile,Delhi,0,114,431.69,1029,0,0
152.1,Fashion,NetBanking,Desktop,Kolkata,0,152,473.19,1387,0,0
65.9,Grocery,PayPal,POS,Chennai,0,33,327.85,357,0,0
59.28,Grocery,PayPal,POS,Pune,1,131,388.0,744,0,0
9.75,Food,Debit Card,Mobile,Pune,0,132,208.8,1159,0,0
157.37,Entertainment,PayPal,Mobile,Mumbai,1,30,476.55,1815,0,0
102.65,Electronics,Credit Card,Mobile,Mumbai,0,70,338.72,1940,0,0
5.61,Health,UPI,POS,Chennai,0,49,161.98,1991,0,0
98.43,Utilities,Debit Card,Desktop,Mumbai,0,30,208.09,1992,0,0
62.74,Utilities,Debit Card,Desktop,Mumbai,1,82,312.7,830,0,0
6.82,Health,NetBanking,Desktop,Pune,0,144,124.73,1132,0,0
49.04,Utilities,UPI,Desktop,Chennai,0,181,379.42,1218,0,0
53.04,Utilities,Debit Card,Mobile,Chennai,0,134,120.1,1899,0,0
14.5,Entertainment,PayPal,POS,Kolkata,0,24,299.98,660,0,0
233.06,Fashion,Debit Card,Mobile,Pune,0,115,351.53,1110,0,0
151.76,Electronics,Debit Card,Desktop,Kolkata,0,92,431.28,989,0,0
88.46,Utilities,Debit Card,Mobile,Delhi,1,156,369.61,989,0,1
49.64,Food,NetBanking,Desktop,Delhi,0,21,401.42,1241,0,0
42.45,Entertainment,Debit Card,POS,Pune,0,8,457.34,1105,0,0
84.21,Utilities,Debit Card,Desktop,Mumbai,0,36,302.91,1125,0,0
63.07,Food,NetBanking,Mobile,Bengaluru,0,124,424.68,782,0,0
5.14,Grocery,UPI,POS,Delhi,0,9,123.62,353,0,0
57.48,Fashion,Credit Card,Desktop,Delhi,0,40,409.22,1665,0,0
131.36,Travel,NetBanking,Desktop,Pune,0,179,118.63,1391,0,0
49.18,Utilities,NetBanking,POS,Kolkata,0,129,467.97,184,0,0
4.27,Food,Debit Card,Mobile,Pune,0,191,171.69,88,0,0
123.45,Entertainment,Debit Card,POS,Bengaluru,1,117,94.2,1328,0,0
17.99,Fashion,Credit Card,Mobile,Bengaluru,0,68,82.6,1824,0,0
23.94,Electronics,Debit Card,Desktop,Chennai,1,154,101.76,230,0,0
14.4,Entertainment,PayPal,Desktop,Pune,0,168,229.29,324,0,0
32.06,Grocery,Debit Card,POS,Delhi,0,3,265.85,1375,0,0
113.09,Health,Debit Card,Desktop,Kolkata,0,108,457.76,1382,0,0
58.62,Utilities,PayPal,POS,Kolkata,0,122,196.7,1443,0,0
18.34,Electronics,Credit Card,Desktop,Hyderabad,0,9,116.57,1027,0,0
168.19,Food,PayPal,Desktop,Hyderabad,0,160,374.47,1337,0,0
169.34,Utilities,NetBanking,Mobile,Mumbai,0,195,75.98,1229,0,0
163.57,Food,PayPal,POS,Delhi,0,4,447.22,639,0,0
21.83,Electronics,UPI,POS,Hyderabad,0,6,210.61,378,0,0
48.01,Food,NetBanking,Desktop,Kolkata,0,73,310.78,1485,0,0
335.92,Entertainment,Debit Card,Mobile,Delhi,0,26,101.23,992,0,0
118.28,Fashion,NetBanking,Mobile,Pune,0,130,81.31,1747,0,0
2.2,Food,Credit Card,POS,Delhi,0,194,401.43,411,1,0
5.39,Grocery,Credit Card,POS,Hyderabad,0,114,220.55,1325,0,0
49.88,Fashion,PayPal,Desktop,Kolkata,0,85,493.5,521,0,0
191.95,Entertainment,NetBanking,POS,Delhi,0,86,266.91,1600,0,0
61.9,Utilities,Debit Card,Desktop,Bengaluru,0,131,424.37,360,1,0
55.1,Travel,Credit Card,Mobile,Mumbai,0,35,490.18,904,0,0
8.92,Utilities,Debit Card,POS,Chennai,0,114,147.76,1652,0,0
85.55,Food,UPI,Mobile,Kolkata,0,59,402.43,187,1,0
138.12,Food,Credit Card,Mobile,Hyderabad,0,38,20.78,461,0,0
38.3,Grocery,PayPal,Desktop,Pune,0,33,343.08,1378,0,0
119.55,Entertainment,UPI,Mobile,Chennai,0,121,375.15,1169,0,0
267.01,Grocery,NetBanking,Desktop,Mumbai,0,143,243.91,1573,0,1
18.23,Health,Debit Card,Desktop,Kolkata,0,100,89.43,648,0,0
59.27,Entertainment,Credit Card,Mobile,Kolkata,0,142,312.19,648,0,0
27.08,Electronics,UPI,Mobile,Bengaluru,1,194,449.79,655,0,0
125.95,Electronics,UPI,Desktop,Bengaluru,0,45,466.35,464,0,0
68.94,Electronics,Credit Card,Desktop,Bengaluru,0,48,375.59,1575,0,0
80.54,Grocery,NetBanking,Mobile,Bengaluru,0,172,139.22,825,0,0
127.93,Electronics,NetBanking,Desktop,Hyderabad,0,118,436.46,961,1,1
40.33,Entertainment,PayPal,Desktop,Kolkata,0,165,445.52,601,0,0
197.29,Electronics,NetBanking,POS,Hyderabad,0,29,189.95,295,0,0
60.92,Travel,PayPal,POS,Delhi,0,84,99.66,1451,0,0
13.75,Electronics,UPI,POS,Pune,0,162,438.58,131,0,0
95.23,Food,Credit Card,POS,Delhi,0,187,443.7,1116,0,0
126.1,Health,NetBanking,POS,Pune,0,113,59.44,1026,0,0
30.47,Grocery,PayPal,Desktop,Mumbai,1,117,483.82,1740,0,0
155.69,Fashion,UPI,Desktop,Delhi,0,43,271.21,738,0,0
189.28,Health,NetBanking,POS,Mumbai,0,161,496.93,1044,0,0
25.94,Travel,Debit Card,Mobile,Mumbai,0,19,228.05,853,0,0
328.46,Grocery,UPI,POS,Mumbai,0,8,271.31,1955,0,0
12.13,Entertainment,NetBanking,Mobile,Bengaluru,0,159,140.38,1564,0,0
18.05,Utilities,UPI,Desktop,Chennai,1,11,450.48,251,0,1
16.29,Grocery,Credit Card,Mobile,Chennai,0,8,227.42,944,0,0
179.54,Food,Credit Card,Desktop,Hyderabad,0,153,409.16,465,0,0
84.97,Entertainment,Credit Card,Mobile,Mumbai,0,113,49.07,1243,0,0
13.2,Health,Debit Card,Desktop,Bengaluru,0,148,396.24,669,0,0
46.43,Health,Credit Card,Desktop,Delhi,1,38,250.22,974,0,1
76.42,Electronics,Debit Card,POS,Delhi,0,135,12.65,363,0,0
6.97,Entertainment,Credit Card,Desktop,Hyderabad,0,117,120.87,936,0,0
171.25,Utilities,UPI,POS,Hyderabad,0,167,104.93,1611,1,0
130.21,Food,NetBanking,POS,Mumbai,0,74,378.36,1634,0,0
56.29,Electronics,NetBanking,POS,Mumbai,0,72,243.83,1354,0,0
273.21,Electronics,Credit Card,Mobile,Delhi,1,106,88.26,380,0,0
43.27,Utilities,NetBanking,Mobile,Delhi,0,118,135.83,1929,0,0
331.37,Grocery,Credit Card,Desktop,Delhi,0,20,257.0,599,0,0
88.19,Health,Credit Card,POS,Delhi,0,11,19.62,1981,0,0
80.56,Electronics,PayPal,POS,Chennai,0,144,217.82,757,0,0
14.52,Travel,PayPal,Desktop,Mumbai,1,42,342.25,144,0,0
170.92,Travel,PayPal,POS,Mumbai,0,90,263.7,1575,0,0
44.62,Health,Debit Card,Desktop,Delhi,0,52,303.07,938,0,0
14.16,Travel,PayPal,POS,Bengaluru,0,165,170.04,396,0,0
1.02,Utilities,Credit Card,Mobile,Delhi,0,52,99.71,1322,0,0
65.63,Grocery,UPI,Desktop,Pune,0,137,406.77,833,0,0
59.96,Food,PayPal,Desktop,Kolkata,0,163,453.76,1139,0,1
101.65,Fashion,PayPal,Mobile,Kolkata,1,195,260.26,925,0,1
176.77,Electronics,UPI,Desktop,Hyderabad,0,95,159.47,998,0,0
6.62,Fashion,Credit Card,Mobile,Pune,0,135,260.49,407,0,0
105.19,Food,Debit Card,POS,Bengaluru,0,2,440.7,1200,0,0
16.6,Food,PayPal,Mobile,Hyderabad,0,25,348.79,1041,0,0
156.25,Utilities,UPI,Mobile,Kolkata,0,76,430.72,147,1,0
136.77,Grocery,Credit Card,Desktop,Bengaluru,0,94,170.91,1043,0,0
62.26,Travel,NetBanking,POS,Hyderabad,0,94,358.87,1188,0,0
99.1,Travel,Debit Card,Mobile,Delhi,0,41,329.99,556,0,0
30.19,Utilities,UPI,POS,Delhi,0,180,290.09,1902,0,0
50.97,Food,UPI,Mobile,Bengaluru,0,87,268.83,843,0,0
137.91,Grocery,UPI,Desktop,Hyderabad,0,81,279.98,235,0,0
49.19,Grocery,PayPal,Mobile,Chennai,0,193,426.34,1286,0,0
35.43,Health,NetBanking,Mobile,Bengaluru,0,124,458.84,845,0,0
54.53,Entertainment,Debit Card,POS,Bengaluru,0,77,65.3,95,0,1
140.94,Electronics,Credit Card,Mobile,Pune,0,38,288.7,33,0,0
32.66,Utilities,Credit Card,Desktop,Mumbai,0,195,460.02,32,0,0
15.27,Entertainment,NetBanking,Desktop,Bengaluru,0,42,76.02,1312,0,0
99.59,Utilities,UPI,Mobile,Chennai,1,199,212.3,1768,0,0
139.89,Travel,UPI,Mobile,Delhi,0,182,53.65,354,0,0
8.49,Food,UPI,POS,Hyderabad,0,195,65.6,1293,0,1
21.94,Utilities,UPI,POS,Mumbai,1,78,453.01,634,0,0
12.25,Utilities,UPI,Desktop,Hyderabad,0,64,228.63,825,1,1
34.21,Health,NetBanking,POS,Delhi,1,132,347.48,564,0,0
47.88,Fashion,PayPal,Mobile,Bengaluru,0,159,78.07,1851,0,0
110.53,Travel,Debit Card,Desktop,Pune,0,125,20.75,1371,0,0
84.25,Electronics,UPI,POS,Chennai,0,141,446.34,628,0,0
77.6,Grocery,PayPal,Desktop,Mumbai,0,27,291.53,1104,0,0
34.76,Food,Credit Card,Mobile,Chennai,0,59,19.79,1862,0,0
147.33,Travel,NetBanking,POS,Kolkata,0,65,496.25,1523,0,0
50.98,Fashion,PayPal,Mobile,Chennai,0,192,251.17,861,0,0
309.46,Utilities,UPI,Mobile,Chennai,0,25,243.18,1096,1,0
80.44,Electronics,UPI,Desktop,Chennai,0,37,314.25,1257,0,0
10.8,Utilities,UPI,Desktop,Delhi,0,124,13.87,376,0,0
90.2,Electronics,PayPal,Desktop,Chennai,0,71,288.88,1111,0,0
31.46,Health,UPI,POS,Pune,0,142,318.45,88,0,0
92.75,Utilities,PayPal,POS,Chennai,0,94,155.51,709,0,0
5.77,Travel,UPI,Desktop,Delhi,0,152,366.16,1739,0,0
15.38,Fashion,Credit Card,POS,Hyderabad,0,67,194.94,540,0,0
154.89,Electronics,Credit Card,POS,Delhi,0,176,361.71,1371,0,0
20.62,Food,Debit Card,Desktop,Kolkata,1,103,80.47,1486,0,0
145.14,Electronics,UPI,Mobile,Kolkata,0,91,457.71,1425,0,0
26.2,Fashion,UPI,POS,Pune,0,193,440.93,236,0,0
82.38,Grocery,PayPal,POS,Pune,0,166,83.81,140,0,0
94.77,Grocery,PayPal,Mobile,Bengaluru,0,90,469.84,52,0,0
57.5,Health,UPI,Mobile,Delhi,0,70,283.31,1481,0,0
29.14,Travel,Debit Card,Mobile,Hyderabad,1,59,353.81,1798,0,0
19.13,Fashion,UPI,Desktop,Bengaluru,0,12,421.74,1993,0,0
2.7,Health,PayPal,Mobile,Bengaluru,0,182,50.95,816,0,0
28.99,Entertainment,UPI,Desktop,Mumbai,0,51,92.95,1737,0,0
84.71,Electronics,PayPal,Mobile,Chennai,0,166,152.29,1064,0,0
222.84,Entertainment,UPI,Mobile,Bengaluru,0,174,243.83,601,0,0
163.96,Electronics,NetBanking,Desktop,Bengaluru,0,10,179.57,1987,0,0
116.22,Grocery,PayPal,Desktop,Pune,0,9,257.86,1797,0,1
124.26,Health,Debit Card,Mobile,Hyderabad,0,87,101.1,776,0,0
87.49,Grocery,NetBanking,Mobile,Bengaluru,0,94,344.26,544,1,0
24.12,Food,UPI,Mobile,Kolkata,0,52,37.31,173,0,0
190.18,Entertainment,PayPal,POS,Hyderabad,0,179,187.11,1021,0,0
88.87,Entertainment,NetBanking,Mobile,Chennai,0,22,97.73,1795,0,0
65.76,Grocery,Debit Card,Desktop,Kolkata,0,73,367.67,1574,0,0
9.41,Food,PayPal,POS,Pune,0,83,442.99,838,0,0
47.4,Electronics,NetBanking,Desktop,Kolkata,0,72,48.61,323,0,0
49.35,Health,NetBanking,POS,Mumbai,0,118,394.67,354,0,0
159.94,Food,NetBanking,POS,Mumbai,0,68,448.9,222,0,0
63.29,Health,Credit Card,Desktop,Chennai,0,5,487.25,1344,0,0
38.29,Entertainment,UPI,POS,Chennai,0,83,293.9,1692,0,0
301.09,Health,PayPal,Desktop,Kolkata,0,121,170.42,1472,0,0
9.39,Entertainment,PayPal,Mobile,Pune,0,157,167.77,489,0,0
43.93,Food,PayPal,POS,Pune,0,6,195.7,1101,0,0
3.43,Entertainment,NetBanking,Desktop,Delhi,0,69,310.21,1160,0,0
107.74,Utilities,UPI,POS,Bengaluru,0,58,250.21,1317,0,0
200.16,Travel,Debit Card,Desktop,Bengaluru,0,43,330.28,1306,1,0
26.28,Entertainment,PayPal,Mobile,Bengaluru,0,197,29.26,1592,0,0
156.35,Grocery,UPI,Mobile,Hyderabad,0,72,61.88,1574,0,0
27.65,Food,UPI,POS,Delhi,0,91,488.5,1785,0,0
193.32,Utilities,Credit Card,POS,Kolkata,0,37,497.74,1211,0,0
112.18,Electronics,PayPal,Desktop,Bengaluru,0,58,375.86,555,0,0
130.74,Health,NetBanking,Desktop,Hyderabad,0,127,135.63,948,0,0
1.45,Utilities,UPI,POS,Hyderabad,0,37,477.16,58,0,0
263.34,Fashion,UPI,Desktop,Mumbai,0,154,114.71,567,0,0
103.77,Utilities,Debit Card,Desktop,Hyderabad,0,170,368.4,1779,0,0
29.08,Food,Credit Card,Desktop,Chennai,0,16,66.48,172,0,0
141.47,Utilities,UPI,POS,Pune,0,150,327.96,656,0,0
26.45,Utilities,UPI,Mobile,Hyderabad,0,110,382.16,870,0,0
164.93,Grocery,NetBanking,Mobile,Chennai,0,151,431.22,247,0,0
9.55,Entertainment,NetBanking,Desktop,Chennai,0,175,369.81,622,0,0
97.31,Health,Debit Card,POS,Mumbai,1,195,462.51,742,0,0
62.24,Travel,Debit Card,Desktop,Kolkata,0,131,265.25,96,0,0
8.12,Electronics,Debit Card,Mobile,Mumbai,0,12,341.94,790,0,0
22.15,Travel,NetBanking,Desktop,Hyderabad,1,23,191.08,173,0,1
1.0,Utilities,NetBanking,Mobile,Mumbai,0,111,15.09,1194,0,0
50.6,Fashion,Credit Card,POS,Mumbai,0,139,380.78,1399,0,0
28.68,Food,PayPal,Desktop,Kolkata,0,52,436.23,494,0,0
72.98,Health,PayPal,POS,Pune,0,178,95.22,125,0,0
28.22,Food,Credit Card,Desktop,Bengaluru,0,185,24.03,437,0,0
28.52,Grocery,PayPal,Desktop,Hyderabad,0,192,90.61,1171,1,0
108.75,Food,NetBanking,Desktop,Kolkata,0,127,448.69,1883,0,0
3.95,Electronics,PayPal,Desktop,Hyderabad,0,174,154.8,1750,0,0
186.56,Fashion,NetBanking,Desktop,Hyderabad,0,29,124.52,833,0,0
152.99,Travel,Credit Card,POS,Mumbai,0,121,17.15,1497,0,1
88.16,Utilities,Debit Card,POS,Pune,0,198,155.56,786,0,0
71.96,Utilities,Credit Card,Mobile,Mumbai,0,174,360.66,1433,0,0
178.27,Fashion,PayPal,Desktop,Chennai,1,144,479.95,742,0,1
16.4,Health,NetBanking,Mobile,Delhi,0,179,163.24,307,0,0
6.58,Food,PayPal,POS,Delhi,0,101,127.94,390,0,0
21.9,Health,PayPal,Mobile,Kolkata,0,11,445.15,1423,0,0
126.62,Travel,Debit Card,POS,Delhi,0,139,427.73,1675,0,0
2.82,Health,PayPal,Desktop,Kolkata,0,191,170.8,241,0,0
69.94,Grocery,Debit Card,Mobile,Bengaluru,0,181,43.71,1312,0,0
431.19,Fashion,NetBanking,Mobile,Mumbai,0,89,496.07,1729,0,0
154.87,Travel,NetBanking,Mobile,Chennai,0,58,343.55,1150,1,0
58.96,Travel,Debit Card,Mobile,Chennai,1,19,464.02,1263,0,1
5.26,Entertainment,Credit Card,Desktop,Delhi,0,160,177.52,1601,0,0
142.41,Travel,NetBanking,POS,Pune,0,50,327.37,807,0,0
73.1,Entertainment,Credit Card,POS,Bengaluru,0,122,340.5,1665,0,0
9.77,Electronics,NetBanking,Desktop,Kolkata,1,72,437.72,50,0,0
7.88,Utilities,NetBanking,POS,Bengaluru,0,55,496.6,758,0,0
192.3,Entertainment,UPI,Mobile,Delhi,0,169,63.25,1486,0,0
88.5,Fashion,PayPal,Desktop,Kolkata,0,99,319.25,645,0,0
141.42,Health,PayPal,POS,Kolkata,0,70,174.86,400,0,0
168.94,Entertainment,Credit Card,Desktop,Delhi,0,149,407.71,1446,0,0
67.85,Travel,PayPal,Desktop,Mumbai,0,117,379.53,653,0,0
58.29,Fashion,Credit Card,POS,Pune,0,26,447.33,1272,0,0
45.03,Entertainment,NetBanking,POS,Bengaluru,0,129,178.41,1557,0,0
30.49,Entertainment,UPI,Desktop,Chennai,0,155,100.42,661,0,0
45.62,Travel,UPI,Desktop,Delhi,0,178,20.68,790,0,0
118.94,Grocery,NetBanking,POS,Mumbai,0,114,135.2,876,0,0
73.69,Grocery,Debit Card,Desktop,Chennai,0,194,189.91,977,0,0
178.44,Entertainment,Debit Card,POS,Bengaluru,0,65,473.57,1149,0,0
46.87,Grocery,PayPal,Desktop,Delhi,0,10,250.77,1485,0,0
74.73,Food,Credit Card,Desktop,Kolkata,0,95,282.66,217,0,0
79.82,Travel,UPI,Desktop,Pune,0,121,441.26,530,0,0
71.66,Food,PayPal,POS,Delhi,0,126,443.68,905,0,0
97.02,Fashion,NetBanking,Mobile,Pune,0,37,268.68,404,0,0
21.69,Food,UPI,POS,Mumbai,0,69,65.71,463,0,0
57.45,Fashion,Credit Card,Desktop,Mumbai,0,41,142.55,1476,0,0
8.81,Entertainment,Credit Card,Mobile,Bengaluru,0,174,233.88,1197,0,0
38.83,Fashion,Debit Card,Mobile,Pune,0,45,378.07,1593,0,0
53.5,Fashion,PayPal,Desktop,Delhi,0,123,358.72,528,0,0
84.5,Health,NetBanking,POS,Mumbai,0,126,324.93,35,0,0
240.51,Food,UPI,Mobile,Delhi,0,27,441.32,1370,0,0
73.43,Health,Credit Card,Mobile,Bengaluru,0,193,403.3,1827,0,0
108.88,Entertainment,UPI,POS,Pune,0,84,491.24,1283,0,0
56.46,Travel,NetBanking,POS,Delhi,0,136,445.69,1175,0,0
80.43,Food,UPI,Mobile,Chennai,0,195,105.87,1548,0,0
5.89,Travel,PayPal,POS,Delhi,0,49,38.23,1759,0,0
23.48,Travel,Debit Card,Mobile,Hyderabad,0,96,213.11,646,0,0
35.93,Fashion,UPI,Desktop,Hyderabad,0,121,312.58,1989,0,0
51.17,Utilities,Debit Card,POS,Kolkata,0,114,325.12,740,0,0
3.74,Food,NetBanking,Mobile,Bengaluru,1,14,141.08,504,0,0
12.07,Travel,Debit Card,POS,Bengaluru,0,62,431.34,603,0,0
25.93,Utilities,UPI,POS,Bengaluru,0,43,171.33,825,0,0
284.72,Grocery,UPI,Mobile,Chennai,0,155,460.37,537,0,0
32.2,Travel,Credit Card,Desktop,Pune,0,96,241.08,621,0,0
52.63,Grocery,UPI,Mobile,Chennai,0,27,15.09,204,0,0
17.46,Food,Debit Card,POS,Kolkata,0,68,89.4,1574,0,0
75.49,Entertainment,Credit Card,Mobile,Delhi,0,127,60.14,721,1,0
26.36,Health,UPI,POS,Mumbai,0,48,31.57,1324,0,0
18.55,Food,UPI,Mobile,Pune,0,67,359.87,1727,0,0
58.15,Health,NetBanking,Desktop,Hyderabad,0,25,104.23,817,0,0
0.44,Health,Credit Card,Desktop,Hyderabad,0,192,420.92,1771,1,0
0.62,Food,NetBanking,Desktop,Kolkata,0,119,139.59,601,0,0
19.78,Travel,NetBanking,Desktop,Hyderabad,0,152,25.84,215,0,0
2.99,Electronics,NetBanking,Mobile,Kolkata,0,9,412.13,616,0,0
9.15,Travel,PayPal,Desktop,Delhi,0,136,238.41,1147,0,0
33.1,Travel,NetBanking,Mobile,Delhi,0,95,303.76,1632,0,0
129.8,Entertainment,Debit Card,POS,Bengaluru,1,59,174.75,543,0,0
67.9,Fashion,UPI,POS,Mumbai,0,17,32.56,1231,0,0
57.5,Fashion,PayPal,POS,Bengaluru,0,171,191.39,683,0,0
27.79,Travel,NetBanking,Desktop,Delhi,0,95,263.96,585,0,0
214.77,Grocery,UPI,Desktop,Chennai,0,196,15.73,1739,1,1
40.47,Entertainment,Credit Card,Desktop,Bengaluru,0,132,291.4,1955,0,0
7.29,Health,Credit Card,POS,Pune,0,101,447.59,1957,0,0
76.79,Utilities,UPI,POS,Delhi,0,136,116.74,324,0,0
9.67,Fashion,Debit Card,POS,Delhi,0,42,464.12,1284,0,0
33.88,Travel,UPI,POS,Chennai,0,49,57.83,1289,0,0
56.65,Entertainment,UPI,Mobile,Chennai,0,6,414.46,1146,0,0
165.86,Electronics,PayPal,Mobile,Chennai,1,73,421.76,1540,0,0
54.43,Grocery,Credit Card,Desktop,Mumbai,0,170,136.3,73,0,0
96.92,Food,Credit Card,Desktop,Pune,0,32,479.34,568,0,0
394.88,Travel,NetBanking,POS,Delhi,0,143,214.13,1837,0,0
11.28,Entertainment,UPI,Mobile,Chennai,0,82,79.22,1528,0,0
25.7,Travel,UPI,Mobile,Mumbai,0,69,299.94,68,0,0
40.15,Utilities,Debit Card,Desktop,Hyderabad,0,114,498.34,1438,0,0
43.83,Health,Credit Card,Mobile,Pune,0,27,450.65,1488,0,0
42.35,Grocery,Debit Card,Desktop,Kolkata,0,66,146.52,318,0,0
190.54,Fashion,PayPal,POS,Kolkata,0,187,292.72,277,0,0
100.15,Fashion,NetBanking,POS,Hyderabad,0,156,66.53,1615,0,0
74.9,Fashion,Debit Card,Desktop,Hyderabad,0,152,236.3,388,1,0
29.61,Utilities,Credit Card,POS,Delhi,0,51,266.3,1491,0,0
138.89,Food,PayPal,POS,Mumbai,0,149,164.49,1848,0,0
248.2,Entertainment,UPI,Mobile,Mumbai,0,159,247.25,238,0,0
137.72,Grocery,PayPal,Mobile,Hyderabad,0,75,460.77,153,0,0
0.13,Grocery,Debit Card,Mobile,Pune,0,50,255.07,1004,0,0
80.94,Fashion,Credit Card,Mobile,Bengaluru,0,92,417.19,1907,0,0
4.2,Fashion,Debit Card,Mobile,Hyderabad,0,112,165.52,1814,0,0
23.83,Health,UPI,Desktop,Delhi,0,168,485.99,432,0,0
4.91,Utilities,UPI,Desktop,Hyderabad,0,68,55.8,313,0,0
74.07,Electronics,Credit Card,Mobile,Pune,0,106,296.94,692,0,0
92.82,Electronics,NetBanking,POS,Pune,0,144,397.05,605,0,0
9.73,Travel,PayPal,POS,Hyderabad,0,76,408.88,270,0,0
38.74,Travel,PayPal,Desktop,Mumbai,0,86,107.16,196,0,0
48.74,Grocery,UPI,Desktop,Hyderabad,0,107,206.81,1805,0,0
36.84,Grocery,Debit Card,Desktop,Chennai,0,191,315.86,590,0,0
10.32,Food,Debit Card,POS,Chennai,0,56,164.78,1752,0,0
43.43,Food,NetBanking,Desktop,Bengaluru,0,80,332.57,177,0,0
111.28,Electronics,Debit Card,POS,Delhi,0,24,195.6,730,0,0
5.89,Utilities,PayPal,Desktop,Delhi,0,28,181.92,652,0,0
6.69,Travel,Debit Card,POS,Kolkata,0,121,62.95,1949,0,0
35.05,Electronics,NetBanking,Desktop,Mumbai,0,93,29.23,294,0,0
227.41,Utilities,PayPal,Desktop,Delhi,0,85,419.28,530,0,0
88.35,Electronics,Debit Card,POS,Bengaluru,0,112,249.88,308,0,0
90.82,Travel,PayPal,Desktop,Chennai,0,122,285.81,778,0,0
35.94,Entertainment,UPI,Mobile,Mumbai,0,89,192.39,932,0,0
72.05,Food,UPI,POS,Pune,0,31,77.0,188,0,0
0.81,Health,UPI,Desktop,Chennai,1,143,230.29,1113,0,1
80.87,Health,Debit Card,POS,Bengaluru,0,111,122.19,528,1,1
195.61,Health,NetBanking,Desktop,Mumbai,0,42,420.46,1370,0,0
75.86,Travel,PayPal,Mobile,Hyderabad,0,102,493.53,1640,0,0
165.53,Fashion,Credit Card,Desktop,Delhi,0,50,445.66,517,0,0
102.98,Fashion,UPI,Desktop,Bengaluru,0,124,268.85,494,1,0
10.28,Fashion,UPI,Mobile,Mumbai,0,133,317.78,257,0,0
186.19,Grocery,Credit Card,POS,Chennai,0,176,474.58,695,0,0
5.5,Food,Credit Card,Desktop,Mumbai,0,13,273.95,1409,0,0
61.08,Food,Debit Card,Desktop,Hyderabad,0,32,322.91,1519,0,0
12.26,Entertainment,PayPal,Mobile,Bengaluru,0,195,318.32,851,0,0
0.94,Entertainment,UPI,POS,Mumbai,0,79,356.98,828,0,0
43.86,Grocery,NetBanking,POS,Pune,0,91,323.74,782,0,0
27.97,Electronics,Debit Card,Mobile,Bengaluru,0,158,338.65,1280,0,0
53.24,Utilities,Debit Card,Mobile,Bengaluru,0,6,365.69,1222,0,0
68.87,Entertainment,NetBanking,Desktop,Chennai,0,25,406.46,1337,1,0
3.58,Health,NetBanking,Mobile,Kolkata,0,156,207.5,1911,0,0
10.5,Fashion,NetBanking,Mobile,Delhi,0,190,375.46,291,1,0
65.43,Health,Credit Card,Mobile,Kolkata,0,150,59.1,1855,1,1
33.63,Fashion,UPI,POS,Pune,0,68,439.33,889,0,0
104.5,Health,Credit Card,Mobile,Hyderabad,0,143,152.12,393,0,0
84.51,Electronics,UPI,Desktop,Mumbai,0,26,207.7,1574,0,1
149.46,Utilities,Credit Card,Desktop,Kolkata,0,191,403.77,1914,0,0
94.34,Health,PayPal,Desktop,Delhi,0,18,322.12,127,0,0
44.96,Health,UPI,Mobile,Chennai,0,73,161.23,1065,0,0
89.42,Travel,Debit Card,POS,Delhi,0,191,120.45,813,0,0
25.77,Utilities,UPI,Mobile,Bengaluru,0,62,479.28,612,0,0
29.26,Health,UPI,Mobile,Bengaluru,0,68,53.01,956,0,0
124.47,Travel,UPI,Desktop,Hyderabad,0,48,12.12,1470,0,0
47.31,Food,PayPal,Mobile,Pune,0,178,339.74,1554,0,0
128.11,Utilities,Credit Card,POS,Mumbai,0,63,311.09,164,0,0
138.27,Grocery,Debit Card,Desktop,Mumbai,0,197,371.43,288,0,0
155.91,Utilities,Credit Card,POS,Chennai,0,134,368.5,945,0,0
198.76,Utilities,Credit Card,POS,Hyderabad,0,186,433.0,546,0,0
45.11,Health,NetBanking,POS,Mumbai,0,51,461.83,1804,0,0
30.72,Food,PayPal,Mobile,Pune,0,12,389.76,1347,1,1
69.82,Utilities,NetBanking,Mobile,Bengaluru,0,175,123.82,1900,0,0
37.11,Entertainment,PayPal,Mobile,Hyderabad,0,126,237.11,1664,0,0
73.52,Entertainment,Credit Card,Mobile,Delhi,0,9,324.44,1493,1,0
97.82,Travel,Credit Card,Desktop,Kolkata,0,7,274.29,180,0,0
93.28,Health,PayPal,Mobile,Kolkata,0,157,87.86,1534,0,0
37.54,Health,Credit Card,Desktop,Hyderabad,0,179,298.74,1311,0,0
14.6,Utilities,Credit Card,POS,Hyderabad,0,183,444.4,897,0,0
45.04,Electronics,Debit Card,Desktop,Pune,1,187,215.07,1202,1,1
12.31,Food,NetBanking,Mobile,Pune,0,184,337.78,1003,0,0
176.65,Fashion,NetBanking,Desktop,Mumbai,0,150,311.81,171,0,0
33.96,Fashion,NetBanking,Mobile,Kolkata,0,146,194.75,280,0,0
13.42,Electronics,UPI,Mobile,Chennai,0,58,286.98,987,0,1
2.06,Travel,Debit Card,Desktop,Chennai,0,40,113.0,1799,0,0
83.04,Fashion,NetBanking,Desktop,Pune,0,89,277.59,936,0,0
81.05,Utilities,NetBanking,POS,Mumbai,0,31,401.43,673,0,0
33.31,Fashion,Debit Card,POS,Mumbai,0,184,381.88,1100,0,0
5.95,Entertainment,Credit Card,POS,Mumbai,0,163,185.4,1425,0,0
42.16,Entertainment,NetBanking,POS,Pune,0,26,64.92,123,0,0
29.83,Grocery,Credit Card,POS,Chennai,0,196,401.97,790,0,0
90.44,Food,NetBanking,Desktop,Mumbai,1,106,139.87,385,0,0
74.47,Travel,PayPal,POS,Pune,0,84,35.99,561,0,0
36.28,Health,UPI,Desktop,Delhi,0,162,228.14,721,0,0
19.66,Food,NetBanking,POS,Delhi,0,76,372.34,1325,0,0
354.07,Travel,PayPal,Mobile,Bengaluru,0,144,406.16,1482,0,0
48.41,Fashion,Debit Card,POS,Delhi,0,123,491.28,677,0,0
93.25,Grocery,PayPal,Mobile,Hyderabad,0,42,102.81,1802,0,0
12.12,Food,Debit Card,Desktop,Bengaluru,0,133,153.96,731,1,1
53.18,Fashion,NetBanking,POS,Delhi,0,61,308.65,753,0,0
2.23,Travel,Debit Card,Desktop,Hyderabad,0,44,407.56,946,0,0
56.33,Food,PayPal,POS,Delhi,0,35,124.7,93,0,0
265.98,Health,UPI,Desktop,Pune,1,108,210.86,1925,0,1
38.79,Food,Credit Card,POS,Kolkata,1,91,210.12,955,1,1
3.18,Fashion,Credit Card,POS,Hyderabad,0,128,388.74,1217,0,0
2.52,Utilities,UPI,Mobile,Mumbai,0,1,128.06,1442,0,0
39.28,Utilities,Credit Card,Desktop,Pune,0,43,484.69,1522,0,0
13.95,Food,NetBanking,Desktop,Kolkata,0,32,260.13,1603,0,0
1.89,Health,NetBanking,Desktop,Hyderabad,0,103,148.21,756,0,0
112.92,Grocery,PayPal,Desktop,Pune,0,191,149.3,1584,0,0
49.08,Grocery,PayPal,Desktop,Mumbai,0,33,18.97,795,0,0
27.31,Utilities,Debit Card,Mobile,Hyderabad,0,95,349.29,1639,0,0
184.27,Fashion,PayPal,POS,Hyderabad,0,109,390.21,952,0,0
9.88,Travel,NetBanking,Mobile,Kolkata,0,66,25.89,682,1,0
249.74,Fashion,PayPal,Desktop,Pune,0,30,297.11,934,0,0
30.15,Grocery,Credit Card,Desktop,Delhi,0,10,393.02,1070,0,0
175.43,Electronics,Debit Card,POS,Hyderabad,0,23,194.36,636,0,0
73.89,Electronics,Debit Card,Mobile,Delhi,0,97,222.04,775,0,0
140.22,Food,NetBanking,POS,Hyderabad,0,39,187.2,969,1,0
330.88,Health,PayPal,POS,Chennai,0,173,164.67,1354,0,0
27.22,Utilities,Credit Card,Mobile,Bengaluru,0,123,250.66,117,0,0
259.81,Entertainment,PayPal,POS,Delhi,0,157,91.39,1863,0,0
39.48,Entertainment,UPI,Mobile,Delhi,0,158,225.94,592,0,0
38.96,Entertainment,PayPal,Mobile,Kolkata,0,162,471.49,1298,0,0
33.29,Food,NetBanking,Desktop,Mumbai,0,180,23.43,1520,1,1
62.37,Electronics,PayPal,POS,Chennai,0,103,90.72,1495,1,0
13.39,Grocery,Debit Card,Desktop,Mumbai,0,22,391.07,1166,0,0
64.54,Food,Credit Card,POS,Chennai,1,5,74.71,471,0,1
62.42,Entertainment,NetBanking,POS,Chennai,0,139,142.93,1979,0,0
114.81,Entertainment,UPI,Desktop,Pune,0,160,232.87,1954,0,0
143.49,Utilities,Credit Card,Desktop,Pune,0,152,472.15,1061,0,0
46.45,Fashion,Credit Card,Desktop,Pune,0,139,99.92,1602,0,0
28.8,Entertainment,Debit Card,Mobile,Hyderabad,0,139,462.31,588,0,0
24.02,Health,Debit Card,POS,Kolkata,0,145,362.08,1153,0,0
17.32,Entertainment,Debit Card,Mobile,Mumbai,0,160,338.86,1398,0,0
4.75,Fashion,NetBanking,POS,Bengaluru,0,83,364.54,1738,0,0
33.54,Entertainment,PayPal,POS,Chennai,0,155,25.31,782,0,0
25.2,Health,Credit Card,Mobile,Chennai,0,32,58.46,930,0,0
271.5,Grocery,PayPal,Mobile,Kolkata,0,61,174.07,510,0,0
65.26,Food,PayPal,POS,Delhi,0,25,46.24,732,0,0
34.13,Health,Debit Card,Desktop,Hyderabad,0,64,493.92,1395,0,0
69.49,Fashion,PayPal,Desktop,Bengaluru,0,192,294.4,972,0,0
11.99,Food,Credit Card,Desktop,Pune,1,156,248.8,1287,0,1
46.97,Food,Credit Card,Desktop,Chennai,0,168,394.9,822,0,0
78.73,Fashion,UPI,POS,Delhi,0,91,488.71,1288,1,0
53.69,Utilities,NetBanking,Desktop,Mumbai,0,142,478.01,155,0,0
41.1,Electronics,PayPal,Desktop,Chennai,0,42,398.6,719,0,0
407.28,Entertainment,NetBanking,Desktop,Delhi,0,39,194.82,506,0,0
169.83,Health,NetBanking,POS,Mumbai,0,2,42.32,714,0,0
78.13,Fashion,NetBanking,Mobile,Hyderabad,0,81,58.2,401,0,0
67.4,Grocery,NetBanking,Desktop,Pune,0,1,10.56,1173,1,0
77.55,Travel,Credit Card,POS,Kolkata,1,109,10.93,571,0,1
17.98,Fashion,PayPal,POS,Mumbai,0,160,468.85,589,0,0
40.22,Entertainment,UPI,Desktop,Chennai,0,125,464.24,208,0,0
3.22,Entertainment,NetBanking,Mobile,Bengaluru,0,64,337.1,1147,0,0
51.63,Food,UPI,Mobile,Mumbai,0,159,366.07,596,0,0
62.65,Food,Credit Card,Mobile,Bengaluru,0,186,261.47,777,0,0
20.68,Fashion,Credit Card,POS,Bengaluru,0,82,126.54,980,0,0
266.0,Travel,Debit Card,Desktop,Mumbai,0,78,458.05,331,0,0
192.15,Utilities,NetBanking,Desktop,Kolkata,0,111,146.07,1852,0,0
102.45,Fashion,Debit Card,POS,Kolkata,0,142,372.44,1471,0,0
60.98,Travel,UPI,Desktop,Hyderabad,1,197,130.26,1913,0,1
163.2,Utilities,PayPal,Desktop,Kolkata,0,16,436.37,615,0,0
11.2,Travel,Debit Card,Mobile,Mumbai,0,197,329.11,1505,0,0
125.05,Entertainment,Credit Card,Desktop,Kolkata,1,54,324.92,1470,0,1
10.67,Entertainment,NetBanking,Desktop,Delhi,0,141,57.71,1877,0,0
126.47,Entertainment,UPI,POS,Pune,0,124,215.54,1175,0,0
25.81,Grocery,Credit Card,POS,Bengaluru,0,80,267.21,86,0,0
167.7,Entertainment,PayPal,Mobile,Pune,0,79,154.08,1838,0,0
230.65,Health,NetBanking,POS,Chennai,0,159,441.68,1053,0,0
12.89,Food,PayPal,Mobile,Bengaluru,0,197,420.46,1192,0,0
49.69,Food,PayPal,Mobile,Chennai,0,149,251.87,1252,0,0
317.01,Travel,NetBanking,Desktop,Delhi,0,127,176.62,750,0,0
52.84,Food,NetBanking,Mobile,Delhi,0,158,402.76,1838,0,0
159.34,Electronics,PayPal,Desktop,Pune,0,23,106.48,1414,0,0
71.08,Utilities,UPI,Mobile,Delhi,0,38,45.04,1703,0,0
37.64,Travel,NetBanking,POS,Mumbai,0,157,32.4,439,0,0
26.93,Food,Credit Card,POS,Bengaluru,0,77,28.95,675,0,0
18.17,Electronics,Debit Card,POS,Chennai,0,32,249.56,1902,0,0
114.77,Utilities,UPI,Mobile,Kolkata,0,112,135.1,1581,0,0
39.09,Grocery,NetBanking,Mobile,Pune,1,190,348.28,1668,1,1
57.28,Food,NetBanking,Desktop,Pune,0,106,330.41,1296,0,0
54.23,Electronics,UPI,Desktop,Delhi,0,91,275.59,1143,0,0
68.88,Fashion,Debit Card,Desktop,Delhi,0,98,182.89,1569,0,0
160.54,Health,PayPal,Desktop,Chennai,0,45,426.72,91,0,0
315.98,Fashion,Credit Card,Mobile,Bengaluru,0,49,357.75,1265,0,0
41.88,Electronics,NetBanking,Mobile,Bengaluru,0,161,143.05,277,0,0
140.6,Travel,Debit Card,Desktop,Pune,0,4,255.83,1757,0,0
115.69,Entertainment,Credit Card,Mobile,Chennai,0,146,86.57,526,0,0
68.18,Entertainment,UPI,Mobile,Pune,0,198,171.1,85,0,0
249.97,Entertainment,NetBanking,Mobile,Kolkata,0,64,498.6,488,0,0
17.9,Utilities,PayPal,Mobile,Hyderabad,0,156,119.68,948,0,0
9.26,Travel,UPI,Desktop,Bengaluru,0,108,352.17,1342,0,0
153.91,Utilities,NetBanking,Desktop,Chennai,0,121,126.83,1596,0,0
46.26,Food,Debit Card,Mobile,Kolkata,0,186,469.69,1956,0,0
150.17,Entertainment,Credit Card,POS,Chennai,0,90,161.97,1523,1,0
178.86,Fashion,Credit Card,Desktop,Pune,0,56,179.88,1442,0,0
5.16,Travel,NetBanking,Desktop,Delhi,0,20,300.99,1474,0,0
171.96,Travel,UPI,POS,Chennai,0,77,298.17,1566,0,0
47.58,Entertainment,PayPal,Desktop,Pune,0,162,293.75,1763,0,0
57.14,Fashion,Debit Card,POS,Mumbai,1,87,290.89,586,0,1
78.81,Grocery,NetBanking,POS,Delhi,0,138,162.97,1612,0,0
208.71,Travel,Debit Card,Mobile,Delhi,0,115,222.86,993,0,0
1.54,Entertainment,Credit Card,Desktop,Bengaluru,0,94,300.78,1787,0,0
51.83,Health,PayPal,POS,Hyderabad,0,150,338.92,1851,0,0
93.11,Electronics,Debit Card,Mobile,Bengaluru,0,133,134.03,1134,0,0
102.61,Utilities,NetBanking,Desktop,Mumbai,0,172,353.72,473,0,1
94.35,Food,PayPal,Mobile,Pune,0,114,462.41,821,0,0
11.55,Travel,UPI,Mobile,Delhi,0,9,381.38,1340,0,0
28.46,Health,NetBanking,POS,Delhi,0,43,51.27,1337,0,1
35.54,Health,Debit Card,Desktop,Kolkata,1,4,239.87,1994,0,1
130.55,Travel,PayPal,Mobile,Chennai,0,170,223.28,520,0,0
26.14,Grocery,NetBanking,POS,Hyderabad,0,65,174.89,1441,0,0
18.93,Electronics,PayPal,POS,Hyderabad,0,98,250.75,1754,0,0
252.56,Food,PayPal,Mobile,Chennai,0,169,225.42,1604,0,0
0.71,Travel,PayPal,Mobile,Mumbai,0,192,13.02,624,0,0
490.31,Utilities,Debit Card,POS,Hyderabad,0,55,125.91,437,0,0
90.36,Food,NetBanking,Mobile,Delhi,0,146,114.75,356,0,0
141.04,Fashion,Credit Card,Mobile,Mumbai,0,144,181.14,971,0,1
27.92,Health,Credit Card,Desktop,Bengaluru,0,87,95.48,978,0,0
1.15,Health,Debit Card,POS,Bengaluru,0,174,43.22,1229,0,0
107.11,Travel,Debit Card,Mobile,Mumbai,0,164,106.34,1574,0,0
143.73,Travel,PayPal,POS,Delhi,0,90,428.55,1843,0,0
107.91,Utilities,NetBanking,Desktop,Kolkata,1,194,400.55,412,0,0
12.33,Fashion,NetBanking,POS,Bengaluru,0,44,226.63,1043,0,0
112.01,Grocery,UPI,POS,Pune,0,5,440.13,1311,0,0
117.2,Travel,UPI,POS,Delhi,0,29,124.01,376,0,0
85.96,Health,Credit Card,Desktop,Chennai,0,126,296.26,301,0,0
116.23,Food,UPI,Desktop,Hyderabad,0,4,80.03,1314,0,0
149.62,Electronics,UPI,POS,Kolkata,0,99,418.37,425,0,0
76.07,Entertainment,Credit Card,POS,Kolkata,0,49,73.98,1745,0,0
7.42,Food,Credit Card,Desktop,Mumbai,0,85,25.61,183,0,0
53.5,Grocery,UPI,Mobile,Hyderabad,0,136,143.99,1580,1,0
6.47,Electronics,NetBanking,Desktop,Chennai,0,122,451.46,1120,0,0
41.88,Food,UPI,POS,Bengaluru,0,180,73.43,870,0,0
41.82,Food,PayPal,Mobile,Kolkata,0,116,172.03,1752,1,0
5.46,Fashion,PayPal,Mobile,Pune,0,197,165.04,377,0,0
34.32,Entertainment,PayPal,Mobile,Delhi,0,149,402.81,1988,0,0
9.41,Utilities,Debit Card,Desktop,Kolkata,1,155,216.55,1116,0,0
132.12,Grocery,PayPal,Desktop,Kolkata,0,166,309.67,385,0,0
236.04,Health,NetBanking,Desktop,Delhi,0,133,208.15,1334,0,0
6.01,Fashion,Debit Card,Desktop,Chennai,0,85,280.21,1094,0,0
248.29,Electronics,Debit Card,POS,Mumbai,0,61,40.6,1593,1,1
59.15,Entertainment,PayPal,Mobile,Kolkata,0,136,193.27,396,0,0
28.48,Health,UPI,POS,Kolkata,1,86,429.0,1044,0,1
6.4,Fashion,Credit Card,Desktop,Hyderabad,0,18,348.62,306,0,0
55.55,Entertainment,UPI,Desktop,Pune,0,132,491.1,250,0,0
126.59,Utilities,UPI,POS,Bengaluru,0,4,396.08,1782,0,0
98.23,Grocery,Debit Card,Mobile,Mumbai,0,165,231.24,1787,0,0
4.12,Travel,Debit Card,Mobile,Pune,0,127,341.38,90,0,0
6.06,Utilities,Debit Card,Desktop,Pune,0,143,390.2,1156,0,0
41.25,Travel,NetBanking,Desktop,Chennai,0,166,142.14,1238,0,0
28.0,Electronics,NetBanking,Desktop,Chennai,0,155,39.41,1960,0,0
21.16,Travel,Credit Card,Desktop,Delhi,0,48,208.87,1200,0,0
26.39,Fashion,Debit Card,Mobile,Bengaluru,1,46,80.89,104,0,1
130.16,Electronics,PayPal,POS,Mumbai,0,46,145.85,502,0,0
211.86,Health,Debit Card,Mobile,Delhi,0,48,473.95,1054,0,0
41.55,Utilities,NetBanking,POS,Kolkata,0,187,425.07,445,0,0
189.25,Utilities,Debit Card,Desktop,Bengaluru,0,120,300.31,1522,0,0
31.03,Grocery,NetBanking,Desktop,Hyderabad,0,132,206.62,1418,0,0
51.77,Electronics,Debit Card,POS,Hyderabad,0,19,139.52,1898,0,0
20.5,Health,PayPal,Desktop,Delhi,0,185,290.01,1727,0,0
81.84,Utilities,Credit Card,Mobile,Mumbai,0,19,271.25,46,0,0
308.99,Electronics,PayPal,Desktop,Bengaluru,0,42,392.58,1563,0,0
74.0,Food,NetBanking,Desktop,Hyderabad,0,92,464.73,1808,0,0
35.43,Food,UPI,Desktop,Hyderabad,0,5,171.18,1492,0,0
83.49,Electronics,PayPal,Desktop,Mumbai,0,48,111.09,1932,0,0
10.49,Utilities,Debit Card,Mobile,Delhi,0,153,207.37,1584,0,0
175.61,Entertainment,Credit Card,POS,Chennai,0,195,224.4,1895,0,0
55.95,Travel,Debit Card,Desktop,Kolkata,0,26,29.54,1991,0,0
47.73,Food,Debit Card,Desktop,Pune,0,74,432.23,1112,0,0
70.53,Entertainment,PayPal,Mobile,Kolkata,0,190,497.84,1766,0,0
78.42,Entertainment,Credit Card,Mobile,Bengaluru,0,109,462.37,1168,0,0
5.96,Grocery,UPI,Mobile,Hyderabad,0,135,431.73,232,0,0
91.81,Health,Debit Card,Desktop,Pune,0,172,496.37,1859,0,0
22.16,Fashion,Credit Card,POS,Pune,0,87,454.83,1596,0,0
100.13,Food,UPI,Mobile,Chennai,0,155,347.3,1247,0,0
138.32,Electronics,Debit Card,Mobile,Pune,0,170,91.71,501,0,0
130.35,Travel,Credit Card,Mobile,Mumbai,0,73,86.61,1159,0,0
64.33,Fashion,PayPal,POS,Delhi,0,56,33.9,908,0,0
58.75,Health,Debit Card,Desktop,Bengaluru,0,131,211.8,994,0,0
12.33,Entertainment,Debit Card,Desktop,Mumbai,0,126,406.32,847,0,0
119.46,Health,Credit Card,Desktop,Delhi,0,141,250.25,1179,1,1
25.33,Utilities,Debit Card,Mobile,Mumbai,0,198,189.5,443,0,0
54.92,Food,UPI,Desktop,Hyderabad,0,59,63.53,1668,0,0
26.76,Health,Debit Card,Mobile,Hyderabad,0,38,35.36,1728,0,0
11.49,Health,NetBanking,POS,Chennai,0,85,205.6,1563,0,0
79.44,Travel,UPI,POS,Mumbai,0,83,58.96,530,0,0
4.47,Utilities,Credit Card,Desktop,Kolkata,0,196,60.74,1880,0,0
110.47,Utilities,UPI,Mobile,Pune,0,86,203.72,150,0,0
30.57,Entertainment,NetBanking,Mobile,Hyderabad,0,197,256.39,1805,0,0
0.01,Travel,NetBanking,Desktop,Delhi,0,1,101.47,1966,1,0
57.25,Travel,Debit Card,POS,Chennai,0,178,345.47,636,0,0
3.84,Electronics,Debit Card,POS,Pune,0,137,215.16,1261,0,0
25.86,Health,PayPal,POS,Bengaluru,1,128,55.04,1714,0,1
98.2,Health,UPI,POS,Mumbai,0,53,322.15,379,0,0
5.18,Utilities,PayPal,POS,Kolkata,0,88,184.9,849,0,0
146.28,Health,NetBanking,Desktop,Hyderabad,0,138,35.64,1246,0,0
0.31,Grocery,Debit Card,Desktop,Kolkata,0,84,474.51,683,0,0
22.68,Travel,Debit Card,Desktop,Pune,0,77,289.89,813,0,0
108.04,Fashion,Debit Card,POS,Delhi,1,29,244.08,1876,0,0
30.42,Utilities,Credit Card,POS,Mumbai,0,36,430.98,1446,0,0
8.6,Food,NetBanking,Desktop,Kolkata,0,27,469.0,526,0,0
35.73,Utilities,Debit Card,Desktop,Delhi,0,146,117.96,421,0,0
25.22,Entertainment,NetBanking,POS,Chennai,0,18,406.97,1766,0,0
147.97,Fashion,Debit Card,Mobile,Hyderabad,0,118,417.23,1727,0,0
30.07,Entertainment,UPI,Desktop,Hyderabad,0,137,36.66,1162,0,0
124.45,Electronics,NetBanking,POS,Chennai,0,67,358.85,958,0,0
177.96,Electronics,PayPal,POS,Delhi,0,135,40.85,499,0,0
45.51,Entertainment,Credit Card,Desktop,Kolkata,0,58,301.39,379,0,0
192.59,Health,PayPal,Mobile,Mumbai,0,30,337.93,804,0,0
37.9,Fashion,NetBanking,POS,Delhi,0,73,189.86,1775,0,0
266.11,Health,Debit Card,Desktop,Mumbai,0,123,441.59,178,0,0
7.48,Utilities,NetBanking,POS,Pune,0,189,402.25,285,0,0
92.93,Grocery,Credit Card,POS,Chennai,0,82,463.72,1442,0,0
54.47,Electronics,NetBanking,POS,Bengaluru,0,17,164.3,1252,1,0
39.24,Electronics,Debit Card,POS,Mumbai,0,181,20.55,1961,0,0
80.13,Fashion,PayPal,Mobile,Hyderabad,0,134,407.62,1496,0,0
97.35,Electronics,UPI,Desktop,Pune,0,39,119.26,1902,0,0
0.35,Grocery,PayPal,Desktop,Hyderabad,0,153,238.91,1239,0,0
14.61,Grocery,Debit Card,Desktop,Pune,1,170,410.49,373,0,0
99.87,Grocery,Debit Card,Desktop,Hyderabad,1,170,115.91,706,0,0
87.82,Food,Credit Card,Desktop,Delhi,0,59,162.84,137,0,0
270.62,Grocery,NetBanking,Mobile,Kolkata,0,102,225.15,624,0,0
114.52,Grocery,NetBanking,POS,Delhi,0,38,143.19,1866,0,0
240.9,Food,PayPal,POS,Delhi,0,159,236.05,1133,0,1
97.0,Health,UPI,Desktop,Kolkata,0,157,14.7,1306,0,0
28.31,Utilities,UPI,POS,Pune,0,104,113.97,54,0,0
8.91,Travel,Credit Card,POS,Pune,0,9,417.95,312,0,0
121.8,Electronics,Debit Card,POS,Kolkata,1,1,212.61,1616,0,0
82.66,Grocery,Credit Card,Desktop,Hyderabad,0,102,321.84,916,0,0
3.95,Electronics,NetBanking,Desktop,Mumbai,0,87,123.82,967,0,1
35.71,Fashion,Debit Card,Mobile,Pune,0,123,328.44,649,0,0
251.35,Electronics,Credit Card,Desktop,Hyderabad,0,47,499.99,267,0,0
55.52,Entertainment,PayPal,Mobile,Mumbai,0,76,301.69,967,0,0
45.35,Health,NetBanking,Desktop,Kolkata,1,10,317.9,345,0,0
48.95,Utilities,UPI,POS,Delhi,0,144,64.64,869,0,0
18.74,Food,Credit Card,Mobile,Pune,0,175,207.66,492,0,0
36.8,Electronics,NetBanking,Mobile,Bengaluru,0,43,431.76,1751,0,0
36.94,Electronics,NetBanking,Mobile,Delhi,0,152,418.79,621,0,0
4.3,Electronics,UPI,Desktop,Chennai,0,136,265.98,869,0,0
116.73,Travel,UPI,Mobile,Mumbai,1,75,452.69,1025,0,1
43.1,Travel,UPI,Desktop,Bengaluru,0,105,80.04,1661,0,0
138.16,Fashion,Credit Card,Mobile,Delhi,0,26,332.51,1435,1,0
151.96,Food,UPI,Desktop,Pune,1,7,131.95,1518,0,0
19.06,Electronics,PayPal,Mobile,Bengaluru,0,79,326.33,179,0,0
85.68,Electronics,NetBanking,POS,Hyderabad,0,15,52.83,381,0,0
51.14,Electronics,UPI,POS,Mumbai,1,176,472.37,471,0,0
169.73,Electronics,NetBanking,Mobile,Chennai,0,131,395.3,424,0,0
19.44,Travel,Debit Card,Desktop,Hyderabad,0,144,108.47,1418,0,0
90.61,Health,Debit Card,Desktop,Bengaluru,0,89,322.27,35,0,0
74.87,Health,UPI,Desktop,Delhi,0,97,381.98,563,0,0
28.0,Fashion,NetBanking,POS,Mumbai,0,142,112.63,249,0,0
11.75,Entertainment,Debit Card,POS,Pune,0,3,55.73,900,0,0
84.36,Grocery,UPI,POS,Chennai,0,73,182.37,41,0,0
107.34,Food,NetBanking,Desktop,Delhi,0,198,76.52,824,0,0
30.34,Health,UPI,Desktop,Chennai,0,31,287.2,1438,0,0
82.81,Entertainment,NetBanking,Desktop,Pune,0,119,217.82,733,0,0
40.22,Utilities,Debit Card,Mobile,Kolkata,0,75,236.59,487,0,0
99.92,Utilities,UPI,Mobile,Mumbai,0,17,276.0,254,0,0
17.77,Electronics,Debit Card,Mobile,Bengaluru,0,177,491.21,365,0,1
176.74,Utilities,UPI,POS,Chennai,0,3,398.39,196,0,0
27.11,Health,Credit Card,POS,Mumbai,0,123,318.44,1369,0,0
36.68,Fashion,Debit Card,Desktop,Chennai,0,55,188.22,1169,0,0
4.79,Grocery,Debit Card,Mobile,Delhi,0,111,23.26,1891,0,0
9.46,Health,PayPal,Desktop,Chennai,0,100,67.1,1974,0,0
58.03,Fashion,Debit Card,Mobile,Kolkata,0,40,368.12,527,0,0
24.91,Utilities,NetBanking,Mobile,Delhi,1,122,190.91,177,0,1
144.38,Travel,UPI,Desktop,Delhi,0,194,173.87,65,0,0
1.18,Grocery,Credit Card,Desktop,Mumbai,1,40,445.6,1460,0,0
38.13,Fashion,NetBanking,Mobile,Hyderabad,0,30,247.41,1438,0,0
32.92,Entertainment,NetBanking,Mobile,Pune,0,25,450.79,1810,1,1
1.56,Health,NetBanking,POS,Chennai,0,7,444.45,1019,0,0
10.62,Travel,NetBanking,Desktop,Bengaluru,0,92,49.29,1464,0,0
42.71,Entertainment,Credit Card,Desktop,Delhi,0,105,473.23,337,0,0
54.32,Fashion,PayPal,Desktop,Hyderabad,0,178,47.71,671,0,0
41.44,Fashion,Debit Card,Desktop,Delhi,0,123,482.12,269,0,0
60.56,Utilities,NetBanking,Mobile,Hyderabad,0,81,231.78,946,1,0
72.34,Entertainment,Debit Card,POS,Hyderabad,0,96,382.82,934,0,0
0.8,Health,Debit Card,Desktop,Bengaluru,0,1,356.01,1420,0,0
49.9,Grocery,NetBanking,Mobile,Hyderabad,0,91,264.06,885,0,0
264.83,Travel,PayPal,Mobile,Bengaluru,0,172,313.53,333,0,0
58.56,Utilities,Debit Card,Mobile,Mumbai,0,177,475.46,646,0,0
90.54,Electronics,UPI,Mobile,Delhi,1,7,464.4,1220,0,1
29.9,Food,Debit Card,Mobile,Bengaluru,0,120,330.62,583,0,0
118.97,Grocery,NetBanking,Desktop,Pune,0,131,332.28,795,0,0
118.6,Utilities,Credit Card,Desktop,Kolkata,0,94,131.0,1915,0,0
58.93,Travel,Debit Card,POS,Delhi,0,129,416.03,1354,0,0
298.42,Entertainment,PayPal,Desktop,Kolkata,0,179,319.98,927,0,0
10.73,Fashion,UPI,Mobile,Pune,0,98,414.86,1001,0,0
1.37,Entertainment,UPI,POS,Chennai,0,166,332.35,1258,0,0
117.63,Utilities,Credit Card,Mobile,Pune,0,43,156.67,224,0,0
131.67,Travel,Credit Card,Mobile,Mumbai,0,183,102.85,1224,0,0
10.25,Entertainment,Debit Card,Desktop,Chennai,0,185,47.71,1815,0,0
24.69,Entertainment,NetBanking,Mobile,Chennai,0,53,297.14,1669,0,0
1.42,Food,PayPal,Desktop,Hyderabad,0,161,149.19,1928,0,0
27.77,Health,UPI,Mobile,Pune,0,190,318.95,1455,0,0
118.67,Utilities,Credit Card,POS,Hyderabad,0,102,38.74,1092,0,0
58.38,Food,PayPal,Mobile,Pune,1,139,194.07,1801,0,0
34.23,Utilities,NetBanking,Desktop,Chennai,0,180,137.67,675,0,1
37.18,Electronics,UPI,Mobile,Hyderabad,0,1,191.46,281,0,0
0.11,Electronics,UPI,Desktop,Kolkata,0,14,36.6,1735,0,0
28.51,Food,NetBanking,Desktop,Delhi,0,122,364.85,1336,0,0
83.18,Grocery,UPI,POS,Pune,0,21,67.18,236,0,0
292.57,Grocery,NetBanking,Desktop,Pune,0,34,17.06,529,0,0
150.22,Entertainment,UPI,POS,Hyderabad,1,105,473.68,1196,0,1
1.91,Entertainment,Debit Card,POS,Pune,0,14,104.51,48,0,0
183.06,Fashion,NetBanking,Mobile,Chennai,0,168,415.75,1755,0,0
122.3,Electronics,PayPal,POS,Hyderabad,0,122,482.59,1629,0,0
121.27,Utilities,Debit Card,Desktop,Hyderabad,0,163,271.72,1795,0,0
49.0,Fashion,PayPal,Desktop,Bengaluru,0,170,267.8,848,0,0
40.6,Electronics,UPI,POS,Kolkata,0,82,190.03,716,0,0
28.87,Food,PayPal,Mobile,Kolkata,0,148,218.54,1878,0,0
5.44,Grocery,Debit Card,POS,Bengaluru,0,60,246.22,49,0,0
20.73,Entertainment,NetBanking,POS,Chennai,0,137,84.53,1841,0,0
22.65,Grocery,Credit Card,Desktop,Delhi,0,115,188.72,1903,0,0
52.94,Food,PayPal,Mobile,Pune,0,33,409.89,477,0,0
110.09,Fashion,Credit Card,Mobile,Mumbai,0,49,99.38,1279,0,0
51.37,Fashion,PayPal,Mobile,Pune,0,196,367.63,1796,0,0
4.77,Travel,PayPal,Mobile,Mumbai,0,4,329.28,1154,0,0
253.21,Entertainment,NetBanking,Desktop,Kolkata,0,123,38.08,768,0,0
228.79,Entertainment,UPI,Mobile,Chennai,0,176,20.99,323,0,0
123.04,Utilities,Debit Card,Mobile,Delhi,0,16,182.74,1603,0,0
379.81,Entertainment,Debit Card,Mobile,Delhi,0,175,349.16,94,0,0
62.91,Electronics,Debit Card,Desktop,Delhi,0,26,171.9,528,0,0
263.25,Fashion,UPI,Desktop,Bengaluru,0,70,337.19,105,0,0
6.29,Food,Credit Card,Mobile,Chennai,0,37,336.07,930,0,1
36.42,Fashion,Debit Card,Desktop,Mumbai,0,150,405.21,1757,0,0
20.43,Grocery,Credit Card,POS,Delhi,0,7,58.75,664,0,1
17.44,Electronics,UPI,Mobile,Chennai,0,170,292.79,1178,0,0
12.14,Entertainment,UPI,Desktop,Pune,1,30,40.62,56,1,1
77.92,Utilities,NetBanking,Mobile,Mumbai,0,74,96.21,1668,0,0
121.61,Utilities,Debit Card,Mobile,Kolkata,1,121,169.5,1329,0,1
69.08,Utilities,NetBanking,Desktop,Bengaluru,0,6,356.62,1625,0,0
12.72,Health,Debit Card,POS,Hyderabad,0,24,487.2,709,0,0
133.33,Travel,UPI,Mobile,Mumbai,0,194,177.84,112,0,0
80.84,Electronics,UPI,POS,Kolkata,0,168,265.36,515,0,0
39.3,Grocery,PayPal,Desktop,Kolkata,0,121,136.94,1516,0,0
89.7,Entertainment,PayPal,Mobile,Kolkata,0,143,340.99,35,0,0
24.08,Grocery,UPI,Desktop,Pune,0,181,189.63,998,0,0
33.87,Grocery,UPI,Desktop,Mumbai,0,85,245.98,1729,0,0
199.58,Entertainment,Credit Card,Desktop,Mumbai,0,133,288.23,397,0,0
27.46,Grocery,Credit Card,Desktop,Hyderabad,0,89,346.26,500,0,0
50.79,Utilities,NetBanking,Mobile,Delhi,0,36,39.43,1767,0,0
176.68,Food,PayPal,POS,Pune,0,174,281.9,1502,0,0
98.4,Travel,PayPal,POS,Kolkata,1,151,221.27,1960,0,0
5.14,Health,UPI,Mobile,Hyderabad,0,88,75.54,718,0,0
12.75,Grocery,UPI,Mobile,Mumbai,0,45,111.94,399,0,0
0.63,Grocery,NetBanking,POS,Pune,0,10,443.11,1393,0,0
79.74,Fashion,PayPal,POS,Bengaluru,0,54,437.17,1721,0,0
47.49,Travel,Credit Card,Mobile,Mumbai,0,70,26.33,307,0,0
11.54,Electronics,Debit Card,Desktop,Bengaluru,0,85,347.81,369,0,0
253.48,Travel,NetBanking,Mobile,Chennai,0,32,281.55,844,0,0
60.34,Travel,Debit Card,POS,Bengaluru,0,43,470.51,643,0,0
22.15,Entertainment,Credit Card,Desktop,Mumbai,0,118,454.92,1133,0,1
55.55,Entertainment,Credit Card,POS,Hyderabad,0,121,293.99,1759,0,0
91.06,Entertainment,Debit Card,Desktop,Mumbai,0,15,78.09,822,0,0
6.34,Health,NetBanking,POS,Mumbai,0,66,235.31,632,0,0
25.69,Utilities,Debit Card,Desktop,Chennai,0,143,365.33,96,0,0
131.59,Travel,NetBanking,Mobile,Kolkata,0,115,476.35,244,0,0
49.25,Health,NetBanking,Mobile,Delhi,0,81,188.28,445,0,0
63.27,Grocery,UPI,Desktop,Mumbai,0,20,394.49,1198,0,0
45.37,Entertainment,PayPal,Desktop,Chennai,0,178,344.84,581,0,0
3.59,Grocery,PayPal,Mobile,Hyderabad,0,6,48.36,1777,0,0
14.5,Entertainment,Credit Card,Mobile,Chennai,0,79,283.41,1339,0,1
47.18,Food,UPI,Desktop,Chennai,0,125,99.92,600,0,0
18.78,Health,PayPal,Desktop,Bengaluru,0,145,344.94,569,0,0
4.1,Health,NetBanking,Mobile,Delhi,0,120,308.94,1100,0,0
148.45,Utilities,NetBanking,POS,Delhi,0,26,486.79,1290,0,0
317.88,Electronics,Debit Card,Mobile,Pune,0,22,468.34,146,0,0
126.06,Fashion,Debit Card,Desktop,Kolkata,0,64,14.59,180,0,1
153.81,Travel,NetBanking,Desktop,Hyderabad,1,58,49.21,1136,0,0
22.16,Electronics,NetBanking,POS,Pune,0,37,386.88,1110,0,0
258.77,Health,Debit Card,Mobile,Kolkata,0,78,345.97,1782,0,1
17.54,Electronics,PayPal,Desktop,Kolkata,0,121,402.46,1013,0,0
241.98,Food,Credit Card,Mobile,Chennai,0,28,140.74,1438,0,0
421.03,Fashion,Debit Card,Desktop,Hyderabad,1,49,426.17,1273,0,0
99.51,Utilities,PayPal,POS,Kolkata,0,67,226.79,1338,0,0
317.67,Health,PayPal,Mobile,Hyderabad,0,103,138.34,1033,0,0
67.43,Health,PayPal,Mobile,Delhi,0,126,15.2,1807,0,0
24.04,Travel,UPI,POS,Delhi,0,93,436.97,463,0,0
45.96,Utilities,UPI,Desktop,Delhi,0,195,272.32,349,0,0
72.03,Utilities,PayPal,Desktop,Mumbai,0,169,487.94,1664,0,0
6.07,Entertainment,NetBanking,Mobile,Chennai,0,174,360.19,271,1,0
77.9,Fashion,UPI,POS,Hyderabad,0,87,49.4,494,0,0
317.82,Food,Debit Card,Mobile,Chennai,0,87,298.21,232,0,0
16.87,Grocery,UPI,Mobile,Kolkata,0,55,18.39,578,0,0
125.85,Electronics,NetBanking,Desktop,Hyderabad,0,139,283.31,787,0,0
190.79,Utilities,Credit Card,Desktop,Hyderabad,0,154,181.6,1498,0,0
230.17,Travel,UPI,Desktop,Pune,0,13,325.21,1693,0,0
257.78,Health,PayPal,Desktop,Hyderabad,0,164,275.37,1188,1,1
58.96,Grocery,PayPal,Desktop,Hyderabad,0,128,138.06,887,0,0
302.86,Food,PayPal,POS,Bengaluru,0,64,89.55,1908,0,0
113.28,Fashion,Credit Card,Mobile,Bengaluru,1,51,208.31,1629,0,0
14.11,Utilities,NetBanking,POS,Pune,0,76,493.55,815,0,1
51.84,Electronics,Debit Card,Mobile,Mumbai,0,22,223.49,570,0,0
101.36,Utilities,NetBanking,Desktop,Delhi,0,60,376.91,516,0,0
22.73,Travel,Credit Card,POS,Kolkata,0,130,37.92,1935,0,0
81.87,Utilities,PayPal,Mobile,Kolkata,0,56,195.64,1791,0,0
87.87,Utilities,NetBanking,Desktop,Hyderabad,1,168,294.36,601,0,1
14.21,Utilities,Debit Card,Desktop,Chennai,0,156,378.09,1539,0,0
66.61,Health,PayPal,POS,Kolkata,0,97,268.91,1619,0,0
118.14,Health,Debit Card,POS,Bengaluru,0,3,262.49,869,0,0
55.28,Grocery,UPI,POS,Delhi,0,191,384.31,690,0,0
0.97,Grocery,Debit Card,Desktop,Mumbai,0,151,163.51,434,0,0
0.73,Electronics,PayPal,Mobile,Delhi,0,55,54.4,1623,0,0
35.33,Fashion,UPI,Mobile,Hyderabad,0,160,180.1,1486,0,0
208.51,Food,PayPal,POS,Delhi,1,84,87.91,1601,0,0
20.77,Entertainment,PayPal,Mobile,Hyderabad,1,28,483.31,686,0,0
80.49,Fashion,UPI,Desktop,Pune,1,124,292.98,1303,0,1
20.09,Fashion,Debit Card,Mobile,Bengaluru,0,8,228.83,1133,0,0
31.05,Fashion,Credit Card,Desktop,Bengaluru,0,3,456.91,978,0,0
150.73,Entertainment,Credit Card,POS,Hyderabad,0,94,451.18,44,0,0
104.41,Electronics,Credit Card,Mobile,Chennai,0,89,213.69,1004,0,0
8.02,Entertainment,Credit Card,Desktop,Bengaluru,0,181,438.62,1093,0,0
44.79,Electronics,NetBanking,POS,Chennai,0,157,41.37,1134,0,0
2.37,Entertainment,Credit Card,POS,Hyderabad,0,94,444.0,1563,0,0
52.45,Food,UPI,POS,Pune,0,89,162.19,336,0,0
86.88,Utilities,Credit Card,POS,Hyderabad,0,59,286.91,734,1,0
10.09,Fashion,PayPal,Mobile,Pune,0,152,142.15,426,0,0
27.27,Utilities,Credit Card,Desktop,Kolkata,0,166,492.55,707,0,0
40.58,Electronics,Debit Card,Mobile,Bengaluru,0,28,45.17,999,0,0
201.59,Entertainment,UPI,Desktop,Chennai,0,62,229.01,894,0,0
399.92,Food,UPI,POS,Hyderabad,1,51,314.28,1975,0,1
3.68,Entertainment,NetBanking,Mobile,Kolkata,0,7,311.65,1257,0,0
114.51,Utilities,PayPal,POS,Bengaluru,0,23,371.99,240,0,0
37.18,Health,UPI,Desktop,Kolkata,0,46,364.96,428,0,0
39.87,Food,Debit Card,POS,Pune,0,78,398.64,1426,0,0
112.28,Fashion,Credit Card,Mobile,Hyderabad,0,106,124.8,1442,0,0
200.5,Travel,UPI,Mobile,Kolkata,0,28,191.55,287,0,0
241.16,Fashion,Debit Card,Desktop,Kolkata,0,24,197.2,144,0,0
68.85,Travel,Credit Card,Desktop,Pune,0,7,478.36,363,0,0
35.34,Food,NetBanking,Mobile,Delhi,0,112,210.56,378,0,0
123.92,Health,UPI,Mobile,Pune,0,79,118.72,262,0,0
23.12,Utilities,UPI,Mobile,Delhi,0,177,319.85,1562,0,0
66.42,Health,Debit Card,Mobile,Bengaluru,0,3,219.36,478,0,0
35.53,Electronics,PayPal,Desktop,Hyderabad,0,2,132.54,1130,0,0
85.52,Health,NetBanking,Mobile,Kolkata,0,7,360.42,857,0,0
22.0,Grocery,PayPal,Desktop,Bengaluru,0,121,104.04,637,0,0
17.02,Food,UPI,Mobile,Mumbai,0,21,320.34,127,0,0
200.32,Utilities,PayPal,Mobile,Pune,0,137,220.96,597,0,0
8.59,Utilities,Credit Card,POS,Bengaluru,0,140,166.39,1683,0,1
56.41,Electronics,NetBanking,POS,Bengaluru,0,24,473.53,491,0,0
19.96,Utilities,PayPal,Mobile,Kolkata,0,33,168.96,529,0,0
3.18,Health,Credit Card,Desktop,Delhi,0,43,180.28,660,0,0
2.93,Food,Debit Card,Mobile,Pune,0,82,436.61,1091,0,0
15.41,Fashion,PayPal,POS,Delhi,0,118,73.23,1750,0,0
161.25,Health,NetBanking,Mobile,Hyderabad,0,5,62.95,1411,0,0
26.56,Entertainment,Credit Card,POS,Bengaluru,0,123,148.53,1295,0,1
240.4,Travel,PayPal,Mobile,Pune,0,71,299.9,1104,0,0
69.71,Food,Debit Card,Mobile,Bengaluru,0,89,198.31,1478,1,0
45.9,Utilities,PayPal,Desktop,Hyderabad,0,142,308.19,156,0,0
69.42,Electronics,Credit Card,POS,Chennai,0,116,88.28,1156,0,0
58.17,Fashion,PayPal,POS,Hyderabad,0,164,138.11,506,0,0
113.76,Grocery,NetBanking,POS,Delhi,0,35,286.93,1282,0,0
26.56,Fashion,UPI,Desktop,Delhi,1,108,116.4,752,0,1
34.84,Health,Credit Card,Mobile,Bengaluru,0,178,217.17,465,0,0
179.62,Travel,Credit Card,Desktop,Delhi,0,79,290.6,1438,0,1
234.18,Fashion,Credit Card,Mobile,Pune,0,11,487.09,114,0,0
178.46,Grocery,Credit Card,Desktop,Hyderabad,0,152,49.14,1412,0,0
43.5,Entertainment,PayPal,Desktop,Bengaluru,0,75,235.6,815,0,1
121.26,Electronics,NetBanking,POS,Hyderabad,0,44,204.17,56,0,0
51.75,Food,Debit Card,Desktop,Hyderabad,0,179,413.88,889,0,0
55.06,Travel,NetBanking,Mobile,Bengaluru,0,145,451.15,101,0,0
18.32,Grocery,Credit Card,Desktop,Kolkata,0,125,454.44,1148,0,0
71.55,Utilities,PayPal,Desktop,Chennai,0,198,193.82,617,0,0
16.48,Health,PayPal,Mobile,Kolkata,0,85,159.28,1479,1,0
32.23,Health,Credit Card,POS,Delhi,0,8,230.08,1059,0,0
154.5,Health,PayPal,Mobile,Mumbai,0,79,178.55,1143,0,0
18.56,Utilities,Credit Card,Mobile,Kolkata,0,118,362.24,1645,0,0
5.91,Utilities,NetBanking,Mobile,Mumbai,0,122,114.65,1275,0,0
5.72,Travel,UPI,Desktop,Mumbai,0,74,332.76,1648,0,0
226.13,Fashion,PayPal,Desktop,Delhi,0,28,464.22,1647,0,0
56.57,Travel,Credit Card,Mobile,Chennai,0,140,147.16,181,1,1
42.13,Health,Credit Card,Mobile,Hyderabad,0,171,341.68,1610,0,0
133.23,Entertainment,PayPal,POS,Bengaluru,0,120,80.34,1265,0,0
144.55,Grocery,Debit Card,Desktop,Chennai,0,165,69.48,612,1,0
32.3,Food,Credit Card,Desktop,Mumbai,0,108,66.67,1316,0,0
94.63,Food,PayPal,Desktop,Pune,0,127,77.88,1965,0,0
117.97,Travel,Credit Card,Desktop,Delhi,1,63,115.92,1435,0,0
85.06,Health,Debit Card,Mobile,Kolkata,1,101,285.79,1623,0,1
13.15,Utilities,UPI,Mobile,Delhi,0,93,385.82,86,0,0
166.92,Electronics,Debit Card,POS,Kolkata,0,63,72.16,455,0,0
61.96,Entertainment,NetBanking,Desktop,Bengaluru,1,10,436.31,1676,0,1
26.56,Travel,PayPal,Desktop,Pune,0,80,422.93,171,0,0
44.3,Health,Debit Card,Mobile,Hyderabad,0,37,366.42,597,1,1
3.06,Fashion,UPI,POS,Chennai,0,11,218.72,1577,0,0
10.95,Food,Credit Card,Mobile,Pune,0,115,10.76,1914,0,0
116.04,Food,PayPal,Desktop,Chennai,0,90,370.03,1068,0,1
0.0,Entertainment,Debit Card,Desktop,Chennai,0,19,440.7,1061,1,1
43.11,Food,UPI,POS,Hyderabad,0,52,174.29,1284,0,0
59.14,Electronics,Debit Card,Mobile,Hyderabad,0,118,361.81,1239,0,0
4.49,Health,NetBanking,Desktop,Kolkata,0,18,40.4,1106,0,0
289.19,Health,PayPal,Desktop,Hyderabad,0,94,357.65,166,0,0
20.51,Entertainment,Credit Card,POS,Bengaluru,0,32,43.47,203,0,0
29.02,Health,UPI,Desktop,Delhi,0,151,297.72,889,0,0
28.99,Utilities,Debit Card,Desktop,Mumbai,0,140,302.8,248,0,0
20.95,Entertainment,PayPal,Mobile,Hyderabad,0,58,158.06,1316,0,0
0.12,Health,Debit Card,POS,Delhi,1,21,48.77,284,0,0
104.55,Electronics,PayPal,POS,Kolkata,0,149,475.17,841,0,0
272.53,Grocery,NetBanking,POS,Hyderabad,0,29,272.43,299,0,0
20.32,Travel,Debit Card,Mobile,Mumbai,0,47,294.08,1640,0,0
87.02,Travel,NetBanking,POS,Pune,0,140,311.36,253,0,0
108.35,Health,UPI,Desktop,Hyderabad,0,58,446.61,912,0,1
150.93,Fashion,NetBanking,POS,Delhi,0,169,39.53,633,0,0
43.94,Food,PayPal,Desktop,Kolkata,0,19,447.71,1187,0,0
28.87,Electronics,UPI,POS,Kolkata,0,140,127.44,1216,0,0
31.48,Fashion,Debit Card,POS,Bengaluru,1,23,48.2,1763,0,1
99.76,Utilities,Debit Card,Mobile,Kolkata,1,133,332.06,730,0,1
135.77,Fashion,PayPal,POS,Pune,1,122,488.72,949,0,0
16.03,Health,Credit Card,POS,Kolkata,1,154,38.05,102,0,1
37.08,Electronics,Credit Card,Mobile,Kolkata,0,117,218.8,927,0,0
185.77,Travel,Debit Card,Desktop,Pune,0,63,269.59,1771,0,0
131.48,Food,PayPal,POS,Pune,0,52,133.54,976,0,0
335.22,Travel,Credit Card,POS,Mumbai,0,10,491.61,572,0,0
112.27,Fashion,NetBanking,Desktop,Delhi,0,86,324.07,1947,0,0
39.96,Utilities,Debit Card,Mobile,Chennai,0,167,423.73,660,0,0
71.45,Food,NetBanking,POS,Kolkata,1,151,213.73,824,0,0
86.54,Grocery,PayPal,Mobile,Chennai,0,11,183.44,1537,0,0
6.54,Fashion,NetBanking,Desktop,Chennai,0,95,281.05,907,0,0
62.91,Travel,Credit Card,Desktop,Bengaluru,0,72,223.29,1724,0,0
98.84,Travel,Credit Card,Mobile,Hyderabad,0,128,360.32,1308,0,0
14.65,Health,UPI,Desktop,Kolkata,0,48,140.25,786,0,0
121.36,Travel,Debit Card,Desktop,Hyderabad,0,92,230.3,647,0,0
70.12,Electronics,PayPal,POS,Hyderabad,0,16,448.62,227,0,1
243.29,Fashion,Debit Card,Mobile,Bengaluru,0,174,380.49,1480,0,0
3.47,Entertainment,NetBanking,POS,Chennai,0,175,92.35,522,0,0
24.67,Entertainment,PayPal,Mobile,Pune,0,95,444.56,1685,0,0
73.61,Utilities,PayPal,POS,Hyderabad,0,48,298.62,111,0,0
28.14,Food,Credit Card,Desktop,Pune,0,197,342.85,1361,0,0
100.26,Travel,NetBanking,Mobile,Pune,0,153,154.19,1835,0,0
113.84,Health,Credit Card,Mobile,Bengaluru,0,77,226.36,1752,0,0
8.65,Health,Credit Card,Mobile,Bengaluru,0,93,405.34,1841,0,0
57.7,Travel,UPI,Mobile,Delhi,0,104,172.03,403,0,0
56.89,Electronics,Credit Card,Desktop,Kolkata,0,81,90.88,1617,0,0
36.87,Health,Debit Card,Desktop,Hyderabad,0,37,195.37,1512,0,0
216.16,Entertainment,PayPal,Desktop,Chennai,0,102,43.92,530,0,0
140.59,Food,Credit Card,POS,Mumbai,0,191,361.75,386,0,0
95.58,Fashion,Debit Card,Desktop,Bengaluru,0,29,82.4,1349,0,0
100.23,Grocery,NetBanking,POS,Pune,0,58,149.71,609,0,0
49.55,Electronics,PayPal,POS,Delhi,0,94,441.73,329,0,0
203.06,Utilities,NetBanking,Desktop,Mumbai,0,159,274.84,675,0,0
94.89,Utilities,Debit Card,Desktop,Bengaluru,0,86,167.46,1396,0,0
104.45,Health,NetBanking,Desktop,Delhi,0,110,278.36,149,0,0
158.26,Fashion,NetBanking,POS,Pune,0,196,116.96,1622,0,0
25.62,Grocery,NetBanking,Mobile,Hyderabad,1,41,22.33,215,0,0
131.63,Utilities,Credit Card,Desktop,Kolkata,0,178,305.83,613,0,0
17.38,Travel,Credit Card,POS,Kolkata,0,44,359.92,1211,0,0
33.89,Travel,Credit Card,POS,Delhi,0,137,441.09,1281,0,0
32.71,Food,PayPal,Desktop,Bengaluru,0,187,388.22,337,0,0
307.27,Grocery,Debit Card,POS,Kolkata,0,90,464.07,263,0,0
155.33,Travel,Credit Card,Desktop,Kolkata,0,155,493.12,1064,0,0
96.63,Utilities,NetBanking,POS,Hyderabad,0,109,375.02,204,0,0
103.88,Travel,NetBanking,Mobile,Pune,0,59,435.28,802,0,0
66.06,Entertainment,NetBanking,POS,Chennai,0,110,340.13,672,0,0
235.13,Health,NetBanking,Desktop,Kolkata,0,106,93.76,940,0,0
54.86,Utilities,UPI,Mobile,Delhi,0,131,99.03,1951,0,0
38.31,Utilities,PayPal,Desktop,Mumbai,0,7,64.03,1055,0,0
14.24,Utilities,Debit Card,POS,Pune,0,82,472.06,790,0,0
123.42,Food,Debit Card,Mobile,Hyderabad,0,16,339.65,1765,0,0
106.07,Fashion,Credit Card,Mobile,Pune,0,49,397.06,211,0,0
38.81,Utilities,UPI,POS,Hyderabad,0,121,172.27,971,0,0
2.04,Travel,Debit Card,Mobile,Pune,0,32,235.61,379,0,0
146.11,Entertainment,PayPal,Mobile,Chennai,0,89,29.49,668,0,0
0.92,Utilities,NetBanking,Mobile,Delhi,0,172,445.61,1435,0,0
97.31,Electronics,Credit Card,Desktop,Mumbai,0,19,427.97,1350,0,0
281.21,Electronics,PayPal,Desktop,Kolkata,0,3,394.56,1250,0,0
46.05,Fashion,Debit Card,Mobile,Chennai,0,122,38.57,1339,0,0
21.43,Grocery,UPI,POS,Delhi,0,60,95.38,1609,0,1
97.63,Food,Credit Card,POS,Mumbai,0,163,173.74,1575,1,1
135.92,Entertainment,Debit Card,Desktop,Pune,0,29,138.9,254,0,0
63.25,Health,Credit Card,POS,Kolkata,0,75,420.85,1781,0,0
272.99,Entertainment,Debit Card,Mobile,Mumbai,1,70,105.47,1776,0,1
4.24,Electronics,NetBanking,POS,Bengaluru,0,83,270.74,315,0,0
56.22,Electronics,UPI,Desktop,Mumbai,1,101,289.98,1782,0,0
101.4,Fashion,NetBanking,Desktop,Delhi,0,173,218.26,1384,0,0
158.81,Grocery,Debit Card,Mobile,Chennai,0,155,127.94,1614,0,0
15.8,Grocery,PayPal,Desktop,Kolkata,0,197,480.54,1216,0,0
128.76,Fashion,NetBanking,Desktop,Chennai,0,90,212.57,222,0,0
64.36,Utilities,PayPal,Desktop,Kolkata,1,163,366.38,1198,0,0
40.41,Entertainment,Debit Card,POS,Bengaluru,0,147,100.18,700,0,0
11.3,Electronics,UPI,Desktop,Delhi,0,17,413.18,1891,0,0
160.37,Entertainment,PayPal,POS,Mumbai,0,35,115.79,721,0,0
13.69,Entertainment,Debit Card,Desktop,Bengaluru,0,113,340.9,567,0,0
29.66,Food,PayPal,Desktop,Pune,0,158,258.18,641,0,0
27.4,Electronics,NetBanking,POS,Hyderabad,0,122,81.81,930,0,0
164.09,Grocery,Debit Card,POS,Pune,1,48,22.23,1676,0,0
89.35,Health,NetBanking,Mobile,Delhi,0,185,466.07,1323,0,0
127.44,Entertainment,Credit Card,Mobile,Bengaluru,0,17,71.59,80,0,0
23.06,Electronics,Debit Card,POS,Chennai,0,101,355.43,1580,0,0
78.44,Entertainment,PayPal,Desktop,Bengaluru,0,15,329.82,157,0,0
67.84,Food,Credit Card,Mobile,Hyderabad,0,128,177.44,1705,0,0
143.1,Utilities,NetBanking,POS,Delhi,0,112,100.84,1807,1,0
189.23,Travel,NetBanking,POS,Bengaluru,0,14,97.38,1099,0,0
0.98,Electronics,PayPal,Desktop,Kolkata,0,142,296.81,263,0,0
89.67,Fashion,Credit Card,POS,Pune,0,173,277.99,477,0,0
4.26,Travel,UPI,Mobile,Mumbai,0,97,439.21,613,0,0
63.68,Entertainment,PayPal,Desktop,Pune,0,166,323.6,1496,0,0
27.13,Fashion,NetBanking,POS,Delhi,0,191,411.44,532,0,0
29.31,Fashion,Debit Card,POS,Bengaluru,0,119,25.88,636,0,0
34.83,Fashion,Credit Card,Desktop,Pune,0,11,338.79,951,0,0
77.68,Electronics,UPI,Desktop,Bengaluru,0,48,124.52,314,0,0
32.52,Grocery,Debit Card,Desktop,Pune,0,154,133.89,1185,0,0
105.55,Entertainment,Credit Card,Mobile,Delhi,1,67,363.08,1999,0,0
41.47,Travel,PayPal,Mobile,Chennai,0,25,398.78,1529,0,0
5.66,Food,PayPal,POS,Pune,0,189,192.15,1846,0,0
122.51,Grocery,Credit Card,POS,Mumbai,0,86,397.14,965,0,0
26.92,Entertainment,UPI,Desktop,Pune,0,110,227.43,573,0,0
45.36,Utilities,Credit Card,POS,Delhi,0,154,430.25,385,0,0
92.53,Utilities,Debit Card,POS,Pune,1,162,22.2,1090,0,1
32.33,Electronics,Debit Card,Desktop,Mumbai,0,90,50.91,1691,0,0
4.66,Fashion,PayPal,Mobile,Kolkata,1,9,390.41,167,0,0
37.46,Food,Credit Card,Mobile,Mumbai,0,40,315.8,1475,0,0
231.24,Entertainment,PayPal,Mobile,Delhi,0,7,283.92,1498,0,1
82.12,Travel,UPI,POS,Bengaluru,0,158,310.85,641,1,1
89.05,Entertainment,Debit Card,Desktop,Pune,0,118,465.79,1295,0,0
80.04,Grocery,NetBanking,Mobile,Chennai,0,194,331.21,1298,0,0
17.75,Utilities,NetBanking,POS,Mumbai,0,158,327.26,1592,0,0
43.35,Health,Credit Card,Desktop,Kolkata,0,196,382.14,1262,0,0
111.2,Grocery,Credit Card,Mobile,Mumbai,0,58,434.64,1956,0,0
8.55,Entertainment,NetBanking,Mobile,Pune,0,55,138.34,486,0,0
26.04,Food,Credit Card,Desktop,Bengaluru,0,14,312.21,128,0,0
25.87,Entertainment,Debit Card,POS,Pune,0,118,296.15,1555,0,0
45.25,Entertainment,UPI,POS,Kolkata,0,77,76.08,1190,0,0
314.45,Electronics,UPI,Mobile,Kolkata,1,165,264.96,1240,0,0
5.59,Travel,PayPal,Desktop,Delhi,0,124,44.08,65,0,0
58.5,Food,Debit Card,POS,Chennai,1,172,100.63,659,0,0
15.81,Entertainment,Credit Card,Desktop,Pune,0,134,457.35,699,0,0
282.35,Fashion,Credit Card,Desktop,Mumbai,0,26,68.43,1532,0,0
9.62,Travel,PayPal,Mobile,Mumbai,0,128,293.67,816,0,0
41.35,Grocery,PayPal,Desktop,Delhi,0,118,168.51,710,0,0
107.12,Food,Credit Card,Desktop,Bengaluru,0,142,282.1,84,0,0
97.54,Grocery,Credit Card,Desktop,Pune,0,136,125.14,1524,0,0
43.96,Utilities,Debit Card,POS,Hyderabad,0,24,227.75,1137,0,0
34.04,Entertainment,PayPal,Mobile,Bengaluru,0,167,434.99,1059,0,0
40.55,Grocery,Debit Card,Mobile,Mumbai,0,177,194.35,920,0,0
24.55,Grocery,Credit Card,Desktop,Kolkata,0,85,182.99,1416,0,0
18.39,Electronics,NetBanking,Desktop,Pune,0,63,228.6,1909,0,0
52.78,Grocery,NetBanking,POS,Kolkata,0,26,59.24,1036,0,0
25.02,Fashion,Credit Card,Mobile,Mumbai,0,10,199.8,797,0,0
27.11,Fashion,PayPal,POS,Chennai,0,106,13.38,947,0,0
85.55,Travel,NetBanking,Mobile,Bengaluru,0,117,256.66,1763,0,0
276.72,Entertainment,PayPal,POS,Hyderabad,0,58,425.49,693,0,0
74.03,Health,NetBanking,Desktop,Chennai,0,14,280.52,859,0,0
6.41,Utilities,PayPal,POS,Hyderabad,0,73,307.79,199,0,0
6.29,Grocery,NetBanking,Desktop,Chennai,0,199,24.98,1813,0,1
241.97,Grocery,PayPal,Mobile,Bengaluru,0,39,431.16,278,0,0
28.22,Food,Debit Card,Mobile,Mumbai,1,122,198.65,691,0,1
7.73,Electronics,PayPal,Desktop,Hyderabad,0,159,487.68,239,0,0
73.11,Health,Debit Card,Mobile,Bengaluru,0,178,69.03,941,0,0
78.18,Travel,Debit Card,POS,Hyderabad,0,144,472.89,769,0,0
83.64,Utilities,Credit Card,Desktop,Bengaluru,0,72,320.8,1297,0,0
24.89,Health,Debit Card,Mobile,Chennai,0,112,35.65,170,0,0
1.22,Grocery,UPI,POS,Bengaluru,0,51,486.13,661,0,0
268.23,Food,Debit Card,POS,Chennai,0,143,16.8,834,0,0
23.11,Entertainment,PayPal,Mobile,Mumbai,0,89,368.04,209,0,0
90.17,Electronics,Debit Card,Mobile,Chennai,1,38,445.87,949,0,1
98.11,Entertainment,PayPal,POS,Delhi,0,105,96.15,666,0,0
75.33,Travel,PayPal,Desktop,Mumbai,0,79,178.25,783,0,0
30.02,Health,UPI,Mobile,Kolkata,0,89,285.0,1777,0,0
25.3,Travel,Debit Card,Mobile,Kolkata,1,71,343.11,1016,0,0
72.84,Grocery,Debit Card,Desktop,Kolkata,0,90,437.22,1070,0,0
160.85,Travel,NetBanking,Desktop,Pune,0,72,382.92,1069,0,0
234.6,Entertainment,NetBanking,Mobile,Pune,0,149,188.03,414,0,0
8.96,Food,Credit Card,Desktop,Bengaluru,0,16,412.64,1394,0,0
13.46,Travel,PayPal,POS,Bengaluru,0,111,483.38,922,0,0
231.65,Fashion,UPI,POS,Delhi,0,67,121.22,1016,0,0
106.71,Food,NetBanking,POS,Bengaluru,0,65,46.31,798,0,0
171.64,Health,Debit Card,Mobile,Mumbai,0,13,219.04,1851,0,0
18.12,Electronics,Credit Card,Desktop,Mumbai,0,118,441.88,821,0,0
70.86,Electronics,UPI,POS,Kolkata,0,192,83.64,75,0,0
96.62,Grocery,Debit Card,Desktop,Chennai,0,61,444.04,533,0,0
91.18,Grocery,Debit Card,POS,Hyderabad,0,32,496.18,1823,0,0
41.96,Fashion,PayPal,Desktop,Bengaluru,0,140,36.46,1196,0,0
1.24,Health,PayPal,POS,Delhi,0,95,252.68,1338,0,0
69.96,Entertainment,NetBanking,POS,Kolkata,0,41,171.15,1408,0,0
23.35,Electronics,NetBanking,POS,Pune,0,194,202.9,859,0,0
47.86,Electronics,Debit Card,POS,Mumbai,1,136,231.3,554,0,0
252.81,Electronics,Debit Card,POS,Mumbai,0,187,372.45,1008,0,0
40.74,Entertainment,NetBanking,POS,Mumbai,0,25,299.74,1886,0,0
146.51,Electronics,NetBanking,POS,Hyderabad,0,133,480.99,586,0,0
16.71,Travel,Debit Card,POS,Hyderabad,0,45,173.05,76,0,0
89.29,Health,UPI,POS,Bengaluru,0,130,275.34,557,0,0
301.81,Food,Debit Card,Desktop,Pune,0,170,408.53,1947,0,0
8.6,Food,UPI,Desktop,Delhi,0,166,192.78,136,0,0
0.67,Fashion,UPI,Mobile,Hyderabad,0,3,238.0,1056,0,0
45.47,Travel,Debit Card,POS,Chennai,0,174,345.64,645,0,0
7.78,Electronics,Credit Card,Desktop,Hyderabad,0,150,431.76,995,0,0
110.39,Electronics,NetBanking,Desktop,Mumbai,0,104,213.68,1148,0,0
196.78,Grocery,PayPal,Desktop,Delhi,0,33,270.66,1186,0,0
45.54,Grocery,Debit Card,Desktop,Bengaluru,0,32,487.81,1975,0,0
23.95,Fashion,UPI,Desktop,Hyderabad,0,111,30.81,889,1,0
45.59,Electronics,Debit Card,Desktop,Mumbai,0,17,229.63,1836,0,0
102.83,Fashion,NetBanking,Mobile,Kolkata,0,120,321.63,230,1,0
0.73,Travel,UPI,Desktop,Chennai,0,82,14.13,283,0,0
71.22,Food,PayPal,Mobile,Chennai,0,184,302.43,212,0,0
76.01,Electronics,PayPal,Mobile,Kolkata,0,3,37.54,1203,0,0
81.22,Health,PayPal,POS,Bengaluru,0,70,430.2,1602,1,0
22.17,Entertainment,Credit Card,POS,Bengaluru,0,177,405.47,1010,0,0
100.16,Travel,UPI,POS,Hyderabad,0,183,25.81,519,0,0
7.67,Electronics,UPI,Desktop,Bengaluru,0,118,33.91,534,0,0
17.78,Entertainment,Credit Card,POS,Pune,1,31,379.27,442,0,0
167.95,Health,UPI,Desktop,Pune,0,149,191.08,1975,0,0
107.37,Grocery,Credit Card,Desktop,Mumbai,0,16,291.76,1891,0,0
1.11,Fashion,Debit Card,POS,Mumbai,0,17,142.46,1561,0,1
22.84,Grocery,NetBanking,POS,Mumbai,0,96,94.75,1704,0,0
19.31,Food,PayPal,Mobile,Pune,0,129,155.08,1665,0,0
25.27,Grocery,Credit Card,Mobile,Hyderabad,1,112,130.89,433,1,0
22.75,Electronics,Credit Card,Desktop,Hyderabad,0,102,229.67,265,0,0
5.17,Health,Credit Card,Desktop,Bengaluru,0,72,375.87,1649,0,0
49.14,Grocery,Debit Card,POS,Hyderabad,1,193,281.52,888,0,0
105.56,Electronics,Credit Card,POS,Mumbai,0,66,308.5,995,0,0
74.66,Food,NetBanking,Mobile,Delhi,0,111,240.34,1598,0,0
89.39,Entertainment,NetBanking,POS,Mumbai,1,37,169.12,662,0,0
6.77,Health,PayPal,Desktop,Pune,0,152,80.32,1595,0,0
242.08,Grocery,Debit Card,POS,Kolkata,0,91,183.74,1487,0,0
145.86,Fashion,NetBanking,Mobile,Delhi,0,84,335.95,1599,0,0
130.82,Fashion,UPI,Desktop,Bengaluru,0,111,369.55,1698,0,0
138.52,Health,UPI,Mobile,Chennai,0,62,239.9,237,0,0
215.9,Fashion,UPI,Mobile,Kolkata,0,21,326.05,169,0,0
62.87,Grocery,Credit Card,Desktop,Hyderabad,0,106,113.17,617,0,0
17.88,Grocery,Credit Card,Mobile,Hyderabad,0,37,431.43,616,0,0
76.73,Health,UPI,POS,Pune,0,35,434.31,1873,0,0
108.66,Grocery,PayPal,POS,Mumbai,0,166,166.96,1360,0,0
107.13,Entertainment,PayPal,Mobile,Mumbai,1,181,278.38,946,1,0
58.96,Electronics,Credit Card,POS,Delhi,1,143,307.26,996,0,1
5.67,Food,UPI,Mobile,Hyderabad,1,114,241.49,599,0,0
37.1,Entertainment,PayPal,POS,Kolkata,0,170,456.46,1151,0,0
202.83,Entertainment,Credit Card,Mobile,Pune,0,94,372.46,154,0,0
70.25,Fashion,UPI,POS,Kolkata,0,4,339.53,1402,0,1
61.83,Electronics,Debit Card,Desktop,Bengaluru,0,107,264.85,163,0,0
25.05,Health,UPI,Desktop,Mumbai,0,167,51.58,1025,0,0
36.77,Utilities,UPI,POS,Kolkata,0,79,62.83,1279,0,0
180.57,Fashion,NetBanking,Mobile,Hyderabad,0,23,156.51,1998,0,0
87.84,Electronics,NetBanking,POS,Chennai,1,105,113.65,1765,0,1
123.86,Grocery,Debit Card,Mobile,Pune,0,15,476.74,1602,0,0
48.46,Health,Debit Card,POS,Delhi,0,140,210.81,679,0,0
79.59,Utilities,UPI,POS,Mumbai,0,198,439.54,1773,0,0
22.84,Health,PayPal,Desktop,Mumbai,0,128,410.86,735,0,0
97.79,Utilities,Debit Card,Mobile,Bengaluru,0,82,408.16,597,0,0
44.63,Utilities,UPI,Mobile,Mumbai,0,121,115.7,368,0,0
46.75,Fashion,Credit Card,Mobile,Pune,0,182,229.19,868,0,0
83.83,Grocery,NetBanking,Mobile,Hyderabad,0,88,165.8,351,0,0
220.26,Fashion,PayPal,Mobile,Hyderabad,0,166,485.5,1866,0,0
5.29,Utilities,UPI,Desktop,Hyderabad,1,156,439.6,1140,1,1
139.32,Utilities,Credit Card,POS,Chennai,0,79,132.46,124,0,0
27.67,Travel,NetBanking,Mobile,Chennai,0,19,163.62,225,0,0
46.95,Electronics,Credit Card,Mobile,Mumbai,0,69,269.17,221,0,0
1.77,Travel,UPI,POS,Kolkata,0,192,146.52,685,0,0
28.65,Electronics,Debit Card,Desktop,Chennai,0,132,414.02,551,0,0
55.87,Food,NetBanking,Desktop,Kolkata,0,10,411.42,782,0,0
4.63,Entertainment,Credit Card,Desktop,Kolkata,0,140,364.93,1714,0,0
54.04,Health,Debit Card,POS,Chennai,0,197,347.76,1017,0,0
209.5,Fashion,PayPal,POS,Bengaluru,0,135,278.18,1035,0,0
8.91,Food,UPI,Desktop,Chennai,0,44,180.09,1705,0,1
115.66,Food,UPI,Desktop,Delhi,0,151,420.1,42,0,0
42.17,Health,NetBanking,POS,Delhi,0,2,430.83,283,0,0
85.18,Health,Credit Card,Desktop,Kolkata,1,94,34.26,110,0,0
24.11,Electronics,PayPal,Mobile,Delhi,0,116,205.32,1775,0,0
13.9,Travel,NetBanking,POS,Mumbai,1,165,23.05,402,0,1
13.99,Grocery,NetBanking,Desktop,Hyderabad,0,69,421.34,423,0,0
5.85,Electronics,Credit Card,Mobile,Bengaluru,0,148,96.78,1943,0,0
16.43,Grocery,PayPal,POS,Mumbai,0,172,340.19,1785,0,0
87.3,Food,Credit Card,POS,Hyderabad,0,108,185.11,1962,0,0
170.76,Grocery,UPI,Mobile,Bengaluru,0,70,409.87,447,0,0
134.61,Travel,Debit Card,POS,Kolkata,0,74,259.75,1112,0,0
92.45,Electronics,UPI,Desktop,Bengaluru,0,179,168.96,157,0,0
9.36,Utilities,UPI,POS,Bengaluru,1,80,168.7,846,0,0
27.31,Health,NetBanking,Desktop,Delhi,0,98,170.19,803,0,0
29.66,Utilities,UPI,Mobile,Delhi,0,159,396.4,1833,0,0
23.01,Travel,PayPal,Mobile,Delhi,0,100,358.45,1594,0,0
57.89,Entertainment,UPI,POS,Bengaluru,0,169,166.41,1386,0,0
61.35,Travel,PayPal,Mobile,Pune,0,58,250.2,921,0,0
35.31,Entertainment,Credit Card,Mobile,Bengaluru,0,133,47.32,311,0,0
34.93,Electronics,NetBanking,POS,Delhi,0,161,415.48,1633,0,0
141.08,Health,PayPal,Desktop,Bengaluru,0,171,140.32,236,0,0
124.58,Travel,UPI,POS,Delhi,0,147,445.72,1325,0,0
29.43,Utilities,NetBanking,POS,Delhi,0,32,302.43,1362,0,0
196.08,Entertainment,NetBanking,Desktop,Delhi,0,121,288.23,432,0,0
244.29,Health,PayPal,Desktop,Kolkata,0,3,89.73,1228,0,0
31.65,Fashion,PayPal,Desktop,Kolkata,0,129,44.07,247,0,0
35.01,Fashion,Debit Card,POS,Pune,0,169,280.78,1725,0,0
56.36,Fashion,Debit Card,Desktop,Hyderabad,0,48,239.31,355,0,0
226.58,Grocery,NetBanking,Mobile,Bengaluru,0,167,68.64,785,0,0
167.2,Travel,Debit Card,Desktop,Mumbai,0,133,419.44,1306,0,0
8.66,Electronics,UPI,Mobile,Delhi,0,77,214.45,1507,0,0
39.9,Utilities,Credit Card,Desktop,Pune,1,11,137.62,1242,0,0
64.48,Electronics,NetBanking,Mobile,Mumbai,0,22,396.25,1826,0,0
55.95,Grocery,Credit Card,Mobile,Kolkata,0,192,457.4,1496,0,1
17.24,Electronics,Debit Card,Mobile,Hyderabad,0,12,159.92,1951,0,0
156.62,Entertainment,PayPal,Mobile,Bengaluru,0,53,390.22,1041,1,1
90.39,Fashion,NetBanking,Mobile,Kolkata,0,55,329.73,159,0,0
145.57,Utilities,Debit Card,Desktop,Pune,1,53,494.97,1538,0,0
156.59,Travel,UPI,POS,Delhi,0,21,109.96,32,0,0
110.38,Electronics,NetBanking,POS,Delhi,0,19,480.73,1404,0,0
46.27,Electronics,NetBanking,POS,Delhi,0,197,164.48,584,0,0
75.44,Food,PayPal,POS,Pune,0,88,211.86,1186,0,0
13.98,Food,NetBanking,POS,Kolkata,0,94,185.82,1743,0,0
89.58,Food,PayPal,Mobile,Mumbai,0,66,141.54,1547,0,0
15.8,Travel,Debit Card,Desktop,Hyderabad,0,59,349.68,295,0,0
94.72,Fashion,UPI,Mobile,Bengaluru,0,177,298.68,952,0,0
20.87,Health,UPI,Desktop,Hyderabad,1,59,159.79,53,0,0
10.0,Fashion,NetBanking,Desktop,Kolkata,0,151,74.78,563,0,0
14.45,Utilities,NetBanking,Desktop,Delhi,0,3,165.51,1910,0,0
0.16,Fashion,Debit Card,Desktop,Hyderabad,0,184,196.8,32,0,0
101.48,Travel,PayPal,POS,Mumbai,1,116,196.52,1965,0,0
105.46,Entertainment,UPI,Desktop,Chennai,0,58,185.06,1723,0,0
57.88,Entertainment,PayPal,Desktop,Kolkata,0,62,33.87,909,0,0
14.08,Travel,Debit Card,POS,Chennai,0,146,237.38,456,0,0
6.98,Food,UPI,Mobile,Bengaluru,0,189,419.74,33,0,0
1.55,Electronics,UPI,Mobile,Bengaluru,0,126,98.38,1672,0,1
14.5,Grocery,Credit Card,Mobile,Hyderabad,0,37,81.37,837,0,0
177.21,Grocery,Debit Card,Mobile,Bengaluru,0,182,241.21,813,0,0
22.12,Health,Debit Card,Desktop,Kolkata,0,113,191.6,532,0,0
34.99,Electronics,Credit Card,POS,Pune,0,95,285.03,261,0,0
8.91,Health,PayPal,POS,Mumbai,0,78,474.07,902,0,0
20.12,Food,Credit Card,Mobile,Delhi,0,193,382.83,779,0,0
58.59,Health,Debit Card,POS,Delhi,0,142,346.66,101,0,0
74.87,Electronics,PayPal,Desktop,Hyderabad,0,105,213.81,117,0,0
22.52,Utilities,UPI,Mobile,Delhi,0,5,150.81,557,0,0
4.76,Electronics,Credit Card,Desktop,Hyderabad,0,95,274.73,915,0,0
39.68,Grocery,PayPal,Desktop,Bengaluru,0,190,443.87,632,0,0
21.35,Entertainment,PayPal,Desktop,Bengaluru,0,129,439.6,479,0,0
19.83,Food,PayPal,Desktop,Pune,0,63,228.3,468,0,0
257.24,Utilities,Credit Card,Desktop,Pune,0,195,130.65,1585,0,0
76.63,Travel,UPI,Mobile,Mumbai,0,20,120.42,1488,0,0
65.11,Utilities,PayPal,Desktop,Delhi,0,43,26.65,1777,0,0
43.0,Utilities,Credit Card,Mobile,Kolkata,1,85,422.91,1137,0,0
44.82,Health,Debit Card,POS,Pune,0,94,139.77,1392,0,0
62.28,Grocery,Credit Card,Desktop,Mumbai,0,42,185.91,155,0,0
95.37,Health,Credit Card,Desktop,Chennai,0,108,406.52,592,0,0
96.89,Health,Credit Card,POS,Pune,1,94,68.81,1071,0,0
15.07,Travel,PayPal,Mobile,Mumbai,1,197,236.0,878,0,1
55.47,Food,Credit Card,Desktop,Hyderabad,0,74,69.95,894,0,0
42.48,Electronics,Debit Card,POS,Hyderabad,0,109,226.51,1682,0,0
163.54,Fashion,PayPal,POS,Mumbai,0,115,33.1,1689,0,0
79.85,Health,Debit Card,Desktop,Bengaluru,1,167,263.64,1593,0,1
60.83,Fashion,NetBanking,Mobile,Chennai,0,190,399.9,953,0,0
9.81,Food,Credit Card,Mobile,Mumbai,1,176,341.39,374,0,0
74.44,Fashion,PayPal,Desktop,Pune,0,125,259.49,497,0,0
9.97,Health,PayPal,POS,Bengaluru,0,6,416.09,1010,0,0
32.9,Travel,Credit Card,Desktop,Mumbai,0,123,121.62,170,0,0
12.33,Fashion,UPI,Mobile,Delhi,0,42,417.09,1059,0,0
94.23,Food,UPI,POS,Pune,1,58,145.42,698,0,1
18.48,Food,Debit Card,Desktop,Pune,0,171,187.62,1671,0,0
39.79,Entertainment,Credit Card,POS,Hyderabad,1,10,72.93,660,0,1
180.82,Entertainment,Credit Card,Mobile,Delhi,0,89,59.86,1702,1,1
18.28,Travel,NetBanking,Mobile,Delhi,0,78,466.73,1594,1,0
56.71,Fashion,UPI,Mobile,Pune,0,111,103.09,1731,0,0
43.48,Fashion,UPI,Desktop,Chennai,0,39,173.32,1118,0,0
1.46,Entertainment,Credit Card,POS,Kolkata,0,141,269.28,1109,0,0
125.91,Electronics,Debit Card,Desktop,Bengaluru,1,167,180.45,827,0,0
5.72,Grocery,Credit Card,Desktop,Hyderabad,0,11,436.37,1935,0,0
51.44,Food,Debit Card,Desktop,Delhi,0,110,451.35,1149,0,0
65.8,Electronics,UPI,Desktop,Hyderabad,0,16,169.74,1942,0,1
79.2,Food,NetBanking,POS,Pune,0,33,55.09,984,0,0
93.34,Utilities,PayPal,POS,Bengaluru,0,188,112.98,244,0,0
23.36,Utilities,UPI,Desktop,Mumbai,0,59,242.45,772,0,0
0.8,Electronics,Debit Card,Desktop,Delhi,0,51,151.36,87,0,0
102.83,Utilities,Credit Card,Mobile,Bengaluru,0,15,232.2,935,0,0
61.37,Entertainment,UPI,Mobile,Kolkata,0,43,381.76,1545,0,0
144.69,Entertainment,NetBanking,POS,Hyderabad,1,27,216.11,434,0,0
137.8,Grocery,Debit Card,Mobile,Pune,0,56,106.53,1237,0,0
148.29,Electronics,Credit Card,POS,Bengaluru,0,121,185.4,1335,0,0
53.1,Food,PayPal,POS,Mumbai,0,113,374.06,1836,0,0
32.47,Fashion,Debit Card,POS,Bengaluru,0,60,217.79,750,0,0
125.45,Food,Credit Card,Mobile,Pune,0,115,132.27,1216,1,0
48.02,Health,PayPal,Mobile,Hyderabad,0,109,219.43,1142,0,0
16.21,Entertainment,Credit Card,POS,Delhi,0,198,232.86,812,1,1
154.47,Travel,PayPal,POS,Kolkata,0,175,155.22,126,0,0
171.35,Travel,PayPal,Desktop,Kolkata,0,112,497.89,616,0,0
50.24,Entertainment,PayPal,POS,Delhi,0,100,386.14,1141,0,0
6.3,Health,Credit Card,POS,Chennai,0,8,349.3,547,0,0
39.26,Travel,PayPal,Desktop,Hyderabad,0,191,428.88,697,0,0
130.18,Utilities,Debit Card,POS,Kolkata,0,135,336.55,1116,0,0
185.64,Entertainment,NetBanking,POS,Chennai,0,81,397.58,570,0,0
18.2,Travel,NetBanking,POS,Chennai,0,130,212.14,845,0,0
5.55,Entertainment,PayPal,Desktop,Pune,0,145,255.18,220,0,0
167.87,Grocery,NetBanking,Mobile,Pune,0,121,33.03,946,0,0
39.47,Fashion,NetBanking,POS,Pune,0,4,147.52,745,0,1
62.43,Fashion,PayPal,Desktop,Mumbai,0,26,190.33,1331,0,1
275.53,Food,PayPal,POS,Hyderabad,0,78,316.48,568,0,0
5.51,Health,Debit Card,Desktop,Delhi,0,72,237.46,114,0,0
83.6,Entertainment,UPI,POS,Hyderabad,0,197,307.84,1388,0,0
6.16,Electronics,Credit Card,Desktop,Pune,0,133,359.53,470,0,1
37.66,Food,PayPal,Mobile,Mumbai,0,128,30.93,1775,0,0
130.3,Food,PayPal,Mobile,Hyderabad,0,5,136.56,1703,0,0
45.46,Entertainment,NetBanking,Mobile,Hyderabad,1,91,93.74,819,0,1
469.75,Entertainment,Debit Card,POS,Chennai,0,69,101.85,1225,0,0
65.51,Food,NetBanking,Desktop,Hyderabad,0,3,256.53,1905,0,0
30.99,Food,PayPal,POS,Chennai,0,166,372.59,368,0,0
19.89,Fashion,PayPal,POS,Chennai,0,94,143.66,1721,0,0
34.53,Electronics,NetBanking,Desktop,Bengaluru,0,1,413.98,1282,1,0
37.29,Utilities,PayPal,POS,Pune,0,136,447.3,1871,0,0
5.7,Food,UPI,Desktop,Kolkata,0,13,181.76,1232,0,0
36.91,Utilities,Credit Card,Desktop,Mumbai,0,198,343.86,1300,1,1
49.93,Fashion,Credit Card,Mobile,Chennai,0,178,67.35,1033,0,0
102.62,Food,Credit Card,Mobile,Hyderabad,0,112,374.57,1950,0,0
85.54,Travel,UPI,Mobile,Chennai,0,8,90.86,703,0,0
98.69,Food,PayPal,Desktop,Chennai,0,158,346.83,1728,0,0
0.67,Entertainment,NetBanking,Mobile,Chennai,1,113,216.73,759,0,0
19.64,Health,Debit Card,Desktop,Delhi,0,168,464.94,346,0,0
86.7,Health,PayPal,POS,Kolkata,0,79,237.59,1339,0,0
52.93,Food,UPI,Mobile,Kolkata,0,122,25.14,105,0,0
0.43,Grocery,UPI,Desktop,Delhi,0,74,245.53,1003,0,0
130.57,Travel,Credit Card,Desktop,Delhi,0,127,399.79,1028,0,0
118.56,Electronics,PayPal,Desktop,Delhi,0,161,327.07,1505,0,0
63.6,Food,Credit Card,Desktop,Kolkata,0,113,483.49,233,0,0
5.5,Utilities,Debit Card,Mobile,Bengaluru,0,52,423.2,1781,0,0
116.37,Electronics,Credit Card,Mobile,Chennai,0,121,268.01,453,0,0
70.11,Travel,Debit Card,Mobile,Bengaluru,0,33,111.2,1788,0,0
121.85,Food,UPI,Desktop,Hyderabad,0,73,11.85,222,1,0
111.46,Grocery,Credit Card,POS,Kolkata,0,96,490.45,1346,0,0
129.96,Fashion,Credit Card,Desktop,Pune,0,37,469.78,1757,0,0
58.39,Grocery,NetBanking,POS,Kolkata,0,198,144.33,926,0,0
12.1,Entertainment,UPI,Mobile,Mumbai,0,69,322.73,1964,0,0
88.97,Grocery,NetBanking,Desktop,Bengaluru,0,132,367.33,810,0,0
77.51,Utilities,Debit Card,Desktop,Delhi,0,60,293.23,1466,0,0
108.46,Fashion,Debit Card,Mobile,Delhi,0,74,423.05,1492,0,0
14.89,Entertainment,UPI,Desktop,Hyderabad,0,31,48.13,330,0,0
17.35,Fashion,Debit Card,POS,Chennai,0,14,449.28,289,0,0
176.88,Health,UPI,POS,Mumbai,0,60,202.09,1245,0,0
110.9,Fashion,Debit Card,POS,Bengaluru,0,68,245.54,1324,1,0
191.08,Food,PayPal,Desktop,Chennai,1,128,227.92,1033,0,1
113.74,Electronics,Credit Card,Desktop,Chennai,1,26,270.33,645,0,0
72.74,Health,PayPal,POS,Pune,0,152,303.1,461,0,0
84.94,Health,UPI,Desktop,Pune,0,184,358.07,745,0,0
175.95,Electronics,UPI,POS,Bengaluru,0,137,267.22,725,0,0
69.17,Utilities,PayPal,Mobile,Bengaluru,0,35,345.54,1270,1,0
80.06,Health,Credit Card,POS,Bengaluru,1,106,175.77,1144,0,0
13.61,Fashion,Credit Card,Mobile,Bengaluru,0,24,468.97,227,0,0
51.38,Grocery,NetBanking,Mobile,Delhi,0,159,41.62,1012,0,1
100.81,Travel,Debit Card,Mobile,Kolkata,0,83,277.31,1452,0,0
25.28,Utilities,NetBanking,POS,Kolkata,0,194,52.82,68,0,0
18.08,Fashion,Credit Card,POS,Chennai,0,194,226.96,738,0,0
30.13,Entertainment,PayPal,Desktop,Kolkata,0,169,136.22,500,0,0
22.11,Entertainment,Debit Card,Desktop,Chennai,0,36,469.08,108,0,0
19.36,Grocery,PayPal,Mobile,Delhi,1,101,16.41,758,0,1
44.25,Utilities,NetBanking,POS,Kolkata,0,34,201.69,1881,0,0
190.74,Utilities,UPI,Desktop,Chennai,0,121,393.2,1147,1,1
56.59,Grocery,PayPal,Desktop,Bengaluru,0,39,102.35,713,0,0
16.65,Utilities,NetBanking,Desktop,Mumbai,0,23,409.64,72,0,0
6.41,Health,NetBanking,POS,Kolkata,0,80,431.27,161,0,1
95.3,Food,NetBanking,Desktop,Pune,0,172,356.92,106,0,0
38.6,Food,UPI,Mobile,Pune,0,70,112.44,1999,0,0
138.0,Utilities,UPI,POS,Chennai,0,186,143.3,1285,0,0
86.19,Health,UPI,Desktop,Mumbai,0,59,91.8,68,0,0
127.27,Health,Debit Card,Desktop,Pune,0,154,100.19,1619,0,0
25.39,Electronics,UPI,POS,Kolkata,0,22,27.88,180,0,1
94.31,Electronics,UPI,Desktop,Mumbai,0,109,430.08,1753,0,0
24.53,Travel,UPI,Desktop,Delhi,0,111,268.97,1005,0,0
223.84,Travel,PayPal,Mobile,Hyderabad,0,88,170.6,1472,0,0
80.93,Travel,UPI,POS,Chennai,0,40,151.89,1875,0,0
31.39,Travel,Debit Card,Desktop,Delhi,0,85,276.9,1239,0,1
25.12,Grocery,NetBanking,POS,Delhi,0,94,170.08,347,0,0
16.95,Grocery,PayPal,POS,Mumbai,0,11,433.22,1517,0,0
94.9,Electronics,Credit Card,Mobile,Chennai,0,117,113.37,1485,0,0
19.75,Food,UPI,Mobile,Delhi,0,9,442.33,1188,0,0
72.37,Health,NetBanking,POS,Bengaluru,0,12,335.41,1556,0,0
24.59,Entertainment,NetBanking,Mobile,Delhi,0,154,478.75,1738,0,0
86.77,Food,PayPal,Mobile,Bengaluru,0,38,17.4,1322,0,0
134.97,Fashion,Credit Card,Desktop,Hyderabad,0,131,38.96,466,0,0
120.42,Grocery,Debit Card,Mobile,Bengaluru,0,126,255.44,656,0,0
114.45,Travel,NetBanking,Mobile,Bengaluru,0,143,457.07,1551,0,0
16.63,Travel,NetBanking,Desktop,Mumbai,1,175,368.09,1786,0,1
7.4,Fashion,NetBanking,Desktop,Delhi,0,133,314.85,580,0,0
96.04,Food,NetBanking,POS,Hyderabad,0,54,25.49,369,1,1
36.75,Travel,PayPal,Mobile,Delhi,1,24,183.54,1295,0,0
45.3,Food,Credit Card,Desktop,Kolkata,0,139,179.47,1274,0,0
2.53,Health,NetBanking,Mobile,Kolkata,0,121,275.62,687,0,0
24.04,Fashion,Debit Card,POS,Bengaluru,0,119,136.34,947,0,0
2.74,Entertainment,Debit Card,Mobile,Pune,0,161,140.91,1729,0,0
169.08,Food,UPI,Mobile,Bengaluru,0,74,314.22,390,0,0
22.31,Health,NetBanking,Mobile,Delhi,0,185,472.84,1933,0,0
65.2,Utilities,NetBanking,Desktop,Hyderabad,0,180,333.49,1025,0,0
3.18,Utilities,NetBanking,Desktop,Pune,0,192,337.38,1893,0,0
87.93,Food,NetBanking,POS,Hyderabad,0,171,493.25,800,0,0
31.21,Utilities,NetBanking,Mobile,Mumbai,0,121,85.2,219,1,0
182.56,Food,Debit Card,POS,Bengaluru,0,128,26.58,442,0,0
175.22,Travel,Credit Card,POS,Bengaluru,0,44,375.3,358,0,0
31.48,Electronics,Credit Card,Desktop,Kolkata,0,90,225.01,1829,0,0
184.98,Utilities,UPI,Mobile,Mumbai,0,164,220.12,1275,0,0
444.93,Grocery,Debit Card,Mobile,Kolkata,0,12,120.4,1897,0,0
139.63,Food,NetBanking,POS,Delhi,0,184,258.36,1739,0,0
149.08,Food,Credit Card,Mobile,Bengaluru,0,3,226.66,121,0,0
22.91,Food,PayPal,Desktop,Delhi,0,50,179.27,469,0,0
68.77,Electronics,PayPal,POS,Hyderabad,0,157,226.95,1159,0,0
5.57,Health,PayPal,POS,Pune,0,108,198.08,274,0,0
7.98,Utilities,NetBanking,Desktop,Pune,0,16,470.55,1358,0,0
544.46,Entertainment,NetBanking,Desktop,Pune,0,168,490.32,1608,0,0
31.64,Entertainment,UPI,Desktop,Kolkata,0,27,421.55,1959,0,0
110.32,Fashion,UPI,Desktop,Chennai,0,123,495.3,938,0,1
131.47,Travel,UPI,Desktop,Mumbai,0,70,140.2,1823,1,0
156.17,Electronics,PayPal,Desktop,Pune,0,42,423.03,862,0,0
483.53,Health,NetBanking,POS,Bengaluru,0,185,209.25,1651,0,0
22.11,Food,PayPal,Mobile,Mumbai,0,138,375.61,126,0,0
3.3,Health,UPI,Mobile,Hyderabad,0,125,108.68,967,0,0
42.37,Electronics,NetBanking,POS,Hyderabad,0,166,407.86,983,0,0
11.15,Electronics,Debit Card,Mobile,Kolkata,0,136,50.9,1530,0,0
1.81,Electronics,Credit Card,Mobile,Hyderabad,0,146,142.57,1319,0,0
35.76,Fashion,Credit Card,POS,Hyderabad,0,145,412.76,604,0,0
122.5,Grocery,UPI,Mobile,Chennai,0,58,376.11,132,0,0
66.81,Travel,PayPal,Mobile,Delhi,0,106,255.61,1307,0,0
30.01,Fashion,Debit Card,POS,Delhi,0,66,339.67,1508,0,0
84.98,Fashion,NetBanking,Mobile,Pune,0,172,100.93,858,0,0
21.12,Utilities,PayPal,Desktop,Chennai,0,84,337.2,542,0,0
1.16,Grocery,UPI,POS,Kolkata,0,9,13.91,695,0,0
115.63,Fashion,PayPal,Mobile,Delhi,0,176,418.28,1546,0,0
78.2,Electronics,UPI,Mobile,Kolkata,0,167,262.98,1314,0,0
114.94,Electronics,Credit Card,Desktop,Kolkata,0,105,472.5,64,0,0
3.18,Utilities,Credit Card,POS,Hyderabad,0,89,244.3,1434,0,0
145.18,Health,PayPal,POS,Delhi,1,89,222.21,426,0,1
77.31,Food,Debit Card,Mobile,Mumbai,0,88,230.53,56,0,1
66.3,Fashion,NetBanking,Desktop,Pune,0,6,186.27,1961,0,0
78.38,Food,UPI,Desktop,Delhi,0,158,91.67,1915,0,0
159.86,Travel,NetBanking,Desktop,Mumbai,0,123,422.61,335,0,0
70.73,Entertainment,Credit Card,Desktop,Bengaluru,0,74,200.65,1789,0,0
69.58,Electronics,Debit Card,Desktop,Mumbai,1,103,269.26,728,0,0
374.04,Health,Debit Card,Desktop,Mumbai,0,146,19.74,1724,0,0
113.09,Travel,NetBanking,POS,Hyderabad,0,171,39.52,610,0,0
46.71,Utilities,Credit Card,Mobile,Hyderabad,0,33,302.62,194,0,0
98.32,Health,NetBanking,Mobile,Pune,0,181,440.82,1311,0,0
39.44,Entertainment,PayPal,Desktop,Hyderabad,0,184,251.76,131,0,0
20.79,Entertainment,Debit Card,POS,Mumbai,0,147,90.84,484,0,0
72.68,Utilities,Debit Card,POS,Chennai,0,87,66.9,222,0,0
210.69,Grocery,PayPal,Desktop,Hyderabad,0,69,450.9,1824,1,0
211.76,Utilities,Credit Card,Mobile,Hyderabad,0,124,353.8,945,0,0
33.47,Electronics,Debit Card,Desktop,Mumbai,0,26,483.44,927,0,0
60.01,Travel,UPI,POS,Bengaluru,0,157,50.35,839,0,0
19.02,Grocery,UPI,Desktop,Bengaluru,1,152,452.28,328,0,1
434.66,Entertainment,Credit Card,Mobile,Delhi,0,6,424.36,50,0,0
317.56,Travel,PayPal,Mobile,Pune,0,182,447.66,74,0,0
83.87,Health,NetBanking,POS,Bengaluru,1,39,12.82,1533,0,1
130.54,Grocery,Credit Card,Desktop,Hyderabad,0,4,373.53,525,0,0
100.45,Grocery,NetBanking,Desktop,Chennai,0,128,278.98,1841,0,0
71.95,Electronics,Credit Card,POS,Delhi,0,58,290.86,712,0,0
4.39,Utilities,UPI,Desktop,Pune,0,48,239.91,1743,0,0
48.52,Food,PayPal,POS,Chennai,0,60,373.91,252,0,1
89.86,Health,UPI,Desktop,Chennai,0,26,499.92,328,0,0
90.54,Health,PayPal,Mobile,Hyderabad,1,77,358.16,1534,0,0
37.36,Utilities,NetBanking,POS,Mumbai,0,168,342.24,1077,0,0
227.36,Grocery,Credit Card,Desktop,Mumbai,0,86,330.67,1391,0,0
14.65,Grocery,Debit Card,Desktop,Mumbai,0,123,350.65,1137,0,0
55.51,Electronics,Debit Card,Desktop,Bengaluru,0,56,177.64,1113,0,0
93.92,Food,PayPal,POS,Mumbai,0,39,166.91,317,0,0
95.56,Health,PayPal,Mobile,Pune,0,81,394.33,1687,0,0
83.68,Entertainment,UPI,Desktop,Hyderabad,0,167,36.01,546,0,0
25.76,Fashion,Debit Card,POS,Bengaluru,0,176,382.03,927,0,0
13.59,Fashion,UPI,Desktop,Pune,0,25,408.78,183,0,0
80.83,Food,NetBanking,Mobile,Mumbai,0,162,265.58,310,0,0
73.16,Travel,Debit Card,Mobile,Pune,0,127,455.97,463,0,0
15.81,Electronics,NetBanking,Mobile,Chennai,1,149,241.81,371,0,0
97.7,Food,Credit Card,POS,Hyderabad,0,25,97.26,1988,0,0
48.58,Utilities,UPI,Desktop,Hyderabad,0,89,187.09,115,1,0
88.15,Utilities,PayPal,POS,Pune,0,22,453.88,1640,0,0
145.3,Fashion,Debit Card,Desktop,Delhi,1,23,496.93,808,0,0
14.88,Grocery,UPI,POS,Hyderabad,0,153,216.71,220,0,0
1.55,Fashion,PayPal,Desktop,Chennai,0,154,91.75,1305,0,0
120.8,Grocery,Credit Card,POS,Hyderabad,0,30,150.3,1121,0,0
75.27,Electronics,Debit Card,Desktop,Delhi,0,166,281.12,1918,0,0
96.22,Grocery,NetBanking,POS,Hyderabad,0,103,290.33,1199,0,0
145.69,Food,Credit Card,Mobile,Kolkata,0,162,318.73,1020,0,0
129.89,Grocery,PayPal,POS,Hyderabad,0,77,419.32,905,0,0
259.37,Travel,Debit Card,Mobile,Delhi,0,73,358.49,1687,0,0
61.42,Utilities,Debit Card,Mobile,Kolkata,0,143,137.81,1977,0,0
53.63,Food,Credit Card,Desktop,Kolkata,0,95,203.57,1607,0,0
41.12,Utilities,Debit Card,Mobile,Hyderabad,0,172,421.51,1881,0,0
13.35,Electronics,PayPal,Mobile,Pune,0,95,320.36,691,0,0
68.0,Food,Credit Card,Desktop,Bengaluru,0,138,91.54,1989,0,0
25.95,Travel,NetBanking,POS,Kolkata,0,117,169.51,603,0,0
203.38,Electronics,Credit Card,POS,Pune,1,37,397.63,1308,0,0
70.01,Fashion,Credit Card,Mobile,Hyderabad,0,7,94.33,160,0,0
71.88,Travel,NetBanking,POS,Mumbai,0,124,348.61,868,0,0
35.07,Electronics,PayPal,Mobile,Mumbai,0,32,286.13,988,0,0
4.27,Entertainment,UPI,POS,Bengaluru,0,11,82.26,1430,0,0
2.58,Grocery,UPI,POS,Kolkata,0,176,347.55,1585,0,0
44.04,Food,NetBanking,POS,Hyderabad,0,109,79.75,1252,0,0
7.07,Electronics,PayPal,Mobile,Chennai,0,92,205.23,868,0,0
74.68,Food,Debit Card,Desktop,Kolkata,0,196,161.19,250,0,1
170.27,Grocery,NetBanking,POS,Hyderabad,0,48,348.1,1463,0,0
171.59,Electronics,UPI,POS,Mumbai,0,45,393.36,1990,0,0
86.08,Fashion,PayPal,POS,Delhi,0,95,92.48,672,0,0
18.98,Entertainment,Credit Card,Mobile,Bengaluru,0,33,407.88,1224,0,0
159.02,Entertainment,PayPal,Desktop,Delhi,0,118,13.53,1198,0,0
173.79,Travel,PayPal,Mobile,Chennai,0,132,269.73,517,0,0
17.52,Electronics,UPI,POS,Hyderabad,0,47,263.23,881,0,0
106.98,Grocery,UPI,Mobile,Chennai,0,122,315.67,383,1,0
27.01,Electronics,Debit Card,POS,Delhi,0,53,127.45,1234,0,0
129.82,Food,Debit Card,POS,Hyderabad,0,126,14.83,977,0,0
471.34,Health,NetBanking,Mobile,Kolkata,0,159,232.83,190,0,0
2.44,Utilities,Credit Card,POS,Pune,0,159,44.99,493,0,0
182.13,Electronics,Debit Card,POS,Pune,0,27,447.18,1113,0,0
77.96,Entertainment,UPI,Desktop,Kolkata,0,89,95.1,244,0,0
290.1,Entertainment,PayPal,Mobile,Chennai,0,176,218.36,609,0,0
50.04,Utilities,NetBanking,Mobile,Pune,0,36,222.66,1926,0,0
150.39,Entertainment,Debit Card,POS,Pune,0,177,280.9,1245,0,0
5.15,Fashion,PayPal,POS,Mumbai,0,159,393.44,517,0,0
32.67,Electronics,PayPal,Mobile,Pune,0,101,241.35,254,0,0
5.55,Travel,Debit Card,Mobile,Mumbai,1,122,22.62,1445,0,1
296.22,Electronics,Credit Card,Mobile,Bengaluru,0,172,387.84,738,0,0
135.85,Health,Credit Card,POS,Mumbai,0,125,50.26,190,0,0
153.14,Entertainment,NetBanking,Desktop,Mumbai,0,59,324.36,1814,0,0
222.4,Food,Credit Card,Desktop,Delhi,0,23,403.68,1974,0,0
7.12,Entertainment,NetBanking,POS,Mumbai,0,99,148.52,484,0,0
38.97,Electronics,UPI,POS,Mumbai,0,68,230.06,1164,0,0
5.89,Fashion,Debit Card,POS,Delhi,0,92,17.02,1956,0,0
18.94,Grocery,PayPal,Mobile,Mumbai,1,170,403.9,1112,0,0
20.84,Electronics,NetBanking,POS,Pune,0,105,354.6,574,0,0
50.66,Electronics,Credit Card,Mobile,Kolkata,0,42,123.38,1606,0,0
25.02,Travel,NetBanking,Desktop,Mumbai,0,141,201.21,1726,0,0
8.52,Fashion,NetBanking,POS,Bengaluru,0,129,350.71,58,0,0
14.66,Health,Credit Card,POS,Mumbai,0,53,185.5,796,0,0
12.75,Grocery,Credit Card,Mobile,Mumbai,0,168,89.58,1988,0,0
289.18,Entertainment,Debit Card,Mobile,Bengaluru,0,90,264.07,214,0,0
113.93,Food,PayPal,Mobile,Kolkata,0,174,364.55,1926,0,0
274.77,Electronics,Debit Card,Desktop,Delhi,0,116,167.2,1277,0,0
46.35,Health,Debit Card,Desktop,Pune,0,87,69.67,386,1,1
26.1,Grocery,Credit Card,POS,Kolkata,0,113,416.48,521,0,0
128.08,Food,Credit Card,POS,Mumbai,0,150,133.87,762,0,0
31.59,Health,PayPal,Mobile,Pune,0,115,261.28,1885,0,0
28.46,Fashion,NetBanking,Desktop,Chennai,0,180,348.76,1651,0,0
21.17,Fashion,Debit Card,POS,Pune,0,120,165.37,607,0,0
11.11,Grocery,PayPal,Mobile,Delhi,0,28,327.83,143,0,0
23.71,Entertainment,Debit Card,Mobile,Delhi,0,53,235.26,407,0,0
35.12,Utilities,NetBanking,Desktop,Kolkata,0,117,289.51,1830,0,0
89.67,Food,Debit Card,Desktop,Mumbai,0,191,299.38,1338,0,0
5.17,Fashion,UPI,POS,Bengaluru,1,145,413.83,126,0,1
18.91,Utilities,PayPal,POS,Delhi,1,64,331.6,871,0,0
132.45,Grocery,Credit Card,Mobile,Bengaluru,0,6,139.51,153,0,0
12.71,Fashion,Debit Card,Mobile,Kolkata,0,142,39.21,185,0,0
33.56,Fashion,PayPal,Mobile,Kolkata,0,114,10.97,139,0,0
160.0,Health,PayPal,POS,Chennai,0,128,453.16,82,0,0
13.47,Utilities,Debit Card,Desktop,Bengaluru,0,17,471.63,1227,0,1
6.91,Health,Credit Card,POS,Kolkata,0,38,56.11,1732,0,0
53.02,Fashion,Credit Card,Desktop,Kolkata,0,197,248.66,617,0,1
28.81,Utilities,Debit Card,POS,Kolkata,0,13,84.28,1367,0,0
66.3,Travel,PayPal,POS,Hyderabad,0,112,474.89,755,1,0
130.29,Utilities,Credit Card,Desktop,Kolkata,0,181,130.95,1747,0,1
11.8,Health,Debit Card,POS,Kolkata,0,137,255.81,1443,0,0
69.53,Food,Debit Card,POS,Bengaluru,0,172,91.15,74,0,0
56.34,Grocery,Debit Card,Mobile,Delhi,1,127,173.05,965,0,1
12.45,Grocery,PayPal,Desktop,Bengaluru,0,106,140.74,1716,0,0
78.25,Entertainment,Credit Card,Desktop,Bengaluru,0,154,242.96,1170,0,0
25.58,Food,PayPal,Mobile,Hyderabad,1,77,215.69,151,0,0
53.53,Food,UPI,Desktop,Hyderabad,0,19,172.09,511,0,0
6.87,Food,Credit Card,Mobile,Mumbai,0,176,61.88,1223,0,0
49.23,Entertainment,PayPal,Desktop,Delhi,0,158,247.4,707,0,0
29.28,Food,Credit Card,Desktop,Kolkata,0,160,426.6,1453,0,0
138.25,Electronics,UPI,Desktop,Mumbai,0,78,367.81,1895,0,0
4.69,Entertainment,NetBanking,Desktop,Kolkata,1,120,363.08,1996,1,1
43.39,Grocery,Debit Card,Mobile,Kolkata,0,79,189.38,1714,0,0
49.06,Electronics,PayPal,Mobile,Hyderabad,0,76,357.13,529,0,0
103.28,Entertainment,UPI,Desktop,Kolkata,0,101,238.11,103,0,0
68.32,Fashion,UPI,POS,Kolkata,0,75,83.64,1000,1,1
88.02,Fashion,Credit Card,Mobile,Bengaluru,0,197,215.33,178,0,0
120.06,Grocery,Credit Card,Desktop,Hyderabad,0,120,75.04,1590,0,0
158.56,Fashion,Debit Card,Mobile,Chennai,0,139,66.1,921,0,0
30.14,Food,Credit Card,POS,Bengaluru,0,83,21.3,1114,0,0
61.78,Entertainment,PayPal,POS,Mumbai,0,154,148.6,1919,0,0
146.66,Electronics,PayPal,POS,Bengaluru,0,26,172.13,1107,0,0
364.14,Food,PayPal,Desktop,Chennai,0,128,352.73,1276,0,0
176.23,Fashion,NetBanking,Desktop,Hyderabad,0,145,273.62,1784,0,0
37.15,Health,PayPal,POS,Delhi,0,83,430.64,502,0,0
17.37,Utilities,Credit Card,Mobile,Kolkata,0,44,96.47,1369,0,0
53.77,Electronics,Credit Card,Mobile,Pune,0,84,140.32,199,0,0
108.27,Food,PayPal,POS,Delhi,0,151,471.13,730,0,0
54.27,Entertainment,UPI,Desktop,Delhi,0,25,227.58,61,0,1
52.8,Grocery,UPI,Mobile,Kolkata,0,37,396.63,82,0,0
145.73,Food,UPI,Mobile,Hyderabad,0,112,251.16,969,0,0
35.88,Health,Debit Card,Mobile,Delhi,0,193,240.83,168,0,0
157.17,Fashion,NetBanking,Desktop,Chennai,0,2,82.58,1427,0,0
41.78,Electronics,PayPal,POS,Kolkata,1,98,427.09,1100,0,0
31.83,Grocery,Debit Card,Desktop,Hyderabad,0,32,48.39,119,0,0
48.41,Electronics,UPI,Mobile,Delhi,0,89,162.03,857,0,0
114.99,Grocery,PayPal,POS,Kolkata,0,183,340.0,65,0,0
10.77,Utilities,Debit Card,Desktop,Pune,0,178,258.56,1045,0,0
17.49,Entertainment,Credit Card,POS,Mumbai,0,193,441.88,958,0,0
242.0,Electronics,UPI,Mobile,Hyderabad,0,160,29.26,1278,0,0
15.44,Fashion,Debit Card,Desktop,Hyderabad,0,37,328.21,583,0,0
67.1,Entertainment,Credit Card,POS,Bengaluru,0,115,243.96,769,0,1
69.27,Entertainment,UPI,Desktop,Kolkata,0,141,85.61,298,0,0
53.81,Utilities,NetBanking,Mobile,Delhi,0,182,374.19,939,0,0
82.79,Grocery,UPI,POS,Mumbai,0,3,211.54,215,0,0
20.89,Travel,NetBanking,Mobile,Kolkata,0,170,270.48,1424,0,0
64.36,Electronics,NetBanking,POS,Pune,0,40,483.96,898,0,0
37.24,Electronics,NetBanking,Mobile,Chennai,0,74,248.25,1288,0,0
86.7,Food,PayPal,Mobile,Hyderabad,0,66,413.45,1175,0,0
12.18,Grocery,PayPal,Desktop,Chennai,0,60,387.09,453,0,0
67.68,Health,NetBanking,Mobile,Chennai,0,11,334.75,862,0,0
16.39,Travel,Credit Card,Desktop,Chennai,1,120,449.44,1442,0,0
26.13,Fashion,NetBanking,Mobile,Bengaluru,0,129,133.28,955,0,0
19.74,Food,Debit Card,Mobile,Kolkata,0,154,412.18,1170,0,0
16.15,Utilities,NetBanking,Mobile,Chennai,0,42,195.12,1519,0,0
139.76,Travel,PayPal,POS,Delhi,1,190,408.12,1482,0,0
26.92,Grocery,PayPal,Desktop,Delhi,0,123,251.96,898,0,0
209.52,Travel,Debit Card,POS,Mumbai,0,189,430.28,1045,0,0
280.33,Utilities,Debit Card,Desktop,Mumbai,0,92,448.47,471,0,0
67.75,Entertainment,UPI,Mobile,Pune,0,62,302.85,68,0,0
12.35,Electronics,Credit Card,POS,Chennai,0,12,258.74,937,0,0
37.54,Entertainment,Credit Card,Desktop,Chennai,0,155,393.81,1215,0,0
127.85,Electronics,Credit Card,Mobile,Bengaluru,0,195,140.82,1674,0,0
36.63,Food,PayPal,Desktop,Kolkata,0,28,17.52,1579,0,0
7.28,Utilities,Credit Card,Desktop,Chennai,0,194,209.48,195,0,0
65.1,Grocery,UPI,Mobile,Chennai,0,156,258.81,1965,0,0
149.21,Grocery,UPI,POS,Kolkata,1,107,155.66,1927,0,0
127.14,Travel,Credit Card,Mobile,Chennai,0,149,197.85,1498,1,1
15.4,Food,Debit Card,POS,Hyderabad,0,135,75.2,472,0,0
89.37,Grocery,UPI,Desktop,Hyderabad,1,95,145.87,360,0,0
19.93,Health,Debit Card,Desktop,Bengaluru,0,14,127.65,1022,0,0
19.69,Health,PayPal,Desktop,Bengaluru,0,167,157.48,1388,0,0
165.76,Entertainment,UPI,POS,Delhi,0,118,156.54,1165,0,0
22.98,Electronics,Debit Card,Mobile,Bengaluru,0,126,283.89,1799,0,0
24.44,Travel,Credit Card,POS,Pune,0,103,132.79,743,1,0
0.05,Fashion,PayPal,Desktop,Delhi,0,73,471.07,864,0,0
163.63,Utilities,NetBanking,Desktop,Kolkata,0,62,260.52,168,0,0
125.85,Electronics,NetBanking,Mobile,Chennai,0,12,73.19,1832,0,0
78.96,Food,Credit Card,POS,Bengaluru,0,38,147.01,1837,0,0
110.99,Grocery,PayPal,Desktop,Pune,0,186,367.58,1219,0,0
13.19,Electronics,PayPal,POS,Bengaluru,0,184,16.69,1467,0,0
49.05,Fashion,PayPal,POS,Bengaluru,0,39,469.53,1222,0,0
34.61,Fashion,PayPal,Mobile,Delhi,0,86,228.14,798,0,0
7.88,Health,NetBanking,Mobile,Kolkata,0,4,265.33,153,0,0
53.26,Food,Debit Card,Desktop,Kolkata,0,48,494.32,1603,0,0
202.8,Electronics,PayPal,Mobile,Delhi,0,135,256.67,911,0,0
3.27,Travel,Debit Card,POS,Mumbai,0,60,474.39,790,0,0
27.56,Electronics,PayPal,Mobile,Delhi,0,168,458.46,1802,0,0
18.61,Health,UPI,POS,Delhi,0,8,471.24,1151,0,0
21.76,Entertainment,UPI,Desktop,Hyderabad,0,124,408.06,1113,0,0
191.26,Fashion,UPI,POS,Bengaluru,1,116,155.24,1072,0,1
50.5,Food,PayPal,Mobile,Delhi,0,58,179.73,1177,0,1
50.23,Food,Debit Card,Mobile,Bengaluru,0,185,188.84,255,0,0
114.36,Travel,NetBanking,Desktop,Bengaluru,0,35,489.8,641,1,1
13.43,Food,Credit Card,Mobile,Hyderabad,0,73,186.77,353,0,0
53.44,Health,NetBanking,Desktop,Bengaluru,1,115,63.26,1959,0,1
44.97,Health,PayPal,Desktop,Pune,0,13,391.38,1070,0,0
72.69,Health,UPI,Mobile,Delhi,0,39,189.37,1813,0,0
617.88,Food,UPI,POS,Bengaluru,0,84,314.26,1133,0,1
117.38,Food,Debit Card,Desktop,Mumbai,0,21,462.94,626,0,0
40.58,Health,PayPal,POS,Mumbai,0,47,292.0,1913,1,1
140.61,Food,NetBanking,Mobile,Hyderabad,0,2,322.47,1509,0,0
14.97,Utilities,PayPal,POS,Pune,0,44,325.0,570,0,0
2.47,Food,PayPal,POS,Kolkata,0,30,310.08,675,0,0
18.3,Utilities,UPI,POS,Kolkata,0,128,88.29,1019,0,0
33.29,Fashion,NetBanking,POS,Delhi,0,55,233.64,735,0,0
57.16,Electronics,Credit Card,Mobile,Hyderabad,0,40,13.76,660,0,0
76.39,Grocery,UPI,Mobile,Mumbai,0,97,316.87,1431,0,0
193.18,Utilities,NetBanking,POS,Pune,0,92,291.93,908,0,0
57.04,Utilities,Debit Card,Mobile,Delhi,0,24,165.89,220,0,0
55.66,Food,UPI,Mobile,Bengaluru,0,170,266.71,1980,0,1
4.12,Grocery,Debit Card,Desktop,Delhi,0,28,251.6,1718,0,0
2.84,Entertainment,UPI,Mobile,Chennai,0,117,132.95,884,0,0
64.09,Grocery,PayPal,POS,Delhi,0,105,153.71,520,0,0
46.13,Fashion,NetBanking,Mobile,Bengaluru,0,93,383.65,434,0,0
146.2,Utilities,Debit Card,Mobile,Chennai,0,98,380.31,1325,0,0
14.01,Food,UPI,Mobile,Kolkata,0,179,240.19,1697,0,0
2.02,Health,Debit Card,Mobile,Pune,0,150,361.58,904,0,0
47.69,Grocery,UPI,Desktop,Hyderabad,0,89,230.89,459,0,0
21.69,Food,UPI,POS,Pune,0,78,427.17,549,0,0
4.07,Travel,Credit Card,POS,Delhi,0,74,173.08,1699,0,0
103.16,Entertainment,Credit Card,Mobile,Kolkata,0,136,464.37,922,0,0
9.47,Health,Credit Card,Mobile,Hyderabad,1,14,275.72,1437,0,1
74.98,Travel,Debit Card,Desktop,Delhi,0,45,272.49,850,0,0
26.4,Travel,PayPal,Mobile,Mumbai,0,38,338.7,916,0,0
15.24,Grocery,UPI,Desktop,Mumbai,0,160,177.02,1245,0,0
38.21,Travel,NetBanking,POS,Bengaluru,0,62,364.92,1656,0,0
129.34,Fashion,Credit Card,POS,Kolkata,0,96,167.01,464,0,0
39.82,Fashion,Debit Card,Desktop,Kolkata,0,67,204.79,1814,0,0
111.15,Grocery,Debit Card,POS,Pune,0,61,340.6,1817,0,0
10.73,Food,Debit Card,Mobile,Mumbai,0,13,195.44,92,0,0
118.54,Electronics,NetBanking,Mobile,Chennai,0,119,107.99,1269,0,0
21.63,Food,NetBanking,Desktop,Chennai,0,87,437.23,163,0,0
90.51,Food,Credit Card,POS,Kolkata,0,83,461.86,987,0,0
66.74,Food,NetBanking,POS,Kolkata,0,80,317.1,648,0,0
211.77,Food,Credit Card,Desktop,Delhi,0,47,407.46,1214,0,0
39.19,Health,NetBanking,Desktop,Kolkata,0,111,493.46,1311,0,0
5.48,Electronics,NetBanking,POS,Hyderabad,0,114,311.24,454,0,0
1.55,Health,NetBanking,Desktop,Chennai,0,54,455.31,1581,0,0
140.29,Travel,Credit Card,Mobile,Delhi,0,71,186.03,387,0,0
59.51,Entertainment,UPI,POS,Hyderabad,0,180,353.23,1428,0,0
119.42,Food,Credit Card,Desktop,Kolkata,0,72,37.34,1624,0,0
21.37,Entertainment,UPI,Desktop,Kolkata,0,25,396.6,1062,0,0
33.86,Fashion,Debit Card,Desktop,Mumbai,0,23,416.6,1040,0,0
2.45,Grocery,Debit Card,POS,Delhi,0,158,206.58,226,0,0
260.55,Grocery,Credit Card,Mobile,Hyderabad,0,11,323.09,1170,0,0
88.18,Health,UPI,Mobile,Bengaluru,0,163,430.6,1063,0,0
216.49,Health,UPI,POS,Kolkata,0,27,442.97,891,0,0
24.68,Fashion,UPI,Desktop,Pune,1,117,62.2,548,0,1
75.63,Food,Debit Card,POS,Pune,0,67,415.47,378,0,1
90.78,Entertainment,Credit Card,POS,Kolkata,0,47,144.38,1759,0,0
30.57,Utilities,PayPal,Desktop,Bengaluru,1,178,366.38,1457,0,0
150.77,Entertainment,UPI,POS,Chennai,0,8,169.33,1688,0,1
235.24,Electronics,UPI,Mobile,Pune,0,183,37.6,604,0,0
172.93,Travel,PayPal,POS,Hyderabad,0,77,112.84,1057,0,0
107.48,Grocery,Credit Card,Desktop,Kolkata,0,170,210.25,1849,0,0
26.0,Travel,UPI,POS,Kolkata,0,67,373.2,357,0,0
26.46,Electronics,Credit Card,Mobile,Kolkata,0,148,59.34,1815,0,0
264.53,Health,UPI,POS,Bengaluru,0,173,408.34,541,0,0
0.83,Entertainment,NetBanking,POS,Chennai,0,35,498.51,960,0,0
100.72,Grocery,UPI,POS,Delhi,1,77,396.25,159,0,1
98.0,Travel,NetBanking,POS,Kolkata,0,148,242.13,1990,0,0
77.97,Utilities,Credit Card,Desktop,Delhi,0,24,288.4,1977,0,0
369.29,Health,UPI,Mobile,Hyderabad,0,185,13.02,616,0,0
29.9,Electronics,Debit Card,Mobile,Hyderabad,0,55,112.54,513,0,0
33.24,Utilities,Debit Card,Mobile,Hyderabad,0,137,450.5,1894,0,0
6.58,Travel,PayPal,POS,Pune,0,94,20.65,387,0,0
46.79,Utilities,Debit Card,Mobile,Hyderabad,0,144,453.35,414,0,1
24.2,Entertainment,NetBanking,Desktop,Kolkata,0,183,65.49,283,0,0
33.65,Food,Debit Card,POS,Bengaluru,0,58,75.21,1976,0,0
143.94,Utilities,Debit Card,POS,Bengaluru,0,64,95.92,864,0,0
219.27,Health,Debit Card,Mobile,Chennai,0,76,401.7,1220,0,1
16.44,Electronics,UPI,POS,Bengaluru,0,115,244.31,1766,0,0
37.28,Travel,PayPal,POS,Pune,1,49,81.15,1733,0,1
211.19,Entertainment,Credit Card,Mobile,Delhi,0,29,346.53,825,0,0
5.1,Food,PayPal,Desktop,Chennai,0,118,470.94,498,0,0
7.75,Food,NetBanking,Desktop,Bengaluru,0,82,290.5,1913,0,0
14.21,Electronics,UPI,Mobile,Hyderabad,0,7,58.36,522,0,0
72.35,Fashion,UPI,Desktop,Bengaluru,0,77,36.83,949,0,0
13.05,Entertainment,Debit Card,Desktop,Mumbai,0,122,399.98,1391,0,0
275.55,Entertainment,Debit Card,Desktop,Chennai,0,69,316.78,80,1,1
47.35,Grocery,NetBanking,POS,Kolkata,0,90,462.1,1109,0,0
55.7,Electronics,UPI,POS,Kolkata,0,2,278.15,102,0,0
22.66,Food,Credit Card,POS,Pune,0,161,40.57,1847,0,1
50.94,Food,PayPal,Desktop,Bengaluru,0,176,207.81,629,0,0
86.76,Utilities,UPI,POS,Bengaluru,0,37,332.42,81,0,0
111.28,Electronics,Credit Card,Desktop,Pune,0,89,198.59,154,0,0
112.15,Fashion,Credit Card,Mobile,Delhi,0,127,499.8,291,1,0
69.0,Grocery,PayPal,Desktop,Hyderabad,0,103,208.64,984,0,1
187.77,Travel,Credit Card,POS,Hyderabad,0,30,277.66,1938,0,0
136.04,Electronics,NetBanking,Desktop,Delhi,0,41,120.44,1833,0,0
113.19,Grocery,Credit Card,POS,Delhi,0,4,84.55,1628,0,0
4.58,Entertainment,NetBanking,POS,Mumbai,0,83,326.2,1601,0,0
0.55,Grocery,Credit Card,Mobile,Pune,0,111,298.42,1574,0,0
19.11,Utilities,Debit Card,Mobile,Chennai,0,167,12.13,359,0,0
87.14,Health,Credit Card,POS,Hyderabad,0,24,149.54,1376,0,0
42.37,Food,NetBanking,Desktop,Delhi,0,50,325.35,270,0,0
41.19,Utilities,Credit Card,Mobile,Delhi,0,37,408.0,1338,0,0
172.74,Travel,Credit Card,Mobile,Pune,0,181,163.06,1892,0,0
180.73,Electronics,Credit Card,POS,Kolkata,0,25,327.24,1655,0,0
191.91,Utilities,NetBanking,Desktop,Chennai,0,93,139.98,1317,0,0
30.14,Food,Credit Card,Mobile,Delhi,0,125,348.29,1352,1,0
93.97,Health,PayPal,Mobile,Kolkata,0,31,351.99,1258,0,0
25.36,Utilities,PayPal,Desktop,Mumbai,0,92,73.81,320,0,0
16.92,Health,NetBanking,Mobile,Chennai,0,38,335.89,240,0,0
16.33,Utilities,Debit Card,Desktop,Kolkata,0,127,173.45,1419,0,0
33.5,Food,PayPal,POS,Mumbai,0,58,94.57,1843,0,0
44.96,Fashion,UPI,Mobile,Bengaluru,0,181,255.18,1517,0,0
142.2,Grocery,PayPal,POS,Hyderabad,0,114,231.63,748,0,0
10.22,Electronics,UPI,Desktop,Delhi,0,50,389.2,351,0,0
106.22,Electronics,NetBanking,POS,Kolkata,0,132,51.41,387,0,0
60.65,Electronics,Debit Card,POS,Chennai,0,92,396.98,946,0,0
27.17,Food,UPI,POS,Mumbai,0,180,61.98,123,0,0
54.31,Entertainment,UPI,Desktop,Hyderabad,0,159,111.65,740,0,0
28.53,Fashion,PayPal,Desktop,Hyderabad,0,78,262.78,1916,0,0
72.52,Travel,UPI,Desktop,Delhi,0,142,236.96,198,0,0
45.51,Health,NetBanking,Desktop,Kolkata,1,129,494.54,1350,0,1
14.37,Food,NetBanking,Desktop,Hyderabad,0,43,298.84,1998,0,0
9.92,Entertainment,NetBanking,Mobile,Delhi,0,118,170.44,1792,0,0
63.3,Travel,PayPal,Mobile,Kolkata,0,59,451.07,545,0,1
186.16,Health,Debit Card,Mobile,Kolkata,0,61,162.99,127,0,0
33.72,Health,PayPal,POS,Bengaluru,0,41,144.15,1758,0,0
105.64,Fashion,NetBanking,POS,Delhi,0,18,252.24,1831,0,0
85.99,Grocery,PayPal,Desktop,Pune,0,188,457.46,379,0,0
214.54,Electronics,NetBanking,Desktop,Mumbai,0,197,357.17,765,0,0
137.62,Utilities,Credit Card,Mobile,Pune,0,79,341.97,608,0,0
66.89,Travel,Credit Card,Desktop,Kolkata,0,187,365.78,1703,0,0
85.61,Food,UPI,POS,Kolkata,0,170,333.22,870,0,0
182.93,Travel,Debit Card,Desktop,Hyderabad,1,164,382.3,430,0,0
40.8,Grocery,Credit Card,Mobile,Hyderabad,0,168,104.45,780,0,0
31.66,Electronics,NetBanking,Desktop,Hyderabad,0,30,96.86,1504,0,0
0.87,Travel,PayPal,POS,Kolkata,0,102,187.46,1528,0,0
140.15,Grocery,PayPal,Mobile,Delhi,0,11,426.97,850,0,0
129.15,Food,UPI,Desktop,Chennai,0,124,360.08,1472,0,0
8.83,Fashion,PayPal,POS,Delhi,0,153,287.57,1057,0,0
68.8,Entertainment,Credit Card,Mobile,Mumbai,0,173,19.53,1377,0,0
49.89,Health,PayPal,Mobile,Delhi,1,179,125.54,398,0,0
10.11,Food,Credit Card,POS,Hyderabad,0,171,403.72,1917,0,0
315.27,Electronics,Credit Card,Desktop,Bengaluru,0,66,128.82,1667,0,0
19.33,Health,Debit Card,Desktop,Mumbai,0,99,367.84,1448,0,1
5.57,Entertainment,UPI,Desktop,Pune,1,175,100.47,585,0,1
72.28,Food,NetBanking,Mobile,Bengaluru,0,24,307.12,1172,0,0
107.42,Utilities,Credit Card,Mobile,Mumbai,0,77,317.82,1753,0,0
2.64,Food,UPI,Desktop,Mumbai,0,165,378.46,1796,0,0
86.0,Food,NetBanking,Mobile,Kolkata,0,128,224.79,1034,0,0
60.79,Utilities,PayPal,Mobile,Hyderabad,0,184,320.01,995,0,0
8.72,Food,UPI,POS,Kolkata,0,94,248.62,1044,0,0
15.15,Health,UPI,Desktop,Pune,0,87,474.2,1243,0,0
67.14,Electronics,UPI,Desktop,Delhi,0,124,265.72,1675,0,0
28.12,Entertainment,PayPal,Desktop,Kolkata,0,46,112.7,1469,0,0
222.86,Grocery,PayPal,Mobile,Pune,0,156,337.27,843,1,1
136.63,Travel,UPI,Mobile,Hyderabad,0,93,278.75,1844,0,0
328.68,Utilities,Debit Card,Mobile,Hyderabad,0,180,403.88,135,0,0
24.05,Fashion,Credit Card,Desktop,Kolkata,0,15,96.69,194,0,0
279.79,Utilities,PayPal,Mobile,Hyderabad,0,173,137.86,667,0,0
45.14,Entertainment,Debit Card,Desktop,Bengaluru,0,58,461.6,1399,0,0
34.16,Travel,PayPal,Mobile,Pune,0,195,465.71,1151,0,0
4.13,Travel,UPI,Desktop,Pune,0,72,226.71,1053,0,1
4.34,Fashion,Debit Card,POS,Mumbai,0,98,33.4,1539,0,0
94.22,Entertainment,NetBanking,Mobile,Chennai,0,73,160.21,360,0,0
48.99,Health,Credit Card,Desktop,Delhi,0,81,131.09,1423,0,0
20.55,Electronics,Credit Card,POS,Hyderabad,0,169,213.19,1495,0,0
76.15,Fashion,PayPal,POS,Pune,0,65,165.72,1173,0,0
23.32,Electronics,Credit Card,Mobile,Pune,0,168,416.21,1906,0,0
68.95,Health,NetBanking,Desktop,Mumbai,1,5,11.49,328,0,0
35.6,Travel,Debit Card,Mobile,Delhi,0,28,325.87,885,0,0
138.78,Electronics,Debit Card,POS,Chennai,0,38,335.49,1196,0,0
137.49,Health,UPI,Mobile,Chennai,0,81,333.71,736,0,1
51.91,Health,Debit Card,Desktop,Hyderabad,0,87,265.09,1695,1,1
34.56,Grocery,PayPal,POS,Chennai,0,146,309.44,1954,0,0
36.02,Fashion,NetBanking,Mobile,Chennai,0,37,407.14,1994,0,0
131.07,Grocery,UPI,Mobile,Kolkata,0,155,394.26,1669,0,0
31.82,Utilities,PayPal,Mobile,Delhi,0,25,26.97,1146,0,0
18.76,Travel,PayPal,Mobile,Delhi,0,197,24.91,1350,0,1
7.08,Fashion,PayPal,Mobile,Kolkata,0,83,421.08,476,0,0
50.29,Travel,Credit Card,POS,Hyderabad,0,27,291.62,509,1,1
52.64,Grocery,PayPal,POS,Pune,0,77,479.14,763,0,0
147.06,Entertainment,Credit Card,Desktop,Mumbai,0,182,221.48,1765,0,0
20.0,Health,Debit Card,Mobile,Hyderabad,0,135,96.6,1853,0,0
38.37,Travel,Credit Card,Desktop,Bengaluru,0,90,241.89,903,0,0
132.19,Fashion,PayPal,POS,Chennai,0,27,223.91,1311,0,0
138.81,Utilities,NetBanking,Mobile,Kolkata,0,122,263.42,551,0,0
38.84,Fashion,NetBanking,Desktop,Mumbai,0,59,405.89,1736,0,0
49.17,Travel,Debit Card,Mobile,Pune,0,72,331.24,1428,0,0
28.91,Fashion,PayPal,Mobile,Pune,0,159,100.78,1480,0,0
215.72,Utilities,Credit Card,Desktop,Delhi,0,91,369.89,1154,0,0
10.1,Health,NetBanking,POS,Bengaluru,0,68,300.03,651,0,0
217.14,Entertainment,UPI,Desktop,Pune,0,106,293.37,788,0,0
92.13,Health,PayPal,Desktop,Bengaluru,0,4,342.35,1888,0,0
60.67,Fashion,PayPal,Desktop,Chennai,0,146,286.34,273,0,0
2.66,Utilities,UPI,Mobile,Delhi,0,63,234.18,52,1,0
51.64,Utilities,NetBanking,POS,Mumbai,0,87,323.79,1407,0,0
41.91,Travel,UPI,POS,Delhi,0,180,364.63,495,0,0
14.06,Grocery,Debit Card,Mobile,Chennai,0,111,120.63,1278,0,0
85.46,Fashion,Credit Card,POS,Kolkata,0,191,253.55,894,0,0
283.65,Fashion,Credit Card,Desktop,Pune,0,173,234.5,1497,0,0
66.08,Fashion,NetBanking,POS,Bengaluru,0,140,29.55,1827,0,0
100.35,Fashion,UPI,Mobile,Kolkata,0,136,418.87,298,0,0
5.67,Travel,PayPal,POS,Chennai,0,22,194.92,562,0,0
43.26,Grocery,PayPal,Mobile,Pune,0,91,45.62,343,0,0
9.9,Grocery,PayPal,Desktop,Hyderabad,0,169,234.37,149,0,0
75.9,Electronics,Debit Card,Mobile,Bengaluru,0,116,89.13,1010,0,0
223.07,Fashion,Debit Card,POS,Chennai,0,41,355.16,1534,1,1
86.72,Fashion,PayPal,Desktop,Mumbai,0,81,290.17,1977,0,0
6.39,Electronics,NetBanking,POS,Mumbai,0,123,142.36,1173,0,0
35.04,Grocery,Debit Card,Mobile,Pune,0,57,475.73,739,0,0
64.0,Utilities,Debit Card,Desktop,Pune,0,160,152.96,165,0,0
41.29,Utilities,Credit Card,Mobile,Mumbai,0,127,281.95,1130,0,0
143.49,Food,Credit Card,POS,Hyderabad,0,95,402.77,1407,0,0
134.85,Health,NetBanking,Mobile,Delhi,0,55,261.81,1111,0,0
75.71,Food,Debit Card,POS,Mumbai,0,6,480.82,965,0,0
37.4,Grocery,Debit Card,POS,Pune,0,167,423.49,1139,0,0
23.59,Entertainment,UPI,Desktop,Pune,0,9,461.3,30,0,0
8.95,Fashion,NetBanking,Desktop,Hyderabad,0,32,192.62,106,0,0
35.07,Food,NetBanking,Mobile,Mumbai,0,164,278.69,990,1,1
42.64,Travel,UPI,POS,Hyderabad,0,128,421.68,1575,0,0
90.12,Utilities,UPI,POS,Mumbai,0,16,452.72,1497,0,0
85.87,Travel,Credit Card,Desktop,Delhi,1,140,472.74,610,0,1
5.81,Electronics,NetBanking,Desktop,Chennai,0,41,440.78,177,0,0
40.24,Grocery,NetBanking,Desktop,Mumbai,0,195,368.07,603,0,0
16.05,Grocery,UPI,Desktop,Chennai,0,186,21.87,1578,0,0
13.65,Food,PayPal,Mobile,Mumbai,0,137,164.33,215,0,1
140.5,Fashion,PayPal,Mobile,Delhi,0,125,73.18,1730,0,0
3.43,Grocery,Credit Card,Mobile,Kolkata,1,17,85.83,551,0,1
43.47,Food,PayPal,Mobile,Pune,0,110,152.54,1824,0,0
14.73,Food,PayPal,Desktop,Chennai,0,133,46.62,191,0,0
169.18,Health,PayPal,Mobile,Hyderabad,0,26,129.09,1343,0,0
65.14,Health,Debit Card,Mobile,Mumbai,0,129,478.92,1979,0,0
21.05,Grocery,Credit Card,Mobile,Pune,0,1,162.85,1474,0,0
55.84,Food,UPI,Desktop,Mumbai,0,35,88.26,225,0,0
105.19,Electronics,PayPal,POS,Hyderabad,0,9,361.97,63,0,0
253.83,Electronics,Debit Card,Desktop,Delhi,0,87,415.97,1725,0,0
19.92,Health,PayPal,POS,Bengaluru,0,38,163.88,1650,0,0
173.85,Grocery,Debit Card,POS,Mumbai,0,4,146.46,1623,0,0
217.82,Utilities,Credit Card,Mobile,Kolkata,0,52,128.46,1926,1,0
198.56,Fashion,PayPal,Mobile,Hyderabad,0,147,202.7,437,0,0
80.72,Entertainment,Debit Card,Mobile,Bengaluru,0,5,52.74,1830,0,0
79.5,Utilities,NetBanking,Desktop,Mumbai,0,106,337.87,1350,0,0
41.3,Electronics,NetBanking,Desktop,Chennai,0,48,412.89,1973,1,0
111.67,Electronics,Debit Card,Mobile,Pune,0,87,335.2,566,0,0
60.62,Utilities,PayPal,Desktop,Pune,1,191,216.39,65,0,1
90.52,Health,PayPal,Desktop,Hyderabad,1,38,151.59,1317,0,0
44.75,Health,Credit Card,POS,Chennai,0,52,210.63,1435,0,0
105.19,Grocery,Credit Card,Desktop,Delhi,1,87,217.68,143,0,0
139.2,Health,UPI,POS,Bengaluru,0,46,336.35,1670,0,0
12.67,Travel,Credit Card,Mobile,Hyderabad,0,93,464.75,634,0,0
143.15,Entertainment,PayPal,Desktop,Kolkata,0,137,44.59,1654,0,0
62.17,Utilities,UPI,POS,Mumbai,0,50,477.14,472,0,0
148.97,Utilities,Credit Card,Desktop,Pune,0,66,456.0,1216,0,0
45.15,Food,Debit Card,POS,Mumbai,0,38,67.69,67,0,0
38.12,Electronics,NetBanking,POS,Bengaluru,0,155,99.96,121,0,0
197.27,Utilities,Credit Card,Desktop,Chennai,0,105,162.68,660,0,0
23.14,Travel,Credit Card,Mobile,Chennai,0,148,284.24,1776,0,0
148.74,Utilities,Debit Card,POS,Hyderabad,0,190,75.89,701,0,0
52.94,Fashion,PayPal,Mobile,Hyderabad,0,16,108.16,130,0,0
57.74,Travel,Debit Card,Desktop,Chennai,0,79,452.31,1934,0,1
29.51,Grocery,Credit Card,Desktop,Hyderabad,0,13,63.56,536,0,0
68.09,Fashion,PayPal,Mobile,Chennai,0,114,205.45,208,0,0
31.47,Fashion,UPI,Desktop,Bengaluru,0,102,383.87,313,0,0
3.2,Utilities,Credit Card,POS,Hyderabad,0,148,445.41,384,0,0
25.4,Health,Debit Card,Mobile,Chennai,0,152,174.66,1957,0,0
0.51,Utilities,UPI,Desktop,Hyderabad,0,178,90.57,1350,0,0
306.64,Travel,NetBanking,Desktop,Mumbai,0,135,371.14,1939,0,0
269.92,Grocery,UPI,Mobile,Pune,0,87,388.55,1588,0,0
40.22,Electronics,Debit Card,POS,Mumbai,0,88,490.22,517,0,0
104.27,Entertainment,UPI,Mobile,Delhi,0,29,78.38,1035,0,0
33.95,Health,Debit Card,Desktop,Chennai,0,133,357.62,308,0,0
88.96,Travel,Credit Card,Desktop,Delhi,0,107,214.47,573,0,0
130.96,Electronics,PayPal,Mobile,Chennai,0,163,458.17,679,0,0
234.63,Travel,NetBanking,POS,Pune,0,65,209.84,1646,0,0
40.89,Health,PayPal,POS,Hyderabad,0,100,228.52,960,0,0
122.34,Electronics,PayPal,POS,Chennai,0,115,72.13,384,0,0
24.73,Health,PayPal,Mobile,Mumbai,0,198,167.26,1372,0,0
371.12,Travel,Debit Card,POS,Hyderabad,0,87,206.41,224,0,0
2.09,Fashion,Debit Card,POS,Pune,0,74,18.58,833,0,0
74.01,Entertainment,NetBanking,POS,Mumbai,0,135,224.41,122,0,0
86.19,Food,Debit Card,POS,Hyderabad,0,172,174.8,462,1,1
93.19,Entertainment,Debit Card,Desktop,Chennai,0,13,403.88,587,0,0
10.26,Fashion,Debit Card,Mobile,Chennai,0,94,62.49,1080,0,1
223.14,Health,Debit Card,Mobile,Mumbai,0,78,382.5,1468,0,0
15.99,Entertainment,Credit Card,POS,Bengaluru,0,124,359.87,191,0,0
77.99,Health,NetBanking,Mobile,Chennai,0,125,128.47,1897,0,0
20.15,Health,Debit Card,Mobile,Bengaluru,0,38,50.8,130,0,0
29.36,Electronics,NetBanking,Desktop,Hyderabad,1,13,422.5,728,0,0
63.25,Grocery,UPI,Mobile,Bengaluru,0,54,132.22,1526,0,0
43.19,Health,Credit Card,Desktop,Mumbai,0,106,81.32,1759,0,0
13.97,Entertainment,Debit Card,Mobile,Delhi,0,44,185.93,187,0,0
15.0,Entertainment,Credit Card,Desktop,Delhi,0,141,206.43,521,0,0
43.32,Entertainment,Credit Card,Desktop,Mumbai,1,153,169.78,948,0,0
113.27,Fashion,UPI,Mobile,Kolkata,0,24,488.48,1062,0,0
182.59,Food,NetBanking,Desktop,Delhi,0,124,441.6,1265,0,1
7.03,Health,Credit Card,Desktop,Mumbai,1,29,437.76,1492,0,0
39.95,Utilities,PayPal,Mobile,Chennai,0,198,205.4,1950,0,0
8.45,Health,UPI,Desktop,Bengaluru,0,146,481.81,853,0,0
1.34,Health,PayPal,Desktop,Delhi,0,92,345.17,708,0,0
86.71,Utilities,UPI,Desktop,Chennai,0,5,417.68,1908,0,0
73.79,Electronics,PayPal,Desktop,Delhi,0,146,255.43,815,0,1
14.24,Health,PayPal,Desktop,Hyderabad,0,191,88.7,1863,0,0
21.31,Fashion,Credit Card,POS,Mumbai,0,125,444.57,1021,1,1
1.92,Travel,Credit Card,Desktop,Mumbai,0,165,248.35,140,0,0
144.12,Grocery,UPI,Desktop,Chennai,0,71,484.59,870,0,0
294.13,Entertainment,NetBanking,Desktop,Kolkata,1,183,134.88,232,0,0
11.64,Health,Credit Card,Desktop,Hyderabad,0,99,496.27,1813,0,0
21.06,Electronics,Credit Card,Mobile,Bengaluru,0,12,118.99,1118,0,0
162.24,Fashion,Debit Card,POS,Hyderabad,0,52,190.4,1768,0,0
208.8,Health,Credit Card,Mobile,Kolkata,0,185,301.07,1214,0,0
43.53,Utilities,NetBanking,POS,Hyderabad,0,46,349.73,443,0,0
4.16,Electronics,Debit Card,Desktop,Pune,0,104,362.94,1698,0,0
3.22,Travel,PayPal,Desktop,Bengaluru,0,44,243.36,719,0,0
68.26,Food,PayPal,POS,Bengaluru,1,152,47.65,1758,0,0
39.92,Health,Debit Card,POS,Hyderabad,0,9,253.06,295,0,0
2.33,Fashion,Debit Card,Mobile,Delhi,0,140,174.0,601,0,0
70.02,Electronics,Debit Card,POS,Pune,0,100,332.25,234,0,0
0.91,Utilities,UPI,Desktop,Delhi,0,137,99.32,1720,0,0
123.86,Electronics,NetBanking,Mobile,Hyderabad,0,103,203.02,613,0,0
29.27,Health,NetBanking,POS,Delhi,0,110,483.4,1209,0,0
3.29,Electronics,PayPal,POS,Bengaluru,0,116,53.55,202,0,0
71.01,Food,PayPal,Mobile,Bengaluru,0,22,305.14,337,0,0
40.56,Electronics,PayPal,POS,Delhi,0,145,54.42,479,0,0
291.36,Entertainment,Credit Card,Desktop,Bengaluru,0,161,86.93,91,0,0
62.86,Grocery,PayPal,Mobile,Mumbai,0,175,306.42,1426,0,0
25.75,Entertainment,Debit Card,POS,Bengaluru,0,88,227.56,1513,0,0
98.88,Grocery,PayPal,Desktop,Hyderabad,0,143,278.76,504,0,0
25.34,Electronics,Debit Card,POS,Chennai,0,33,441.14,1434,0,0
187.68,Utilities,UPI,Mobile,Delhi,0,15,410.45,1770,0,0
37.56,Utilities,Credit Card,POS,Pune,0,27,445.11,1625,0,0
63.86,Health,Credit Card,POS,Kolkata,0,189,311.96,115,0,0
4.15,Utilities,NetBanking,POS,Delhi,0,196,249.93,1989,0,0
44.43,Grocery,UPI,Desktop,Kolkata,0,112,235.01,1196,0,0
142.88,Fashion,Debit Card,Desktop,Kolkata,0,82,372.51,1916,0,0
131.05,Grocery,UPI,POS,Bengaluru,1,48,265.44,1060,0,1
20.32,Entertainment,Credit Card,POS,Bengaluru,0,8,61.83,324,0,0
20.5,Electronics,Debit Card,Mobile,Chennai,0,134,79.55,1744,0,0
136.0,Health,UPI,POS,Chennai,1,191,184.97,768,0,0
213.2,Travel,Credit Card,Mobile,Pune,0,118,43.23,1572,0,0
8.02,Health,Debit Card,Desktop,Hyderabad,0,84,127.22,1705,0,0
47.84,Health,Debit Card,POS,Mumbai,0,2,331.64,555,0,1
32.93,Health,Credit Card,Mobile,Hyderabad,0,150,16.09,63,0,0
163.64,Fashion,Debit Card,Desktop,Pune,1,118,306.01,1943,0,0
6.98,Food,Credit Card,Mobile,Delhi,0,21,388.45,1988,0,0
18.97,Entertainment,PayPal,Desktop,Bengaluru,0,134,93.38,781,0,0
111.7,Electronics,PayPal,POS,Hyderabad,0,123,98.67,1382,0,0
4.21,Food,Debit Card,Mobile,Kolkata,0,96,24.14,1885,0,1
54.27,Travel,Debit Card,POS,Bengaluru,0,198,261.1,1662,0,0
46.69,Food,Credit Card,Mobile,Bengaluru,1,13,330.75,809,0,0
32.57,Electronics,Debit Card,Desktop,Hyderabad,0,1,233.89,667,0,0
40.15,Entertainment,NetBanking,Mobile,Hyderabad,0,150,200.83,1087,0,0
60.39,Entertainment,PayPal,Mobile,Kolkata,0,117,232.66,824,0,0
14.08,Electronics,Debit Card,POS,Kolkata,0,152,392.95,435,0,0
67.89,Travel,Debit Card,POS,Chennai,0,64,26.42,1071,0,0
130.96,Electronics,UPI,POS,Pune,0,169,394.07,1483,0,0
114.22,Travel,Debit Card,Desktop,Pune,0,150,336.51,457,0,0
13.37,Travel,NetBanking,POS,Kolkata,0,61,128.3,943,0,0
12.93,Electronics,PayPal,Mobile,Mumbai,0,108,267.12,322,0,0
24.98,Grocery,UPI,Desktop,Kolkata,0,12,34.15,1956,1,1
35.84,Entertainment,Credit Card,POS,Chennai,0,90,196.0,609,0,0
42.0,Travel,Credit Card,Mobile,Mumbai,0,132,95.28,1802,0,0
91.08,Electronics,PayPal,Mobile,Hyderabad,0,83,20.93,1133,0,0
4.67,Utilities,Credit Card,Desktop,Pune,0,128,184.97,1139,0,0
2.82,Grocery,NetBanking,Mobile,Pune,0,140,365.8,1625,0,0
39.79,Entertainment,Debit Card,POS,Mumbai,0,33,461.3,77,0,0
95.57,Travel,PayPal,Mobile,Delhi,0,149,334.51,1744,0,0
17.2,Entertainment,UPI,POS,Chennai,0,128,206.97,1921,0,1
82.07,Grocery,Debit Card,POS,Chennai,0,100,499.75,113,0,0
24.07,Entertainment,Credit Card,Desktop,Chennai,0,106,148.64,636,0,1
173.78,Fashion,Credit Card,Mobile,Pune,0,72,101.69,337,0,0
180.83,Health,UPI,Desktop,Bengaluru,0,74,237.2,281,0,0
28.22,Fashion,NetBanking,Desktop,Pune,0,96,257.41,1534,0,0
20.91,Grocery,UPI,Desktop,Bengaluru,0,92,183.86,1898,0,0
42.39,Travel,PayPal,POS,Pune,0,74,350.79,209,0,0
22.01,Electronics,UPI,POS,Hyderabad,0,72,100.09,1649,0,0
89.27,Food,Credit Card,POS,Pune,0,180,260.07,1363,0,0
139.93,Electronics,NetBanking,POS,Hyderabad,0,175,255.06,1990,0,0
89.45,Entertainment,NetBanking,Mobile,Bengaluru,0,59,413.66,455,0,0
139.14,Food,UPI,Mobile,Chennai,1,175,464.21,1539,0,0
40.47,Food,PayPal,POS,Bengaluru,0,56,335.0,1715,0,0
13.6,Entertainment,Credit Card,POS,Mumbai,1,13,159.63,68,0,1
107.14,Entertainment,Debit Card,Mobile,Chennai,0,172,347.91,1332,0,0
35.76,Travel,NetBanking,Desktop,Pune,0,35,133.17,845,0,0
89.0,Grocery,UPI,Desktop,Pune,0,119,483.61,654,0,0
25.25,Utilities,PayPal,POS,Pune,0,115,412.96,405,0,0
6.78,Electronics,PayPal,Desktop,Pune,0,157,221.28,1982,0,0
392.31,Grocery,Credit Card,POS,Pune,0,56,394.33,1692,0,0
13.59,Fashion,NetBanking,POS,Bengaluru,0,133,210.24,70,0,0
356.68,Travel,Credit Card,POS,Kolkata,0,195,46.56,1723,0,0
302.76,Travel,Debit Card,Mobile,Hyderabad,0,53,356.32,1771,0,0
126.32,Utilities,Debit Card,Desktop,Kolkata,0,101,208.26,76,0,0
86.17,Fashion,Debit Card,Mobile,Bengaluru,0,120,465.86,1537,0,1
68.98,Electronics,PayPal,Desktop,Delhi,1,60,160.21,214,0,1
160.85,Health,NetBanking,Mobile,Kolkata,0,105,423.23,101,0,0
27.34,Fashion,Credit Card,Mobile,Bengaluru,0,134,343.41,598,0,0
50.44,Electronics,Credit Card,POS,Chennai,0,176,428.13,1804,0,0
77.28,Food,Debit Card,POS,Pune,0,106,153.02,603,0,0
42.37,Entertainment,NetBanking,Mobile,Bengaluru,0,80,236.06,371,0,0
44.62,Travel,NetBanking,Desktop,Kolkata,0,163,413.33,598,0,0
32.07,Electronics,UPI,Desktop,Hyderabad,0,146,325.47,993,0,0
66.45,Grocery,NetBanking,POS,Kolkata,0,11,186.36,1296,0,0
152.08,Utilities,NetBanking,POS,Pune,0,51,260.88,357,0,0
18.0,Entertainment,Credit Card,Desktop,Kolkata,0,121,498.09,1689,0,0
217.97,Grocery,NetBanking,Desktop,Mumbai,0,23,373.51,182,0,0
93.46,Entertainment,NetBanking,Desktop,Delhi,0,47,311.12,1308,0,0
138.65,Travel,Credit Card,POS,Chennai,0,75,415.68,758,0,0
64.99,Fashion,NetBanking,Desktop,Hyderabad,0,187,226.59,1477,0,0
120.95,Health,Credit Card,POS,Delhi,1,185,475.53,261,0,1
1.31,Fashion,UPI,Mobile,Bengaluru,0,93,280.49,1582,0,0
136.47,Electronics,PayPal,Mobile,Delhi,0,127,170.17,1645,0,0
3.28,Utilities,Credit Card,Mobile,Pune,0,56,52.15,1549,0,0
176.52,Fashion,Credit Card,Desktop,Pune,0,155,194.09,205,0,0
385.89,Travel,NetBanking,POS,Mumbai,1,73,288.63,580,0,1
27.86,Utilities,Credit Card,Desktop,Delhi,1,163,354.59,172,0,1
18.89,Electronics,Debit Card,POS,Kolkata,0,183,438.81,46,0,0
115.98,Food,Debit Card,Desktop,Delhi,0,137,472.54,278,0,0
23.34,Fashion,UPI,Mobile,Pune,0,18,60.2,1088,0,1
160.53,Fashion,Credit Card,POS,Bengaluru,0,44,304.44,830,0,0
8.68,Health,NetBanking,Desktop,Bengaluru,1,149,336.63,1029,1,1
10.77,Electronics,NetBanking,POS,Chennai,0,56,94.31,1028,0,0
309.64,Grocery,PayPal,POS,Kolkata,0,176,277.34,175,0,0
89.63,Fashion,UPI,Desktop,Kolkata,0,100,174.07,955,0,0
150.13,Travel,NetBanking,Desktop,Bengaluru,0,1,47.93,756,0,0
31.36,Fashion,PayPal,POS,Delhi,1,155,42.27,194,0,0
90.28,Health,NetBanking,POS,Mumbai,0,45,382.01,1164,0,0
72.16,Food,PayPal,Mobile,Bengaluru,0,63,311.57,676,0,0
73.94,Health,Debit Card,POS,Kolkata,0,58,360.41,1127,0,1
91.79,Fashion,Debit Card,Mobile,Kolkata,0,168,345.79,697,0,0
68.52,Utilities,NetBanking,Mobile,Pune,0,63,75.81,1780,0,0
44.84,Grocery,UPI,Mobile,Pune,1,38,84.27,383,0,0
25.83,Entertainment,Credit Card,POS,Chennai,1,29,133.72,1327,0,0
117.08,Fashion,UPI,Mobile,Chennai,0,40,205.56,972,0,0
20.52,Electronics,UPI,POS,Delhi,0,147,470.2,1332,0,0
94.3,Fashion,Credit Card,POS,Bengaluru,0,88,340.21,1713,0,0
21.26,Grocery,Debit Card,Desktop,Bengaluru,0,56,135.03,1084,0,0
78.54,Electronics,Debit Card,POS,Chennai,0,44,37.43,555,0,0
109.97,Travel,Credit Card,POS,Bengaluru,0,193,345.27,1588,0,0
19.75,Utilities,PayPal,Mobile,Delhi,0,100,316.41,539,0,0
4.95,Electronics,UPI,POS,Mumbai,0,141,341.12,1567,0,0
11.23,Health,NetBanking,POS,Pune,0,158,137.98,1978,0,1
74.51,Food,Debit Card,Desktop,Delhi,0,49,263.31,207,1,0
151.47,Health,NetBanking,Desktop,Bengaluru,0,115,187.23,358,0,0
3.68,Entertainment,Credit Card,Mobile,Delhi,0,75,410.67,1624,0,1
105.99,Electronics,NetBanking,Mobile,Pune,0,191,44.0,830,0,0
33.4,Travel,NetBanking,Desktop,Hyderabad,1,199,144.97,717,0,0
52.09,Fashion,UPI,Desktop,Kolkata,0,163,305.45,1225,0,0
211.45,Utilities,Credit Card,POS,Pune,0,139,110.56,1449,0,0
32.27,Electronics,NetBanking,Mobile,Kolkata,0,49,339.63,1648,0,0
50.09,Health,Debit Card,Mobile,Pune,0,107,77.02,967,0,0
1.1,Electronics,Credit Card,POS,Hyderabad,0,111,21.18,1009,0,0
6.81,Electronics,Debit Card,POS,Bengaluru,0,115,433.11,764,0,0
23.94,Electronics,PayPal,Mobile,Bengaluru,0,168,173.39,1088,0,0
2.26,Travel,NetBanking,Desktop,Mumbai,0,21,86.86,326,0,0
79.84,Utilities,Credit Card,Desktop,Pune,0,47,94.63,1522,0,0
44.47,Grocery,Debit Card,POS,Delhi,0,3,444.09,1548,0,0
63.55,Grocery,NetBanking,Mobile,Mumbai,0,158,330.67,651,0,0
15.36,Electronics,UPI,POS,Bengaluru,0,127,478.61,1288,0,1
28.07,Travel,Debit Card,Desktop,Bengaluru,0,67,402.02,938,0,0
87.21,Travel,Debit Card,Desktop,Chennai,0,62,386.1,1092,0,0
268.89,Entertainment,PayPal,POS,Mumbai,0,165,254.91,1272,0,0
4.14,Electronics,UPI,Desktop,Bengaluru,0,150,412.19,1270,0,0
176.86,Health,PayPal,Mobile,Hyderabad,0,31,212.2,735,0,1
68.81,Health,UPI,POS,Kolkata,0,46,415.23,1728,0,0
66.39,Food,Debit Card,POS,Chennai,0,45,381.29,657,0,0
55.5,Utilities,PayPal,POS,Delhi,0,14,342.43,1893,0,0
5.75,Electronics,NetBanking,Desktop,Kolkata,1,121,171.56,702,0,1
7.53,Food,UPI,Mobile,Chennai,1,140,319.05,1654,1,1
73.49,Health,Debit Card,POS,Pune,0,119,258.33,449,0,0
33.36,Health,Credit Card,POS,Pune,0,191,236.16,682,0,0
199.37,Electronics,UPI,Desktop,Delhi,0,77,495.22,853,0,0
41.75,Food,UPI,Mobile,Hyderabad,0,88,257.15,1227,0,0
12.37,Food,NetBanking,POS,Delhi,0,166,25.67,742,0,0
100.34,Electronics,UPI,Desktop,Mumbai,0,117,316.97,896,0,0
27.78,Utilities,UPI,POS,Kolkata,0,175,366.73,843,0,0
59.63,Entertainment,NetBanking,Desktop,Delhi,0,124,443.74,897,0,0
95.74,Food,NetBanking,Mobile,Delhi,0,54,320.02,142,0,0
184.42,Entertainment,PayPal,Desktop,Chennai,0,183,19.53,1932,0,0
125.69,Fashion,Debit Card,POS,Hyderabad,0,48,68.67,969,0,0
90.25,Utilities,Debit Card,POS,Delhi,0,101,89.01,203,0,0
91.06,Health,PayPal,Desktop,Mumbai,0,15,113.52,1040,0,0
233.39,Grocery,Debit Card,Mobile,Chennai,1,199,401.89,103,0,0
28.06,Utilities,UPI,Mobile,Hyderabad,0,113,161.78,1890,0,0
0.09,Entertainment,PayPal,POS,Hyderabad,1,16,163.06,1852,0,0
25.39,Entertainment,PayPal,POS,Bengaluru,0,171,380.24,666,0,0
19.66,Entertainment,Debit Card,Desktop,Pune,0,135,212.09,1589,0,0
86.74,Travel,Credit Card,Desktop,Kolkata,0,43,41.67,61,0,0
80.35,Utilities,Debit Card,Desktop,Mumbai,0,28,296.71,1307,0,0
72.01,Food,Credit Card,Mobile,Pune,0,66,73.73,526,0,0
1.31,Food,PayPal,Mobile,Chennai,0,98,290.12,1166,0,0
104.39,Travel,Credit Card,POS,Chennai,0,60,392.02,224,1,1
31.27,Food,UPI,POS,Mumbai,0,128,465.45,557,0,0
87.5,Travel,NetBanking,POS,Hyderabad,0,131,42.86,470,0,0
65.06,Entertainment,Credit Card,Desktop,Delhi,0,129,158.94,1542,0,0
33.57,Electronics,NetBanking,Mobile,Mumbai,0,159,329.71,1550,0,0
11.56,Utilities,UPI,POS,Chennai,0,56,164.57,753,0,0
7.93,Fashion,NetBanking,POS,Pune,0,84,231.0,1673,0,0
142.47,Entertainment,UPI,POS,Kolkata,0,174,19.84,53,0,0
200.47,Fashion,NetBanking,POS,Mumbai,0,32,349.81,319,0,0
83.94,Health,NetBanking,POS,Hyderabad,0,81,442.81,925,1,0
8.73,Entertainment,Debit Card,POS,Kolkata,0,18,488.66,337,0,0
41.14,Grocery,Credit Card,Mobile,Kolkata,0,196,416.96,333,0,0
104.43,Food,NetBanking,POS,Kolkata,0,35,25.57,1908,0,0
121.07,Grocery,PayPal,Mobile,Bengaluru,0,104,329.41,660,0,0
10.06,Electronics,Debit Card,Desktop,Kolkata,0,100,252.87,1746,0,0
0.0,Fashion,Credit Card,Mobile,Bengaluru,0,23,469.57,980,0,0
99.62,Utilities,Debit Card,Desktop,Delhi,0,141,452.05,67,0,0
35.28,Entertainment,Credit Card,Mobile,Delhi,0,142,494.14,415,0,0
23.49,Utilities,UPI,Mobile,Kolkata,0,165,432.35,774,0,0
1.04,Electronics,NetBanking,POS,Hyderabad,0,5,277.98,1634,0,0
62.17,Electronics,PayPal,Mobile,Pune,0,150,360.3,111,0,0
152.39,Food,Debit Card,Mobile,Delhi,1,28,482.69,1171,0,0
252.91,Electronics,Debit Card,POS,Bengaluru,0,132,293.28,1874,0,0
66.73,Entertainment,Debit Card,Desktop,Hyderabad,1,50,421.59,79,0,0
57.8,Entertainment,Debit Card,POS,Kolkata,0,102,471.68,698,0,0
7.11,Utilities,NetBanking,POS,Hyderabad,0,29,289.56,103,1,0
63.68,Utilities,Credit Card,POS,Hyderabad,0,37,87.99,1031,0,0
38.24,Fashion,NetBanking,Desktop,Mumbai,0,163,86.23,724,0,0
74.74,Entertainment,UPI,Mobile,Pune,0,148,66.51,1159,0,0
39.38,Grocery,NetBanking,Mobile,Kolkata,0,163,243.4,1754,0,0
21.99,Fashion,NetBanking,POS,Pune,0,130,245.27,1871,0,0
7.98,Food,UPI,POS,Delhi,0,116,312.51,1837,0,0
30.26,Fashion,NetBanking,Mobile,Pune,0,58,246.61,1652,0,0
8.13,Travel,Credit Card,Mobile,Chennai,0,146,486.8,1915,0,0
15.57,Utilities,PayPal,Mobile,Bengaluru,0,106,152.74,1379,0,0
349.52,Grocery,UPI,Desktop,Delhi,0,56,438.17,713,0,0
46.97,Utilities,Debit Card,Desktop,Kolkata,1,122,59.16,1817,0,1
60.72,Travel,Credit Card,POS,Pune,0,192,304.94,385,0,0
165.48,Travel,PayPal,Desktop,Bengaluru,0,103,327.68,1521,1,0
433.53,Health,Credit Card,POS,Kolkata,0,123,388.39,1709,0,0
69.92,Entertainment,Credit Card,Mobile,Kolkata,1,180,256.48,1337,0,1
133.91,Food,Debit Card,Mobile,Delhi,0,22,106.64,1043,0,0
31.67,Electronics,PayPal,POS,Chennai,0,60,190.81,214,0,0
29.19,Travel,Credit Card,Mobile,Bengaluru,0,138,143.36,183,1,1
41.23,Fashion,Debit Card,POS,Chennai,0,84,215.36,883,0,0
89.3,Electronics,UPI,POS,Bengaluru,0,128,269.68,147,0,0
91.7,Fashion,Debit Card,POS,Mumbai,0,80,316.28,296,0,1
30.29,Utilities,NetBanking,Desktop,Kolkata,0,134,424.11,1438,0,0
11.44,Fashion,Debit Card,POS,Mumbai,1,81,455.91,866,0,0
80.06,Electronics,Debit Card,POS,Bengaluru,0,6,236.66,284,1,1
10.99,Electronics,Debit Card,POS,Bengaluru,1,86,53.45,1294,0,0
69.11,Entertainment,Credit Card,Desktop,Chennai,0,82,400.56,200,0,0
94.58,Fashion,PayPal,Mobile,Kolkata,0,156,243.81,1995,0,0
96.48,Food,Debit Card,Desktop,Pune,0,42,277.76,646,0,0
112.02,Entertainment,Debit Card,POS,Kolkata,0,74,301.94,1031,0,0
165.0,Grocery,NetBanking,Desktop,Hyderabad,0,41,337.26,577,0,0
55.45,Health,NetBanking,Mobile,Bengaluru,0,63,446.15,1631,0,0
104.82,Grocery,UPI,Mobile,Delhi,0,22,476.55,1238,0,0
77.23,Food,UPI,POS,Delhi,0,79,470.68,1955,0,0
16.53,Entertainment,NetBanking,Mobile,Delhi,0,157,406.64,731,0,0
2.08,Health,PayPal,Desktop,Mumbai,0,71,445.73,696,0,0
26.79,Entertainment,UPI,Desktop,Pune,0,114,34.33,922,0,0
46.82,Electronics,PayPal,Mobile,Chennai,0,34,426.07,439,0,0
76.8,Health,NetBanking,POS,Pune,0,96,45.41,768,0,0
151.75,Utilities,UPI,POS,Mumbai,0,130,375.64,1706,0,0
17.48,Fashion,Debit Card,Desktop,Pune,0,154,92.99,1641,0,0
10.73,Grocery,NetBanking,Mobile,Pune,0,109,186.45,175,0,0
264.79,Health,UPI,Desktop,Kolkata,0,75,100.25,1091,0,0
9.15,Fashion,PayPal,Desktop,Delhi,0,19,227.3,519,0,0
52.08,Entertainment,PayPal,Desktop,Bengaluru,0,125,211.76,291,0,0
70.47,Food,UPI,POS,Delhi,0,20,33.55,1179,0,0
62.36,Health,PayPal,Mobile,Pune,0,161,416.94,1657,0,0
7.2,Fashion,UPI,Mobile,Bengaluru,0,116,428.55,1849,0,0
4.7,Entertainment,UPI,POS,Kolkata,0,94,395.88,374,0,0
8.92,Entertainment,PayPal,Desktop,Chennai,0,82,425.33,1314,0,0
70.47,Entertainment,Credit Card,Desktop,Hyderabad,1,96,377.93,1496,0,1
62.88,Food,Debit Card,POS,Bengaluru,0,104,469.37,908,1,0
21.3,Electronics,NetBanking,Mobile,Mumbai,0,4,292.43,1161,0,0
81.24,Food,Debit Card,POS,Delhi,0,160,295.49,1610,0,0
137.21,Food,NetBanking,Mobile,Kolkata,0,147,431.36,1933,0,0
3.4,Utilities,NetBanking,Mobile,Kolkata,0,131,181.21,1490,0,0
55.15,Grocery,Debit Card,Mobile,Delhi,0,92,34.54,543,0,0
93.52,Entertainment,UPI,Desktop,Pune,0,61,377.43,974,0,0
23.26,Fashion,PayPal,Desktop,Pune,0,38,134.75,742,0,0
29.43,Health,Credit Card,POS,Pune,0,118,242.38,1143,0,0
76.08,Grocery,Credit Card,POS,Kolkata,0,134,127.82,244,0,0
182.57,Entertainment,Credit Card,Desktop,Pune,0,56,415.27,1680,0,0
132.83,Travel,Debit Card,POS,Delhi,0,168,479.56,1372,0,0
70.0,Food,Debit Card,Desktop,Bengaluru,0,121,36.96,633,0,0
104.81,Travel,UPI,Desktop,Chennai,0,81,124.35,867,0,0
36.31,Entertainment,Credit Card,Mobile,Bengaluru,0,106,102.89,1751,0,0
81.95,Grocery,UPI,Mobile,Mumbai,0,120,339.87,801,0,0
50.22,Fashion,Credit Card,Desktop,Delhi,0,69,220.05,699,0,0
16.85,Grocery,Debit Card,Mobile,Bengaluru,0,83,233.57,1110,0,0
96.78,Utilities,PayPal,Desktop,Delhi,0,42,86.97,588,0,1
65.04,Fashion,PayPal,Mobile,Kolkata,0,99,213.22,1455,1,0
35.53,Fashion,PayPal,POS,Mumbai,0,130,158.58,251,0,0
193.83,Entertainment,PayPal,POS,Kolkata,0,28,309.48,504,0,0
1.69,Electronics,NetBanking,Desktop,Hyderabad,0,117,116.45,1161,0,0
30.36,Entertainment,Credit Card,Desktop,Hyderabad,0,145,311.26,892,0,0
4.69,Food,PayPal,Mobile,Hyderabad,0,70,195.1,841,0,0
116.38,Grocery,NetBanking,Mobile,Delhi,0,107,179.68,209,0,0
96.88,Fashion,NetBanking,Desktop,Bengaluru,0,123,159.72,206,0,0
32.2,Entertainment,NetBanking,POS,Delhi,0,69,340.18,516,0,0
90.08,Entertainment,UPI,POS,Kolkata,1,39,285.59,443,0,0
40.33,Grocery,UPI,Desktop,Chennai,0,135,427.34,721,0,0
112.93,Grocery,NetBanking,POS,Kolkata,0,160,128.39,1090,0,0
48.44,Utilities,PayPal,Desktop,Bengaluru,0,4,29.66,604,0,0
42.52,Fashion,Credit Card,Mobile,Kolkata,0,149,99.19,297,0,0
218.34,Health,Debit Card,POS,Kolkata,0,160,178.24,814,0,0
23.11,Utilities,UPI,POS,Mumbai,0,82,98.03,1855,1,1
10.27,Travel,PayPal,Mobile,Pune,0,97,50.92,953,0,0
70.27,Food,PayPal,Mobile,Hyderabad,0,142,228.22,417,0,0
278.74,Food,Debit Card,POS,Bengaluru,0,70,341.7,383,0,0
37.96,Health,Debit Card,POS,Bengaluru,0,46,378.27,843,0,0
5.12,Electronics,PayPal,Desktop,Hyderabad,0,148,205.38,1323,0,0
33.16,Utilities,Debit Card,Desktop,Kolkata,0,186,244.24,1053,0,0
56.41,Health,PayPal,POS,Mumbai,1,99,380.18,298,0,1
14.13,Electronics,Debit Card,Desktop,Delhi,0,80,182.83,1495,0,0
85.86,Electronics,Debit Card,Mobile,Delhi,0,48,394.54,1358,0,0
487.72,Health,PayPal,Desktop,Kolkata,0,7,484.01,1299,0,1
48.08,Food,NetBanking,Desktop,Kolkata,0,40,441.44,1231,0,1
35.05,Travel,PayPal,POS,Pune,0,59,232.26,1120,0,0
40.96,Food,Credit Card,Desktop,Bengaluru,1,36,293.96,306,0,0
9.79,Entertainment,Debit Card,POS,Hyderabad,0,172,361.05,1261,0,0
171.83,Food,UPI,POS,Kolkata,0,108,181.16,336,0,0
42.87,Food,Debit Card,POS,Kolkata,0,31,401.63,1603,0,0
39.19,Utilities,Credit Card,Mobile,Chennai,0,170,224.09,660,0,0
86.23,Health,UPI,Desktop,Mumbai,0,44,424.95,567,0,0
46.68,Health,UPI,Desktop,Delhi,0,171,134.82,547,0,0
83.58,Entertainment,PayPal,Desktop,Mumbai,1,43,15.58,1327,1,1
5.07,Entertainment,NetBanking,POS,Mumbai,1,175,320.02,1286,0,0
134.44,Utilities,PayPal,Mobile,Pune,0,134,231.43,1167,0,0
225.75,Health,UPI,POS,Mumbai,0,93,39.31,163,0,1
83.7,Food,UPI,Desktop,Hyderabad,0,194,248.93,1478,0,0
247.32,Travel,NetBanking,POS,Pune,0,86,92.6,854,0,0
13.14,Electronics,Debit Card,POS,Kolkata,1,9,318.58,1743,0,0
51.92,Grocery,NetBanking,Desktop,Hyderabad,0,11,228.07,1078,0,0
73.67,Electronics,PayPal,POS,Pune,0,80,93.85,1613,0,0
69.73,Entertainment,Debit Card,POS,Hyderabad,0,109,211.85,1333,0,0
41.06,Entertainment,PayPal,Mobile,Pune,0,118,124.03,1979,0,0
33.01,Electronics,NetBanking,POS,Pune,0,18,330.02,1396,0,0
10.85,Grocery,Debit Card,Mobile,Bengaluru,0,153,154.62,842,1,1
39.77,Food,NetBanking,Desktop,Hyderabad,1,97,412.79,1864,0,0
14.2,Travel,Credit Card,Mobile,Bengaluru,0,186,16.94,101,0,0
106.05,Travel,UPI,POS,Kolkata,0,30,207.67,1047,1,0
18.74,Electronics,Debit Card,Desktop,Pune,0,115,312.37,981,0,0
4.83,Grocery,UPI,POS,Delhi,0,1,21.08,1254,0,1
64.3,Utilities,Credit Card,POS,Pune,0,191,115.76,1379,0,0
72.35,Entertainment,Debit Card,Mobile,Delhi,0,97,170.44,62,0,0
164.4,Fashion,UPI,POS,Delhi,0,113,20.7,126,0,0
68.83,Food,UPI,Mobile,Delhi,0,79,277.88,1610,0,0
33.91,Utilities,Debit Card,Desktop,Delhi,0,29,319.13,292,0,0
129.97,Electronics,UPI,Desktop,Hyderabad,0,66,121.49,903,1,0
62.17,Travel,UPI,POS,Chennai,0,181,276.31,943,0,0
6.61,Entertainment,Debit Card,Mobile,Hyderabad,0,105,499.57,1123,0,0
66.75,Utilities,UPI,POS,Kolkata,0,19,444.59,1866,0,0
190.89,Utilities,UPI,POS,Chennai,0,66,38.74,322,0,0
40.38,Health,PayPal,POS,Hyderabad,0,112,72.66,946,0,0
28.12,Health,PayPal,POS,Kolkata,0,180,252.26,759,0,0
12.39,Grocery,Credit Card,Mobile,Delhi,0,159,130.15,1260,0,0
13.14,Grocery,PayPal,POS,Mumbai,0,60,49.67,201,0,0
45.36,Electronics,PayPal,Desktop,Pune,0,117,134.73,787,0,0
72.44,Utilities,Credit Card,Mobile,Chennai,0,68,39.98,955,0,0
6.72,Fashion,UPI,POS,Mumbai,0,93,269.66,1448,0,0
224.5,Travel,UPI,Mobile,Delhi,0,158,250.22,1309,1,1
112.56,Electronics,PayPal,POS,Chennai,0,141,13.1,1317,0,1
70.67,Fashion,Credit Card,Desktop,Mumbai,0,143,246.43,930,0,0
141.03,Entertainment,UPI,Desktop,Hyderabad,1,148,264.7,1317,0,1
6.69,Grocery,NetBanking,Desktop,Kolkata,0,162,306.79,546,0,0
51.83,Health,Debit Card,Mobile,Delhi,0,148,485.35,1063,0,0
79.56,Food,Debit Card,Desktop,Hyderabad,0,50,491.52,300,0,0
141.13,Utilities,Debit Card,POS,Hyderabad,0,89,268.2,771,0,0
122.4,Entertainment,PayPal,POS,Delhi,0,155,424.14,1365,0,0
25.96,Health,Debit Card,POS,Chennai,0,158,51.73,1423,0,0
226.26,Travel,Debit Card,Mobile,Pune,0,184,270.27,596,0,0
10.62,Travel,NetBanking,Mobile,Bengaluru,1,193,342.66,1952,0,0
166.44,Health,UPI,Desktop,Bengaluru,0,99,286.72,582,0,0
283.07,Entertainment,NetBanking,Mobile,Pune,0,183,123.05,679,0,0
15.6,Health,PayPal,POS,Delhi,0,113,40.7,420,0,0
102.43,Fashion,Debit Card,POS,Bengaluru,0,107,199.47,988,0,0
3.29,Electronics,UPI,POS,Pune,0,24,327.34,1168,0,0
41.59,Grocery,Debit Card,Mobile,Mumbai,0,25,495.94,604,0,0
58.1,Fashion,Debit Card,POS,Pune,0,181,125.9,373,0,0
69.52,Food,PayPal,Desktop,Chennai,0,11,459.72,1463,0,0
219.83,Health,Debit Card,Mobile,Kolkata,0,94,43.45,1599,0,0
89.24,Food,Credit Card,POS,Pune,0,60,466.18,1431,0,0
52.51,Food,UPI,POS,Hyderabad,1,175,417.86,1817,0,1
132.72,Fashion,UPI,Mobile,Hyderabad,0,153,20.26,485,0,0
240.52,Grocery,Credit Card,Mobile,Kolkata,0,25,156.11,1476,1,1
1.79,Entertainment,PayPal,Desktop,Delhi,0,145,34.97,473,0,0
323.74,Travel,Debit Card,Mobile,Hyderabad,1,140,497.8,226,0,1
7.21,Electronics,Debit Card,POS,Mumbai,1,123,219.64,897,0,0
134.73,Utilities,UPI,Desktop,Pune,0,180,334.47,392,0,1
26.32,Travel,PayPal,POS,Kolkata,0,11,124.75,1463,0,0
11.34,Grocery,PayPal,POS,Mumbai,0,10,467.53,1817,0,0
46.36,Utilities,PayPal,POS,Delhi,0,81,144.35,1627,0,0
82.62,Travel,Debit Card,Mobile,Hyderabad,0,188,137.51,1447,0,0
38.37,Health,PayPal,Mobile,Kolkata,0,54,164.15,1790,0,0
4.49,Health,Credit Card,POS,Bengaluru,0,109,236.62,1562,0,0
73.2,Fashion,NetBanking,Mobile,Pune,0,63,19.08,897,0,0
186.15,Food,PayPal,POS,Bengaluru,0,20,302.94,595,1,0
38.66,Utilities,NetBanking,Mobile,Chennai,0,5,25.52,700,0,0
19.5,Grocery,Debit Card,Mobile,Delhi,0,41,274.21,1347,0,0
46.75,Grocery,PayPal,Mobile,Chennai,0,118,234.36,1935,0,0
3.97,Travel,UPI,Desktop,Bengaluru,0,63,128.85,54,0,0
137.4,Fashion,Debit Card,Mobile,Bengaluru,0,184,171.59,266,0,0
140.05,Travel,Credit Card,Desktop,Bengaluru,0,32,355.77,490,0,0
70.94,Travel,Credit Card,Desktop,Chennai,0,27,14.7,1374,0,0
34.85,Grocery,NetBanking,Desktop,Kolkata,0,68,165.16,129,0,0
128.67,Travel,NetBanking,POS,Delhi,0,105,343.35,769,0,0
64.72,Food,UPI,Mobile,Pune,0,176,84.61,1743,0,0
139.86,Travel,UPI,POS,Kolkata,0,7,284.59,437,1,0
79.86,Utilities,Credit Card,Desktop,Pune,0,174,92.78,1208,0,0
122.75,Food,PayPal,Mobile,Mumbai,0,103,85.83,1007,0,0
73.02,Grocery,Credit Card,POS,Mumbai,1,112,388.42,1487,0,0
42.77,Fashion,Credit Card,Desktop,Bengaluru,0,146,140.6,780,0,0
253.5,Health,UPI,POS,Delhi,0,166,194.13,1487,0,0
62.32,Utilities,NetBanking,POS,Delhi,0,103,367.71,172,0,0
74.33,Food,UPI,Mobile,Hyderabad,0,193,97.96,558,0,0
19.93,Fashion,UPI,Mobile,Hyderabad,0,17,270.55,1338,0,0
78.61,Fashion,UPI,POS,Kolkata,0,90,459.73,1058,0,0
67.82,Food,Credit Card,Mobile,Chennai,0,115,281.38,552,0,0
16.35,Grocery,PayPal,Mobile,Hyderabad,0,86,33.93,749,0,0
4.91,Electronics,Credit Card,POS,Kolkata,0,103,298.95,1489,0,0
74.18,Fashion,Debit Card,Mobile,Pune,0,82,54.18,447,0,0
115.41,Fashion,UPI,Mobile,Pune,1,126,148.24,1134,0,0
59.29,Grocery,UPI,Desktop,Kolkata,0,38,426.34,574,0,0
20.57,Grocery,Debit Card,Mobile,Chennai,0,92,15.42,1039,0,0
87.85,Travel,UPI,Desktop,Mumbai,0,63,47.74,846,0,0
6.68,Grocery,UPI,POS,Bengaluru,0,170,188.05,1430,0,0
46.65,Fashion,UPI,Desktop,Delhi,0,136,499.7,188,0,0
14.27,Food,Debit Card,POS,Mumbai,0,30,153.01,1839,1,1
16.31,Electronics,Credit Card,Mobile,Kolkata,0,64,87.06,656,0,0
18.08,Entertainment,UPI,Mobile,Pune,0,9,279.22,1270,0,0
39.11,Travel,PayPal,Desktop,Mumbai,0,57,264.43,802,0,0
4.2,Entertainment,Debit Card,POS,Chennai,0,107,230.31,1723,1,0
40.57,Food,NetBanking,Mobile,Bengaluru,0,187,473.86,1098,0,0
57.35,Electronics,Debit Card,Desktop,Pune,0,95,147.27,1685,0,0
52.82,Electronics,Credit Card,Desktop,Chennai,0,195,153.73,1268,0,0
38.6,Electronics,Debit Card,Desktop,Kolkata,0,75,78.73,1564,0,0
146.18,Health,NetBanking,Mobile,Mumbai,0,5,351.67,157,0,0
12.56,Food,PayPal,POS,Delhi,0,95,167.47,1307,0,0
56.37,Utilities,NetBanking,Mobile,Hyderabad,0,4,403.34,1603,1,0
5.12,Travel,Debit Card,Mobile,Chennai,0,8,486.16,906,0,0
5.91,Travel,NetBanking,POS,Pune,0,170,31.41,1775,0,0
68.24,Electronics,Debit Card,Desktop,Mumbai,0,163,496.63,1405,0,0
66.78,Food,PayPal,Mobile,Hyderabad,0,141,134.51,635,0,0
168.32,Health,PayPal,Desktop,Hyderabad,0,133,215.85,570,0,0
65.29,Electronics,Credit Card,Desktop,Mumbai,0,40,391.09,193,0,0
257.09,Grocery,PayPal,POS,Bengaluru,0,19,336.01,678,0,0
3.99,Utilities,UPI,POS,Mumbai,0,82,391.43,1588,0,1
8.25,Entertainment,NetBanking,POS,Pune,0,125,238.5,160,1,1
3.61,Travel,NetBanking,Desktop,Kolkata,0,4,458.87,1651,0,0
16.39,Entertainment,Debit Card,Desktop,Delhi,0,128,397.07,725,0,0
62.34,Fashion,PayPal,Mobile,Pune,0,187,161.52,533,0,0
82.98,Electronics,Credit Card,Desktop,Kolkata,0,146,474.76,1477,0,0
3.73,Grocery,Credit Card,POS,Hyderabad,0,152,480.92,1802,0,0
233.46,Travel,Credit Card,POS,Delhi,0,107,213.38,213,0,0
147.7,Entertainment,UPI,POS,Chennai,0,93,329.46,855,0,0
28.15,Utilities,PayPal,POS,Hyderabad,0,31,409.24,700,0,0
6.43,Health,Credit Card,Desktop,Bengaluru,0,58,410.48,1011,0,0
14.9,Food,UPI,POS,Mumbai,0,28,16.92,1576,0,0
10.86,Travel,NetBanking,Mobile,Chennai,0,137,318.22,1052,0,0
10.53,Utilities,Debit Card,Desktop,Pune,0,173,487.11,583,0,0
58.48,Entertainment,PayPal,POS,Delhi,0,90,123.36,1288,1,1
22.57,Food,PayPal,Mobile,Chennai,0,49,399.85,160,0,0
35.47,Entertainment,NetBanking,POS,Bengaluru,0,111,271.78,726,0,0
364.55,Food,PayPal,Desktop,Mumbai,0,2,118.52,1067,0,0
92.24,Health,PayPal,Desktop,Chennai,1,6,35.01,843,0,1
238.04,Health,PayPal,Mobile,Pune,0,29,382.36,1819,0,1
12.3,Electronics,PayPal,Desktop,Delhi,0,154,165.07,688,0,0
38.52,Electronics,UPI,Mobile,Chennai,1,156,194.04,409,0,1
64.73,Travel,UPI,POS,Mumbai,1,7,247.76,1113,0,0
6.39,Health,Debit Card,Desktop,Pune,0,34,258.53,956,0,0
0.34,Grocery,PayPal,POS,Chennai,0,184,111.03,1345,0,0
88.8,Entertainment,NetBanking,POS,Delhi,1,138,338.61,1213,1,1
82.14,Entertainment,Credit Card,Desktop,Mumbai,0,112,349.34,1500,0,1
42.32,Entertainment,Debit Card,POS,Bengaluru,0,57,79.73,567,1,0
53.81,Travel,Credit Card,Mobile,Bengaluru,0,175,271.13,606,0,0
42.95,Entertainment,Credit Card,Mobile,Hyderabad,1,27,308.54,1439,0,0
1.94,Fashion,PayPal,Mobile,Chennai,0,39,101.26,1123,1,1
32.68,Food,NetBanking,Desktop,Delhi,0,150,448.29,1435,0,0
15.59,Entertainment,Credit Card,POS,Chennai,0,119,246.58,714,0,0
8.29,Utilities,Credit Card,POS,Mumbai,0,147,66.36,1278,0,0
251.21,Food,Debit Card,POS,Hyderabad,1,100,173.85,1561,0,1
73.18,Electronics,NetBanking,POS,Delhi,0,9,243.71,1718,0,0
104.35,Entertainment,NetBanking,Mobile,Chennai,0,147,14.97,69,0,1
30.31,Utilities,Credit Card,Desktop,Delhi,0,2,25.64,1199,0,0
39.96,Grocery,NetBanking,Mobile,Mumbai,0,92,37.21,395,0,0
21.63,Utilities,Debit Card,Mobile,Hyderabad,0,189,273.69,1663,0,0
8.16,Health,Debit Card,Desktop,Delhi,0,59,174.68,277,0,0
15.78,Health,Debit Card,Desktop,Mumbai,0,198,447.62,41,0,0
127.77,Electronics,PayPal,Mobile,Bengaluru,0,71,284.02,1589,0,0
90.54,Fashion,Credit Card,POS,Delhi,0,70,382.35,766,0,0
63.34,Travel,NetBanking,Desktop,Hyderabad,0,161,346.7,539,0,0
51.56,Travel,Debit Card,Desktop,Kolkata,0,193,264.96,1298,0,0
204.53,Grocery,Credit Card,Mobile,Pune,0,25,374.91,200,0,0
6.04,Electronics,Credit Card,POS,Pune,0,70,276.91,1085,0,0
26.35,Electronics,PayPal,Desktop,Delhi,0,156,198.87,1679,0,0
34.45,Fashion,NetBanking,Mobile,Delhi,0,146,223.54,750,0,0
122.02,Entertainment,NetBanking,Desktop,Mumbai,0,63,420.87,1024,0,0
391.58,Travel,Debit Card,POS,Chennai,1,49,286.0,844,0,0
22.03,Entertainment,Debit Card,Mobile,Pune,0,123,194.88,458,0,0
165.91,Electronics,Credit Card,Mobile,Chennai,0,124,98.07,1088,0,0
142.05,Entertainment,NetBanking,POS,Pune,0,194,252.73,234,0,0
20.36,Health,NetBanking,Mobile,Delhi,0,40,133.68,919,0,0
40.78,Grocery,Debit Card,POS,Hyderabad,0,85,478.23,1437,0,0
42.17,Travel,UPI,Mobile,Hyderabad,0,87,250.58,934,0,0
306.14,Fashion,Credit Card,POS,Kolkata,0,194,14.38,1319,0,0
15.96,Grocery,NetBanking,Desktop,Pune,1,80,55.51,1630,0,0
128.42,Food,PayPal,Desktop,Pune,0,4,149.32,1496,1,1
32.54,Health,PayPal,Desktop,Mumbai,1,34,55.16,1663,0,0
105.0,Fashion,UPI,Mobile,Delhi,0,5,448.04,726,0,0
43.58,Utilities,Debit Card,POS,Delhi,0,150,428.63,779,0,0
69.09,Grocery,Debit Card,POS,Kolkata,0,148,485.72,1538,0,0
143.0,Electronics,Debit Card,Desktop,Chennai,0,103,356.17,1014,0,0
130.44,Food,PayPal,Desktop,Mumbai,0,175,326.28,1523,0,0
161.05,Fashion,Debit Card,Desktop,Bengaluru,0,34,462.51,1319,0,0
4.92,Electronics,PayPal,POS,Hyderabad,0,172,473.73,1015,0,0
94.23,Health,UPI,Desktop,Hyderabad,0,6,439.97,1968,0,0
12.06,Utilities,Credit Card,Mobile,Delhi,0,184,432.12,1797,0,0
43.0,Food,NetBanking,Desktop,Kolkata,0,29,339.13,1162,0,0
63.63,Travel,UPI,Desktop,Mumbai,1,53,10.79,1542,0,0
41.23,Utilities,PayPal,POS,Bengaluru,0,1,220.46,1231,0,0
58.65,Electronics,UPI,Mobile,Hyderabad,0,59,321.47,278,0,0
453.0,Grocery,NetBanking,POS,Mumbai,0,176,278.09,1889,0,0
11.62,Entertainment,Credit Card,Mobile,Bengaluru,0,7,412.35,1925,0,0
90.03,Fashion,NetBanking,Mobile,Pune,0,160,411.26,1058,0,0
40.33,Food,PayPal,Desktop,Delhi,0,78,303.35,1210,0,0
11.42,Electronics,NetBanking,Desktop,Chennai,0,189,20.78,259,0,0
13.83,Travel,UPI,POS,Hyderabad,0,185,190.97,657,0,0
238.5,Entertainment,Debit Card,POS,Hyderabad,0,51,122.12,1314,0,0
169.36,Fashion,UPI,POS,Bengaluru,0,147,176.01,857,0,0
190.05,Fashion,PayPal,Mobile,Chennai,0,27,312.47,350,0,0
381.72,Electronics,Credit Card,POS,Pune,0,63,42.57,1180,0,0
18.69,Travel,NetBanking,Mobile,Mumbai,0,188,20.9,57,0,0
35.13,Health,Credit Card,Mobile,Delhi,0,61,224.07,880,0,0
88.5,Entertainment,PayPal,Mobile,Mumbai,1,61,398.85,539,0,1
52.9,Health,NetBanking,Mobile,Bengaluru,0,126,25.04,257,0,0
43.36,Food,UPI,Mobile,Hyderabad,0,45,426.03,670,0,0
35.43,Electronics,UPI,Desktop,Pune,0,149,198.1,570,0,1
72.07,Entertainment,PayPal,Mobile,Hyderabad,0,172,67.94,1232,0,0
68.57,Food,NetBanking,Mobile,Mumbai,0,129,288.07,1729,1,1
14.09,Utilities,UPI,Desktop,Pune,0,95,476.66,701,0,0
51.05,Health,PayPal,Desktop,Kolkata,0,91,275.83,1885,0,0
64.5,Utilities,PayPal,Desktop,Delhi,1,44,346.45,939,0,0
67.57,Utilities,Credit Card,POS,Bengaluru,0,62,410.05,1341,0,0
18.87,Entertainment,UPI,POS,Delhi,0,61,401.68,1547,0,0
108.47,Fashion,NetBanking,Mobile,Bengaluru,0,79,45.83,1318,0,0
2.04,Food,UPI,Mobile,Delhi,0,89,373.09,1520,0,0
35.06,Utilities,UPI,Mobile,Kolkata,0,112,475.23,1448,0,0
121.21,Travel,UPI,Mobile,Mumbai,0,111,353.32,1485,0,0
66.39,Grocery,PayPal,Desktop,Chennai,0,50,419.86,1488,0,0
24.21,Health,Debit Card,POS,Pune,0,41,247.92,1441,0,0
94.98,Health,Debit Card,Desktop,Bengaluru,0,33,166.34,838,0,0
67.03,Travel,Credit Card,POS,Mumbai,0,12,341.36,1590,0,0
127.27,Entertainment,UPI,Desktop,Hyderabad,0,2,251.18,1198,0,0
106.25,Entertainment,Debit Card,Mobile,Hyderabad,0,107,448.69,1228,0,0
75.35,Entertainment,Credit Card,POS,Delhi,0,149,487.45,549,0,0
53.58,Food,PayPal,Mobile,Hyderabad,0,142,411.7,1367,0,0
11.43,Electronics,UPI,POS,Chennai,0,34,496.41,1674,0,0
24.23,Utilities,NetBanking,POS,Bengaluru,0,85,180.7,1182,0,0
43.45,Fashion,PayPal,Mobile,Delhi,0,192,448.92,543,1,1
73.16,Grocery,Credit Card,Mobile,Bengaluru,0,151,171.67,1063,0,0
57.68,Electronics,PayPal,Mobile,Bengaluru,0,85,67.84,376,0,0
27.19,Electronics,NetBanking,Desktop,Kolkata,0,50,314.47,146,0,0
0.52,Travel,PayPal,POS,Mumbai,0,142,232.94,440,0,0
54.85,Food,Credit Card,POS,Hyderabad,0,106,461.63,1450,0,0
26.91,Health,NetBanking,POS,Pune,0,46,251.18,1884,0,0
106.12,Health,NetBanking,Mobile,Bengaluru,0,118,464.54,1064,0,0
1.94,Travel,PayPal,POS,Chennai,0,5,48.53,1451,0,0
70.32,Food,NetBanking,POS,Kolkata,0,66,416.95,1661,0,1
227.06,Travel,PayPal,Mobile,Chennai,1,150,381.97,1945,0,0
15.33,Health,UPI,Mobile,Pune,0,70,362.79,1146,0,0
51.04,Electronics,NetBanking,POS,Hyderabad,0,108,184.02,1155,0,0
7.67,Fashion,PayPal,Desktop,Hyderabad,0,2,394.04,127,0,0
78.61,Utilities,UPI,Mobile,Delhi,1,29,246.82,311,0,0
63.98,Entertainment,NetBanking,Desktop,Delhi,0,61,360.45,836,1,0
41.85,Food,UPI,Desktop,Delhi,0,100,280.59,889,0,0
58.95,Utilities,NetBanking,Desktop,Hyderabad,0,128,87.15,1721,0,0
181.51,Grocery,Credit Card,Desktop,Bengaluru,0,199,41.63,686,1,1
17.48,Grocery,Credit Card,Mobile,Mumbai,0,144,189.43,1474,1,1
1.83,Electronics,PayPal,POS,Pune,0,192,467.07,1417,0,0
158.25,Travel,Debit Card,POS,Kolkata,0,97,269.57,240,0,0
68.85,Travel,Credit Card,Mobile,Pune,0,97,403.07,1720,0,0
177.06,Health,Debit Card,Mobile,Pune,0,14,292.22,1807,0,0
72.69,Electronics,UPI,Desktop,Delhi,0,43,479.37,537,0,0
132.93,Health,UPI,Desktop,Mumbai,0,171,191.03,1129,0,0
44.92,Health,Debit Card,Mobile,Chennai,0,70,37.95,1376,0,0
110.86,Grocery,PayPal,POS,Hyderabad,0,55,392.53,1943,0,0
195.39,Health,NetBanking,Desktop,Chennai,0,31,355.67,481,0,0
67.91,Utilities,Debit Card,Mobile,Delhi,0,76,268.49,716,0,0
15.95,Entertainment,Debit Card,Mobile,Bengaluru,0,168,169.93,652,0,0
25.05,Health,Debit Card,Mobile,Kolkata,0,155,102.25,1000,0,0
17.72,Grocery,Debit Card,Desktop,Kolkata,0,52,246.32,959,0,0
22.68,Entertainment,Debit Card,Mobile,Delhi,0,128,336.44,47,0,0
29.27,Travel,PayPal,POS,Mumbai,0,7,293.65,1344,0,0
64.8,Food,Credit Card,Mobile,Kolkata,0,174,224.37,815,0,0
70.94,Fashion,NetBanking,Desktop,Delhi,0,100,274.45,1803,0,0
44.48,Health,Credit Card,POS,Pune,1,161,62.9,227,0,0
76.45,Utilities,Debit Card,POS,Bengaluru,0,136,350.96,1215,0,1
6.81,Entertainment,Credit Card,Mobile,Bengaluru,0,133,369.79,446,0,0
7.35,Food,PayPal,Mobile,Hyderabad,0,61,15.61,413,0,0
15.08,Grocery,UPI,POS,Hyderabad,0,104,142.55,229,0,0
58.4,Food,Credit Card,Mobile,Pune,0,188,55.14,1799,0,0
19.26,Fashion,NetBanking,Desktop,Bengaluru,0,152,499.13,924,0,0
26.65,Utilities,PayPal,POS,Pune,0,7,300.74,1905,0,0
40.91,Food,UPI,Mobile,Bengaluru,1,189,238.21,1551,0,0
133.65,Utilities,PayPal,POS,Mumbai,0,83,236.87,1009,0,0
1.12,Entertainment,Debit Card,Mobile,Delhi,0,95,482.74,1096,0,0
83.84,Food,UPI,Mobile,Hyderabad,0,164,333.33,111,0,1
88.42,Utilities,NetBanking,Desktop,Mumbai,0,27,92.64,1592,0,0
128.22,Food,UPI,Mobile,Kolkata,0,124,229.6,1357,0,0
215.95,Food,NetBanking,Mobile,Delhi,0,157,389.36,1634,0,0
1.63,Electronics,Debit Card,Mobile,Hyderabad,0,87,217.44,1252,0,0
13.36,Health,NetBanking,Desktop,Kolkata,0,148,161.67,1459,0,0
173.84,Grocery,PayPal,Mobile,Pune,0,70,495.7,1983,0,0
49.08,Fashion,Credit Card,Mobile,Kolkata,0,114,468.46,1480,0,0
66.52,Grocery,PayPal,Mobile,Mumbai,0,76,471.36,1514,0,0
87.02,Electronics,PayPal,POS,Chennai,0,114,74.52,913,0,0
90.92,Electronics,UPI,Desktop,Kolkata,0,3,124.79,509,0,0
214.75,Entertainment,Debit Card,POS,Chennai,0,167,226.61,757,0,0
463.39,Electronics,Credit Card,Desktop,Hyderabad,0,99,417.74,153,0,1
101.88,Health,NetBanking,Desktop,Mumbai,0,124,371.05,557,0,0
27.09,Electronics,UPI,POS,Kolkata,0,45,426.34,1691,0,0
169.46,Food,Debit Card,Desktop,Delhi,0,126,461.17,555,0,0
4.04,Grocery,Credit Card,Desktop,Kolkata,0,68,392.58,68,0,0
21.02,Travel,PayPal,POS,Delhi,1,31,138.27,1252,0,1
182.14,Fashion,Debit Card,Mobile,Mumbai,0,106,149.87,137,1,1
23.68,Electronics,Debit Card,Desktop,Chennai,0,38,182.72,297,0,0
19.94,Grocery,Debit Card,POS,Mumbai,1,134,158.51,1406,0,0
11.89,Entertainment,PayPal,Desktop,Chennai,1,8,132.06,340,0,0
156.78,Electronics,NetBanking,POS,Chennai,0,28,378.72,1443,0,0
55.46,Health,UPI,Mobile,Pune,0,15,26.66,69,0,0
89.89,Electronics,NetBanking,Desktop,Pune,1,8,366.91,1912,0,1
21.86,Electronics,Credit Card,Mobile,Delhi,0,54,413.55,810,0,0
113.52,Utilities,UPI,Mobile,Hyderabad,0,134,42.36,610,0,0
114.17,Utilities,Credit Card,POS,Bengaluru,0,29,40.31,181,0,0
29.99,Electronics,PayPal,Desktop,Mumbai,0,115,149.88,216,0,0
42.3,Entertainment,NetBanking,Desktop,Chennai,0,34,112.07,459,0,0
18.83,Utilities,Debit Card,Desktop,Mumbai,0,7,294.76,1917,0,1
300.27,Electronics,UPI,Desktop,Hyderabad,0,40,340.97,486,0,0
82.99,Fashion,Debit Card,Desktop,Hyderabad,0,74,320.73,782,0,0
218.11,Grocery,Credit Card,POS,Bengaluru,0,141,185.1,1280,0,0
28.92,Utilities,Debit Card,Desktop,Kolkata,0,62,254.21,1481,0,0
121.82,Utilities,Debit Card,Mobile,Bengaluru,0,86,323.6,233,1,1
116.15,Health,PayPal,Mobile,Chennai,0,116,68.52,808,0,0
94.12,Electronics,PayPal,Desktop,Pune,0,65,122.46,147,0,0
269.67,Electronics,NetBanking,POS,Kolkata,0,41,446.34,1882,0,0
40.01,Electronics,Credit Card,POS,Bengaluru,0,123,177.74,1857,0,0
11.21,Electronics,PayPal,Desktop,Pune,0,170,402.57,1447,0,0
89.11,Utilities,PayPal,Mobile,Kolkata,0,116,132.98,251,0,0
104.54,Food,NetBanking,Desktop,Pune,0,66,30.4,926,0,0
68.46,Food,UPI,Desktop,Chennai,0,116,255.2,92,0,0
18.54,Travel,NetBanking,Desktop,Delhi,0,139,447.32,425,0,0
56.17,Electronics,Debit Card,POS,Pune,0,101,411.45,34,0,0
29.94,Travel,Debit Card,POS,Chennai,0,50,133.94,1387,0,1
44.61,Fashion,PayPal,Mobile,Bengaluru,0,71,455.87,1345,0,0
82.9,Travel,PayPal,Mobile,Mumbai,0,163,245.06,537,0,0
109.39,Grocery,NetBanking,Desktop,Bengaluru,0,80,34.01,174,1,1
21.14,Food,NetBanking,Mobile,Hyderabad,0,79,23.68,983,0,0
41.58,Food,Credit Card,Desktop,Bengaluru,0,20,247.71,691,0,0
25.09,Electronics,Debit Card,Mobile,Delhi,0,156,277.7,1212,0,0
17.71,Utilities,NetBanking,Desktop,Chennai,0,123,49.16,1975,0,0
122.37,Electronics,UPI,POS,Pune,0,37,461.9,810,0,0
191.97,Fashion,Credit Card,Desktop,Hyderabad,1,3,361.93,988,0,0
36.99,Health,NetBanking,POS,Chennai,0,93,402.63,992,0,0
111.31,Fashion,PayPal,POS,Chennai,0,187,296.17,1884,0,0
181.84,Grocery,NetBanking,Mobile,Pune,0,101,335.14,40,0,0
149.73,Electronics,PayPal,Mobile,Kolkata,0,155,200.05,98,0,0
16.15,Electronics,PayPal,POS,Bengaluru,0,32,342.86,1757,0,0
250.42,Fashion,Debit Card,Desktop,Mumbai,1,48,489.31,1667,0,0
37.82,Fashion,Debit Card,Desktop,Kolkata,0,46,327.38,993,0,0
33.15,Fashion,NetBanking,Mobile,Hyderabad,0,114,177.4,1597,0,0
5.16,Food,NetBanking,Desktop,Pune,0,95,149.77,231,0,0
53.27,Travel,UPI,Desktop,Delhi,0,47,482.04,295,1,0
9.23,Travel,Credit Card,Desktop,Delhi,0,40,100.65,137,0,0
22.86,Electronics,Credit Card,POS,Mumbai,0,131,405.04,1107,0,0
30.49,Food,NetBanking,POS,Mumbai,1,116,237.98,980,1,1
132.37,Fashion,Debit Card,Desktop,Bengaluru,0,157,227.44,1391,0,0
166.67,Electronics,UPI,Mobile,Delhi,0,91,376.29,219,0,0
28.82,Food,Credit Card,Desktop,Hyderabad,0,58,82.54,268,0,0
156.55,Grocery,NetBanking,Mobile,Pune,0,178,238.49,980,0,0
155.72,Health,Debit Card,POS,Mumbai,0,10,27.56,372,0,0
115.73,Food,Debit Card,Desktop,Mumbai,0,61,338.5,1903,0,0
12.69,Entertainment,Debit Card,Desktop,Mumbai,0,111,38.6,320,0,0
93.78,Electronics,PayPal,Mobile,Pune,0,121,52.77,1376,0,0
232.07,Utilities,Debit Card,Mobile,Hyderabad,0,61,423.96,350,0,0
91.79,Travel,NetBanking,Desktop,Delhi,0,151,227.05,1838,0,0
32.23,Entertainment,UPI,Desktop,Kolkata,0,6,108.48,71,0,0
55.54,Fashion,NetBanking,Mobile,Hyderabad,0,75,300.37,984,0,0
83.01,Health,Debit Card,POS,Pune,1,188,264.45,1251,0,0
57.16,Utilities,UPI,Mobile,Hyderabad,1,115,211.35,918,0,0
10.22,Grocery,Credit Card,Desktop,Bengaluru,0,155,453.65,662,0,0
29.92,Utilities,Credit Card,POS,Kolkata,0,183,377.23,1960,0,0
129.72,Health,NetBanking,POS,Pune,0,31,84.28,875,0,1
158.1,Utilities,UPI,POS,Kolkata,0,123,289.68,313,0,0
11.82,Health,NetBanking,POS,Kolkata,0,158,53.48,836,0,0
243.57,Food,UPI,Desktop,Mumbai,0,67,129.88,211,0,0
31.9,Electronics,UPI,POS,Delhi,0,13,455.83,1665,0,0
86.85,Utilities,NetBanking,Mobile,Kolkata,0,59,236.42,1064,0,0
111.49,Utilities,UPI,Mobile,Bengaluru,0,54,447.13,1936,0,0
133.68,Electronics,Debit Card,Mobile,Bengaluru,0,104,91.34,774,0,0
233.13,Health,UPI,Desktop,Pune,0,21,110.62,471,1,1
30.02,Fashion,UPI,POS,Chennai,0,43,182.88,658,0,0
156.44,Electronics,NetBanking,Mobile,Mumbai,0,11,189.5,1477,1,1
11.3,Health,Credit Card,Mobile,Delhi,0,109,375.19,1553,0,0
97.67,Electronics,PayPal,Mobile,Delhi,0,67,303.71,417,0,0
108.38,Fashion,UPI,POS,Delhi,0,166,281.09,605,0,0
90.59,Grocery,PayPal,Mobile,Pune,0,95,305.16,1741,0,0
23.26,Entertainment,UPI,POS,Mumbai,0,152,368.77,483,0,0
165.11,Health,NetBanking,POS,Kolkata,0,106,447.48,1648,0,0
14.8,Travel,NetBanking,POS,Kolkata,0,51,213.22,956,0,0
4.41,Travel,UPI,Desktop,Pune,0,189,403.43,1055,0,0
101.12,Health,NetBanking,Desktop,Delhi,0,46,252.6,840,0,0
51.62,Food,NetBanking,POS,Kolkata,1,43,363.82,1782,0,0
151.29,Grocery,UPI,POS,Hyderabad,0,27,438.66,1295,0,1
38.68,Food,Credit Card,Desktop,Hyderabad,0,85,25.79,838,0,0
14.74,Entertainment,UPI,Desktop,Mumbai,0,158,277.85,1113,0,0
144.85,Travel,Credit Card,POS,Delhi,1,94,494.8,397,0,0
63.69,Fashion,NetBanking,Desktop,Pune,0,127,253.15,1768,0,0
16.78,Health,Credit Card,Mobile,Chennai,0,191,433.51,971,0,0
101.95,Entertainment,NetBanking,POS,Chennai,0,10,101.09,69,0,0
57.25,Utilities,Credit Card,POS,Chennai,0,131,306.1,1368,0,0
74.17,Utilities,Credit Card,Desktop,Hyderabad,0,60,436.45,586,0,1
49.43,Electronics,UPI,Mobile,Pune,0,27,221.45,1351,0,0
141.15,Travel,Credit Card,Desktop,Chennai,0,123,248.49,1684,0,0
141.55,Grocery,NetBanking,Mobile,Delhi,0,173,50.19,946,0,0
98.86,Travel,UPI,Mobile,Delhi,0,62,30.66,1050,0,0
8.91,Grocery,Credit Card,POS,Chennai,0,152,239.67,672,1,1
146.04,Grocery,UPI,Mobile,Bengaluru,0,46,423.3,479,0,0
88.94,Health,PayPal,POS,Chennai,0,126,466.35,424,0,0
95.53,Grocery,UPI,Mobile,Bengaluru,0,172,332.74,821,0,0
36.08,Food,PayPal,POS,Mumbai,0,63,414.94,1615,0,0
169.14,Utilities,PayPal,Mobile,Mumbai,0,4,370.08,117,0,1
103.39,Entertainment,UPI,Desktop,Delhi,0,16,353.73,562,0,0
9.56,Fashion,NetBanking,Mobile,Pune,0,179,386.83,1974,0,0
41.91,Travel,NetBanking,Desktop,Hyderabad,0,74,257.6,1441,0,0
173.99,Fashion,NetBanking,Mobile,Pune,0,112,234.39,773,0,0
3.87,Entertainment,Debit Card,Mobile,Delhi,0,101,87.98,410,0,1
260.39,Electronics,PayPal,POS,Delhi,1,176,423.47,1608,0,0
90.95,Entertainment,UPI,Mobile,Pune,0,193,31.86,460,0,0
79.84,Travel,NetBanking,Mobile,Hyderabad,0,197,141.05,1588,0,0
25.24,Utilities,NetBanking,Mobile,Delhi,0,45,264.76,1269,0,0
22.89,Fashion,UPI,Desktop,Kolkata,0,131,486.08,306,0,0
227.87,Fashion,PayPal,POS,Kolkata,1,17,395.13,223,0,0
28.34,Health,UPI,POS,Hyderabad,0,165,190.65,1780,0,0
119.51,Health,Debit Card,Mobile,Delhi,0,5,359.83,208,0,0
39.95,Entertainment,Debit Card,Mobile,Kolkata,0,175,466.37,1196,0,0
12.0,Entertainment,UPI,Desktop,Mumbai,0,44,274.05,1879,0,0
0.86,Electronics,PayPal,Mobile,Bengaluru,0,161,236.35,1591,0,0
62.87,Grocery,NetBanking,POS,Delhi,0,21,280.97,247,0,0
297.64,Travel,Debit Card,POS,Bengaluru,0,195,162.65,1564,0,0
36.85,Health,Debit Card,Desktop,Chennai,0,68,454.6,1017,0,0
35.35,Travel,PayPal,Desktop,Kolkata,0,32,400.67,1112,1,0
33.74,Electronics,Debit Card,POS,Delhi,1,24,355.69,1399,0,1
58.81,Health,Debit Card,Desktop,Mumbai,0,163,298.66,586,0,0
46.48,Health,PayPal,Mobile,Hyderabad,0,146,485.04,1472,0,1
169.56,Grocery,UPI,Mobile,Mumbai,0,67,155.88,1277,0,0
56.34,Travel,NetBanking,Desktop,Bengaluru,0,103,148.74,1403,1,1
56.7,Utilities,NetBanking,POS,Hyderabad,0,54,128.65,797,1,0
11.91,Travel,Debit Card,Desktop,Mumbai,0,154,373.47,1675,0,1
324.75,Travel,NetBanking,POS,Mumbai,0,188,400.67,1885,0,0
23.01,Grocery,UPI,Desktop,Mumbai,0,125,302.59,1905,0,0
6.1,Health,Debit Card,Desktop,Pune,0,117,329.47,1815,0,0
87.05,Electronics,NetBanking,Desktop,Hyderabad,0,65,180.99,106,0,0
72.38,Travel,Credit Card,Mobile,Mumbai,0,179,29.48,1848,0,0
42.91,Fashion,Credit Card,Mobile,Kolkata,0,114,134.28,628,0,0
43.88,Utilities,Credit Card,POS,Kolkata,0,188,296.31,1815,0,0
122.99,Utilities,Credit Card,Desktop,Mumbai,0,187,408.34,1261,0,0
17.42,Grocery,Credit Card,Mobile,Bengaluru,0,76,390.83,1212,0,0
137.3,Food,Debit Card,Desktop,Mumbai,1,17,97.95,553,0,0
83.7,Electronics,PayPal,POS,Kolkata,0,149,35.21,1278,0,0
43.44,Fashion,PayPal,Mobile,Mumbai,1,195,426.77,1411,0,0
49.0,Travel,Debit Card,POS,Chennai,0,108,47.04,842,0,0
23.73,Food,Debit Card,Mobile,Hyderabad,0,28,202.72,413,0,1
111.58,Electronics,UPI,Desktop,Chennai,0,44,56.17,1597,0,0
57.54,Grocery,PayPal,POS,Pune,0,198,286.38,1619,0,0
30.95,Food,Credit Card,Mobile,Bengaluru,1,190,188.03,533,0,0
72.52,Health,Debit Card,Mobile,Chennai,0,170,109.22,1503,0,1
436.57,Entertainment,Credit Card,Desktop,Pune,0,94,301.63,271,0,0
45.71,Food,PayPal,POS,Delhi,0,22,188.06,398,0,0
202.75,Entertainment,NetBanking,POS,Hyderabad,0,38,91.73,1680,0,0
33.85,Utilities,NetBanking,POS,Mumbai,0,14,353.04,1524,0,0
4.5,Fashion,Debit Card,Desktop,Chennai,0,111,420.04,317,0,0
18.28,Electronics,UPI,Mobile,Chennai,0,122,144.13,428,0,0
43.4,Fashion,Credit Card,Mobile,Mumbai,0,154,101.35,133,0,1
19.84,Fashion,Debit Card,POS,Mumbai,0,168,46.87,1364,1,0
0.02,Travel,UPI,Mobile,Bengaluru,0,54,268.67,1862,0,0
197.21,Grocery,Credit Card,POS,Chennai,0,141,417.33,156,0,1
148.57,Food,PayPal,Desktop,Chennai,0,127,132.89,69,0,0
108.47,Electronics,NetBanking,Desktop,Kolkata,0,19,235.71,1125,0,0
14.7,Utilities,UPI,Desktop,Delhi,0,42,88.79,1800,0,0
10.26,Health,Credit Card,POS,Kolkata,0,41,208.06,911,0,0
5.6,Grocery,Debit Card,Mobile,Pune,1,50,17.57,974,0,0
103.0,Grocery,Credit Card,Desktop,Delhi,0,131,456.26,276,0,0
211.39,Electronics,Debit Card,POS,Kolkata,0,159,341.52,1859,0,0
45.04,Grocery,NetBanking,POS,Chennai,0,76,173.08,1300,0,0
10.15,Travel,NetBanking,Desktop,Delhi,0,143,441.79,341,0,1
57.46,Grocery,Credit Card,Desktop,Chennai,0,182,99.64,63,0,0
34.32,Utilities,Credit Card,Desktop,Hyderabad,0,181,48.58,158,0,0
37.58,Utilities,Debit Card,Mobile,Bengaluru,0,173,471.88,39,0,0
77.69,Travel,Debit Card,Mobile,Delhi,0,166,161.42,1221,0,0
101.47,Food,UPI,POS,Chennai,0,99,468.63,1837,1,0
9.38,Food,UPI,Desktop,Delhi,0,50,322.43,1269,0,0
2.9,Fashion,UPI,Desktop,Pune,1,152,490.22,971,0,1
413.81,Utilities,Credit Card,Mobile,Bengaluru,0,145,379.18,1461,0,0
21.19,Travel,UPI,Desktop,Hyderabad,0,146,61.69,1805,0,0
4.43,Health,Credit Card,POS,Mumbai,0,42,427.59,1579,0,0
16.85,Food,NetBanking,Desktop,Mumbai,0,145,82.46,1655,0,0
3.18,Grocery,PayPal,Mobile,Delhi,0,16,349.18,964,0,0
39.78,Electronics,NetBanking,POS,Chennai,0,85,255.2,1071,0,0
129.72,Electronics,Credit Card,POS,Pune,0,52,356.79,369,0,0
33.39,Entertainment,Credit Card,Desktop,Bengaluru,0,36,384.84,710,0,0
46.99,Utilities,PayPal,POS,Hyderabad,1,107,403.8,1621,1,0
90.06,Travel,Debit Card,Desktop,Hyderabad,0,167,419.14,1729,0,0
56.89,Health,Debit Card,Desktop,Kolkata,1,81,425.14,1717,0,0
158.12,Fashion,Debit Card,Mobile,Hyderabad,0,153,212.16,1143,0,0
160.81,Grocery,UPI,POS,Mumbai,0,115,445.72,1338,0,0
0.8,Travel,Debit Card,Desktop,Bengaluru,0,42,362.59,563,0,0
120.42,Entertainment,UPI,Desktop,Kolkata,0,149,421.1,1320,0,0
49.4,Electronics,UPI,Desktop,Mumbai,1,68,494.7,838,0,0
359.64,Travel,Debit Card,POS,Delhi,0,187,67.04,462,0,0
52.81,Grocery,Debit Card,POS,Hyderabad,0,124,191.58,787,0,0
346.79,Health,PayPal,POS,Bengaluru,1,30,405.21,680,0,0
112.38,Utilities,PayPal,Desktop,Hyderabad,0,185,52.29,1105,0,0
22.87,Health,UPI,POS,Mumbai,0,33,274.98,1120,0,0
61.84,Food,PayPal,Desktop,Mumbai,0,103,430.61,626,0,0
387.63,Grocery,UPI,POS,Mumbai,0,53,19.31,279,0,1
155.89,Entertainment,Credit Card,POS,Hyderabad,0,144,470.36,1384,0,0
8.2,Food,UPI,Desktop,Bengaluru,0,177,489.29,933,0,0
98.04,Food,UPI,POS,Bengaluru,0,133,167.92,444,0,0
33.92,Food,PayPal,Desktop,Delhi,0,106,385.73,1176,0,0
0.56,Travel,Credit Card,POS,Hyderabad,0,77,72.32,1255,0,0
41.33,Entertainment,NetBanking,POS,Delhi,0,94,388.7,35,0,0
21.4,Electronics,NetBanking,POS,Pune,0,60,245.95,878,0,0
136.68,Health,NetBanking,POS,Delhi,0,199,431.53,1539,0,0
32.92,Utilities,Credit Card,Mobile,Delhi,0,111,114.18,1252,0,0
140.6,Travel,Debit Card,Desktop,Delhi,0,55,339.6,1789,0,0
0.05,Electronics,Credit Card,Mobile,Mumbai,0,91,395.2,42,0,0
29.43,Health,PayPal,POS,Pune,0,163,109.22,35,0,0
22.08,Utilities,UPI,POS,Kolkata,0,197,410.96,1464,0,0
21.28,Entertainment,UPI,Desktop,Delhi,0,42,479.41,1174,1,0
5.65,Utilities,PayPal,Desktop,Bengaluru,1,69,311.88,1610,0,1
16.57,Entertainment,PayPal,Desktop,Delhi,0,24,394.58,1415,0,0
64.87,Grocery,UPI,Desktop,Mumbai,0,199,270.97,567,0,0
27.55,Utilities,Debit Card,POS,Chennai,0,199,303.07,33,0,0
43.22,Health,Debit Card,Desktop,Kolkata,0,118,16.54,1858,0,0
37.84,Health,Debit Card,Mobile,Pune,0,183,266.9,1842,0,0
166.94,Entertainment,PayPal,Desktop,Chennai,0,142,292.03,313,0,0
188.56,Health,UPI,Desktop,Chennai,0,55,338.32,751,0,0
54.33,Fashion,UPI,Mobile,Pune,0,15,93.0,1045,0,0
32.06,Grocery,UPI,Mobile,Hyderabad,0,5,128.27,1853,0,1
9.04,Travel,Credit Card,Mobile,Kolkata,0,101,380.44,1412,0,0
245.3,Utilities,Credit Card,Mobile,Kolkata,1,132,92.14,722,0,1
4.97,Travel,NetBanking,Desktop,Bengaluru,1,30,213.85,1818,0,1
28.27,Electronics,Credit Card,Mobile,Mumbai,0,53,132.74,1982,0,0
28.31,Travel,Debit Card,POS,Pune,0,73,277.14,1335,0,0
30.9,Food,Debit Card,Desktop,Chennai,0,30,493.57,686,0,0
14.36,Health,Debit Card,POS,Mumbai,0,104,427.5,981,0,0
122.29,Travel,Debit Card,Desktop,Mumbai,0,105,142.04,657,0,0
10.45,Electronics,NetBanking,Desktop,Hyderabad,0,108,190.62,1402,0,0
80.61,Electronics,Debit Card,POS,Chennai,0,84,460.13,1009,0,0
10.58,Food,PayPal,Mobile,Delhi,0,92,450.16,1083,0,0
5.85,Electronics,PayPal,Mobile,Mumbai,0,189,88.66,1942,0,0
192.13,Entertainment,PayPal,POS,Chennai,0,71,416.34,1807,0,0
16.87,Fashion,Credit Card,Mobile,Kolkata,0,68,155.83,1570,0,0
137.74,Entertainment,UPI,Desktop,Mumbai,0,55,276.46,403,0,0
62.93,Health,NetBanking,Desktop,Hyderabad,0,99,12.5,1827,0,0
6.48,Health,PayPal,Desktop,Hyderabad,1,97,499.31,1671,0,0
248.89,Health,PayPal,Mobile,Delhi,0,71,382.94,1177,0,0
22.69,Grocery,Debit Card,Mobile,Hyderabad,0,73,128.45,1499,0,0
157.09,Travel,PayPal,POS,Chennai,0,170,345.06,1040,0,0
14.79,Fashion,Debit Card,Desktop,Pune,0,77,153.72,1447,0,0
153.9,Travel,Debit Card,POS,Hyderabad,0,157,53.83,1891,0,0
1.07,Fashion,UPI,Mobile,Pune,0,163,218.4,679,0,0
57.36,Travel,Credit Card,POS,Delhi,0,173,310.72,1671,0,0
117.38,Food,Debit Card,Mobile,Kolkata,0,108,53.99,754,0,1
218.42,Utilities,Debit Card,Desktop,Bengaluru,0,90,264.02,841,0,0
191.93,Entertainment,UPI,Desktop,Mumbai,0,99,262.28,1109,0,0
137.02,Electronics,Debit Card,Mobile,Mumbai,0,157,318.04,161,0,0
175.28,Electronics,NetBanking,Mobile,Chennai,0,198,129.88,810,0,0
17.77,Entertainment,Credit Card,Mobile,Delhi,0,3,20.11,151,0,0
26.75,Food,NetBanking,Desktop,Delhi,0,185,169.18,231,0,0
27.28,Fashion,PayPal,Mobile,Delhi,0,194,205.3,1773,0,0
37.86,Entertainment,Credit Card,Desktop,Mumbai,0,119,321.51,1840,0,0
39.98,Grocery,PayPal,POS,Hyderabad,0,150,465.78,1655,0,0
62.92,Fashion,Debit Card,Desktop,Mumbai,0,111,109.66,731,0,0
13.94,Electronics,UPI,POS,Mumbai,0,155,346.79,1318,0,0
94.02,Grocery,NetBanking,Desktop,Mumbai,1,22,57.73,587,0,0
14.67,Travel,PayPal,Desktop,Kolkata,0,116,103.4,1877,0,0
29.72,Grocery,Debit Card,Mobile,Kolkata,0,113,259.48,1895,0,0
55.99,Fashion,NetBanking,Desktop,Hyderabad,0,177,357.11,1093,0,0
127.34,Food,NetBanking,Mobile,Bengaluru,0,24,430.7,608,0,0
107.6,Travel,PayPal,Mobile,Chennai,0,27,374.51,1166,0,0
82.97,Fashion,Debit Card,Mobile,Bengaluru,0,36,17.52,1392,0,0
13.55,Travel,UPI,Desktop,Bengaluru,0,107,345.13,1115,0,0
63.36,Grocery,PayPal,Mobile,Mumbai,0,145,414.08,256,0,0
7.32,Electronics,NetBanking,POS,Bengaluru,0,56,267.51,203,0,0
37.9,Fashion,NetBanking,POS,Mumbai,0,10,483.14,1049,0,0
42.69,Utilities,Credit Card,Desktop,Mumbai,0,54,12.11,1187,0,0
3.25,Food,Debit Card,Mobile,Chennai,0,81,411.14,1338,0,0
25.62,Utilities,Credit Card,POS,Delhi,0,108,174.06,1840,0,0
249.25,Utilities,UPI,Desktop,Mumbai,1,166,328.72,1679,0,0
245.69,Entertainment,PayPal,Desktop,Kolkata,0,81,349.81,1161,0,0
34.75,Grocery,NetBanking,Desktop,Bengaluru,0,127,160.06,172,0,0
3.52,Fashion,Debit Card,Desktop,Chennai,0,98,497.76,598,0,0
15.79,Food,NetBanking,Desktop,Pune,0,132,60.59,1347,0,0
39.84,Fashion,Credit Card,Mobile,Pune,0,178,86.94,306,0,0
236.18,Grocery,Credit Card,Mobile,Pune,0,61,447.17,1545,0,0
12.18,Fashion,PayPal,Mobile,Bengaluru,0,149,68.4,1616,1,1
115.35,Travel,Debit Card,Mobile,Delhi,0,36,196.83,1988,0,0
9.2,Grocery,Debit Card,Desktop,Hyderabad,0,102,369.24,1524,0,0
318.16,Fashion,PayPal,Desktop,Delhi,0,46,397.83,305,1,0
38.45,Entertainment,Credit Card,POS,Chennai,0,95,477.79,263,1,1
119.42,Electronics,Credit Card,POS,Delhi,0,71,396.89,1295,0,0
33.56,Fashion,Credit Card,Mobile,Pune,0,44,423.82,1311,1,1
79.04,Travel,NetBanking,Desktop,Delhi,0,64,475.19,1802,0,0
17.06,Food,UPI,POS,Chennai,0,146,281.31,61,0,0
12.63,Entertainment,Credit Card,POS,Chennai,0,13,178.28,1420,1,0
222.53,Food,UPI,POS,Pune,0,13,383.19,1401,0,0
199.74,Utilities,UPI,POS,Kolkata,0,25,90.14,789,0,0
174.76,Entertainment,Debit Card,Mobile,Bengaluru,0,5,43.43,1185,0,0
78.56,Food,PayPal,Desktop,Mumbai,0,128,394.81,1828,0,0
132.13,Electronics,NetBanking,Mobile,Hyderabad,0,39,475.83,1824,1,0
5.72,Travel,UPI,POS,Hyderabad,0,157,226.8,822,0,0
32.61,Utilities,NetBanking,POS,Pune,0,108,88.96,1421,0,0
30.12,Grocery,Debit Card,Desktop,Kolkata,0,185,253.54,791,0,0
80.77,Food,Credit Card,Desktop,Hyderabad,1,174,202.73,294,0,0
35.2,Entertainment,UPI,Mobile,Delhi,0,161,192.51,244,0,0
12.86,Travel,PayPal,Desktop,Chennai,0,138,317.76,1268,0,0
72.6,Fashion,Debit Card,Mobile,Kolkata,0,186,95.62,311,0,0
134.73,Electronics,NetBanking,Mobile,Chennai,0,25,196.44,1885,0,0
38.52,Travel,Credit Card,POS,Pune,0,74,435.65,559,0,0
11.35,Travel,NetBanking,Mobile,Chennai,0,39,367.54,1912,0,0
17.52,Grocery,PayPal,POS,Mumbai,0,16,37.24,31,1,0
21.69,Travel,UPI,Mobile,Chennai,0,188,261.81,542,0,0
28.52,Grocery,PayPal,Mobile,Chennai,0,156,54.73,845,0,0
82.36,Electronics,NetBanking,Desktop,Kolkata,0,172,479.17,493,1,0
73.49,Electronics,NetBanking,Desktop,Delhi,0,186,129.87,1500,0,0
95.28,Fashion,PayPal,POS,Bengaluru,0,32,466.98,1416,0,0
36.02,Grocery,PayPal,Desktop,Hyderabad,0,63,418.66,1269,0,1
138.98,Grocery,PayPal,Mobile,Delhi,0,93,280.17,193,0,0
18.26,Food,Credit Card,POS,Delhi,0,45,174.79,1756,0,0
50.65,Food,NetBanking,POS,Delhi,0,53,430.39,1640,0,0
129.13,Fashion,Debit Card,POS,Hyderabad,0,189,84.86,567,0,0
15.89,Electronics,Credit Card,Mobile,Pune,1,50,98.19,540,0,0
9.31,Health,Credit Card,Desktop,Delhi,0,155,120.11,1827,0,0
172.12,Food,Credit Card,POS,Bengaluru,1,26,302.87,1847,1,1
33.6,Travel,Debit Card,Mobile,Pune,0,131,164.02,1274,0,0
92.13,Electronics,PayPal,Desktop,Chennai,0,90,494.7,584,0,0
2.05,Health,NetBanking,Desktop,Bengaluru,0,39,105.61,1687,0,0
93.71,Utilities,UPI,POS,Kolkata,0,193,404.75,670,0,0
30.4,Travel,UPI,Mobile,Pune,0,163,56.96,1830,0,0
4.59,Entertainment,NetBanking,Desktop,Chennai,0,53,183.19,1336,0,0
75.29,Grocery,Debit Card,Mobile,Chennai,0,174,129.44,1124,0,1
22.04,Electronics,UPI,Desktop,Delhi,0,196,488.65,1938,0,0
39.13,Entertainment,Credit Card,POS,Delhi,0,22,22.61,1427,0,0
6.72,Fashion,UPI,POS,Hyderabad,1,188,363.62,288,0,1
12.73,Grocery,NetBanking,Desktop,Mumbai,0,134,131.38,474,0,0
28.3,Grocery,Credit Card,Mobile,Bengaluru,0,52,407.51,1254,0,1
7.52,Travel,UPI,Desktop,Hyderabad,0,75,162.5,1695,0,0
193.37,Entertainment,NetBanking,Mobile,Hyderabad,1,73,101.77,1433,0,0
0.49,Grocery,Debit Card,Desktop,Bengaluru,0,29,349.59,1895,1,1
52.91,Food,NetBanking,POS,Pune,1,171,136.21,1646,0,1
10.52,Electronics,Debit Card,Mobile,Kolkata,0,122,247.92,795,0,0
29.42,Food,Credit Card,POS,Bengaluru,0,162,74.45,1468,0,0
208.36,Travel,NetBanking,Mobile,Chennai,0,159,365.05,94,0,0
14.11,Health,PayPal,Desktop,Kolkata,0,86,209.35,1431,0,0
270.12,Utilities,PayPal,POS,Mumbai,0,46,78.88,687,0,0
18.43,Travel,PayPal,POS,Pune,0,4,373.38,1699,0,0
108.25,Electronics,PayPal,Mobile,Delhi,0,2,60.65,1155,0,0
63.29,Grocery,PayPal,Mobile,Mumbai,0,133,291.66,1030,0,0
172.66,Entertainment,Debit Card,Mobile,Mumbai,0,46,307.67,71,0,0
64.59,Entertainment,NetBanking,POS,Delhi,0,79,465.87,908,0,0
61.18,Fashion,Credit Card,Desktop,Mumbai,0,147,83.98,225,0,0
17.4,Travel,PayPal,Mobile,Pune,0,166,330.14,1413,0,0
14.54,Electronics,PayPal,Desktop,Pune,0,59,196.58,1825,0,0
198.62,Fashion,Credit Card,Mobile,Pune,1,72,206.4,1152,0,1
31.78,Grocery,Credit Card,Desktop,Hyderabad,0,20,255.89,417,0,0
37.23,Health,PayPal,Mobile,Hyderabad,0,196,124.55,94,0,0
114.11,Travel,Debit Card,Desktop,Pune,0,53,235.98,1350,0,0
33.1,Health,Credit Card,POS,Delhi,0,107,346.55,1480,0,0
243.03,Electronics,NetBanking,Mobile,Delhi,0,55,233.99,252,0,0
107.13,Health,NetBanking,Mobile,Bengaluru,0,167,30.83,1810,0,0
72.79,Health,Debit Card,POS,Bengaluru,0,121,136.33,1748,0,0
170.22,Electronics,UPI,Mobile,Pune,0,164,182.22,944,0,0
4.07,Electronics,Debit Card,Mobile,Kolkata,0,186,183.81,1202,0,0
23.77,Travel,PayPal,POS,Mumbai,0,15,49.69,1562,0,0
50.04,Health,UPI,POS,Mumbai,1,1,230.29,471,0,0
20.6,Fashion,PayPal,Desktop,Delhi,1,95,349.06,1467,0,1
108.98,Utilities,NetBanking,POS,Kolkata,0,137,33.85,1169,0,0
201.27,Electronics,Credit Card,POS,Mumbai,0,151,377.95,932,0,0
44.1,Grocery,PayPal,Mobile,Chennai,0,180,478.0,482,0,0
33.5,Health,NetBanking,POS,Hyderabad,0,154,14.58,349,0,0
260.67,Electronics,Debit Card,Mobile,Mumbai,0,188,104.91,799,0,0
47.08,Fashion,PayPal,POS,Mumbai,0,18,276.31,912,0,0
53.72,Entertainment,NetBanking,POS,Bengaluru,0,105,116.84,1045,0,0
34.67,Travel,Credit Card,Desktop,Chennai,0,186,384.67,480,0,0
192.24,Health,PayPal,POS,Mumbai,0,65,162.95,925,0,0
67.32,Entertainment,NetBanking,POS,Hyderabad,0,77,153.88,1132,0,0
114.9,Electronics,PayPal,Mobile,Mumbai,0,116,10.45,772,0,0
133.62,Electronics,Credit Card,Mobile,Delhi,0,69,142.36,386,0,0
33.47,Grocery,PayPal,Desktop,Chennai,1,142,116.66,1172,0,0
45.49,Grocery,PayPal,POS,Mumbai,0,174,178.19,1639,0,0
150.96,Health,NetBanking,Mobile,Kolkata,0,197,82.35,1574,0,0
36.11,Entertainment,UPI,POS,Chennai,0,75,301.38,1332,0,1
126.37,Utilities,PayPal,Desktop,Mumbai,0,160,126.98,811,0,0
226.41,Entertainment,UPI,Mobile,Hyderabad,0,51,417.56,595,0,1
78.09,Electronics,Debit Card,Mobile,Hyderabad,0,197,149.43,1945,0,0
108.27,Utilities,PayPal,Desktop,Chennai,0,15,113.33,1098,0,0
130.82,Health,UPI,POS,Pune,0,181,37.81,1278,0,0
149.17,Electronics,Debit Card,Mobile,Bengaluru,0,199,372.55,557,0,0
40.21,Grocery,NetBanking,Mobile,Bengaluru,0,69,259.02,753,0,0
4.21,Fashion,PayPal,Desktop,Delhi,0,15,65.75,1765,0,0
41.12,Food,NetBanking,Desktop,Pune,0,30,118.45,270,0,0
89.61,Utilities,Debit Card,Desktop,Bengaluru,0,78,499.37,643,0,0
47.88,Food,NetBanking,POS,Chennai,1,152,404.95,1535,0,0
110.57,Electronics,NetBanking,POS,Bengaluru,0,35,181.44,124,0,0
35.33,Entertainment,Credit Card,POS,Delhi,0,69,275.85,394,0,0
80.57,Grocery,Debit Card,Desktop,Mumbai,0,140,213.85,1238,0,0
16.5,Travel,NetBanking,Mobile,Bengaluru,0,46,27.83,1189,0,0
110.7,Travel,UPI,POS,Chennai,0,126,391.55,54,0,0
63.12,Food,Debit Card,Desktop,Chennai,0,197,361.32,1990,0,0
18.26,Fashion,Credit Card,POS,Delhi,0,164,210.31,347,0,0
27.61,Food,PayPal,Mobile,Kolkata,0,85,424.49,362,1,1
110.46,Electronics,NetBanking,Mobile,Delhi,0,48,272.02,943,0,0
52.72,Fashion,UPI,Desktop,Kolkata,1,67,41.95,591,0,0
19.47,Travel,Credit Card,Mobile,Hyderabad,0,182,137.11,710,0,0
273.56,Entertainment,Debit Card,Desktop,Hyderabad,0,89,236.27,1855,0,0
100.46,Grocery,NetBanking,Desktop,Hyderabad,0,164,60.69,129,0,0
251.98,Utilities,Credit Card,Desktop,Kolkata,0,52,289.83,399,0,0
44.56,Grocery,Credit Card,Desktop,Mumbai,0,22,69.08,1646,0,0
51.56,Electronics,UPI,Mobile,Chennai,0,166,108.25,1065,0,0
182.59,Food,PayPal,Mobile,Hyderabad,0,99,448.05,749,0,0
59.56,Electronics,PayPal,Mobile,Chennai,0,190,499.91,106,0,0
98.28,Utilities,PayPal,Mobile,Delhi,0,193,279.62,616,0,1
23.25,Grocery,Debit Card,Desktop,Mumbai,0,131,313.63,1003,0,0
47.35,Utilities,Credit Card,Desktop,Delhi,0,88,400.74,711,0,0
10.54,Travel,Debit Card,Mobile,Chennai,0,136,351.11,1876,0,0
18.45,Grocery,Credit Card,POS,Pune,0,118,99.41,1401,0,0
0.08,Fashion,UPI,POS,Kolkata,0,39,211.72,1496,0,0
3.2,Entertainment,UPI,POS,Pune,0,18,272.21,720,0,0
302.77,Utilities,Debit Card,Mobile,Hyderabad,0,105,186.26,117,0,0
22.2,Entertainment,Debit Card,Desktop,Pune,0,131,96.29,494,0,0
87.09,Health,UPI,Desktop,Delhi,0,146,370.7,1830,0,0
146.16,Grocery,NetBanking,POS,Kolkata,0,80,107.43,523,0,0
64.0,Grocery,PayPal,POS,Pune,0,117,137.64,1275,0,0
13.3,Entertainment,PayPal,Desktop,Bengaluru,1,1,150.39,1568,0,0
104.19,Health,UPI,POS,Mumbai,0,117,89.27,1171,0,0
73.35,Fashion,PayPal,POS,Chennai,0,128,426.28,165,0,0
105.12,Food,NetBanking,Desktop,Kolkata,0,26,309.2,1007,0,0
117.49,Utilities,NetBanking,POS,Hyderabad,0,180,419.03,216,0,0
296.43,Utilities,Credit Card,POS,Delhi,0,12,251.93,571,0,0
68.18,Grocery,Debit Card,Mobile,Mumbai,1,38,264.59,608,0,1
33.44,Entertainment,PayPal,POS,Hyderabad,0,85,311.91,1364,0,0
83.64,Electronics,NetBanking,Mobile,Delhi,1,169,191.75,959,0,0
5.67,Grocery,Debit Card,Desktop,Pune,0,53,253.33,1432,0,0
182.15,Electronics,Debit Card,Mobile,Kolkata,0,13,277.99,840,0,0
10.17,Fashion,Credit Card,Desktop,Chennai,0,128,477.24,441,0,0
31.78,Grocery,Debit Card,Mobile,Kolkata,1,76,442.62,1474,0,1
135.31,Utilities,Debit Card,Mobile,Bengaluru,0,13,73.33,246,0,0
72.77,Entertainment,UPI,Mobile,Bengaluru,0,146,30.23,699,0,0
